file,speaker,task,stress
speech/actual/helicopt/dt/hist/break1.wav,dt,hist,2
speech/actual/helicopt/dt/hist/break2.wav,dt,hist,2
speech/actual/helicopt/dt/hist/change1.wav,dt,hist,2
speech/actual/helicopt/dt/hist/change2.wav,dt,hist,2
speech/actual/helicopt/dt/hist/degree1.wav,dt,hist,2
speech/actual/helicopt/dt/hist/degree2.wav,dt,hist,2
speech/actual/helicopt/dt/hist/destin1.wav,dt,hist,2
speech/actual/helicopt/dt/hist/destin2.wav,dt,hist,2
speech/actual/helicopt/dt/hist/east1.wav,dt,hist,2
speech/actual/helicopt/dt/hist/east2.wav,dt,hist,2
speech/actual/helicopt/dt/hist/eight1.wav,dt,hist,2
speech/actual/helicopt/dt/hist/eight2.wav,dt,hist,2
speech/actual/helicopt/dt/hist/eighty1.wav,dt,hist,2
speech/actual/helicopt/dt/hist/eighty2.wav,dt,hist,2
speech/actual/helicopt/dt/hist/enter1.wav,dt,hist,2
speech/actual/helicopt/dt/hist/enter2.wav,dt,hist,2
speech/actual/helicopt/dt/hist/fifty1.wav,dt,hist,2
speech/actual/helicopt/dt/hist/fifty2.wav,dt,hist,2
speech/actual/helicopt/dt/hist/fix1.wav,dt,hist,2
speech/actual/helicopt/dt/hist/fix2.wav,dt,hist,2
speech/actual/helicopt/dt/hist/freeze1.wav,dt,hist,2
speech/actual/helicopt/dt/hist/freeze2.wav,dt,hist,2
speech/actual/helicopt/dt/hist/gain1.wav,dt,hist,2
speech/actual/helicopt/dt/hist/gain2.wav,dt,hist,2
speech/actual/helicopt/dt/hist/go1.wav,dt,hist,2
speech/actual/helicopt/dt/hist/go2.wav,dt,hist,2
speech/actual/helicopt/dt/hist/hello1.wav,dt,hist,2
speech/actual/helicopt/dt/hist/hello2.wav,dt,hist,2
speech/actual/helicopt/dt/hist/help1.wav,dt,hist,2
speech/actual/helicopt/dt/hist/help2.wav,dt,hist,2
speech/actual/helicopt/dt/hist/histog1.wav,dt,hist,2
speech/actual/helicopt/dt/hist/histog2.wav,dt,hist,2
speech/actual/helicopt/dt/hist/hot1.wav,dt,hist,2
speech/actual/helicopt/dt/hist/hot2.wav,dt,hist,2
speech/actual/helicopt/dt/hist/mark1.wav,dt,hist,2
speech/actual/helicopt/dt/hist/mark2.wav,dt,hist,2
speech/actual/helicopt/dt/hist/nav1.wav,dt,hist,2
speech/actual/helicopt/dt/hist/nav2.wav,dt,hist,2
speech/actual/helicopt/dt/hist/no1.wav,dt,hist,2
speech/actual/helicopt/dt/hist/no2.wav,dt,hist,2
speech/actual/helicopt/dt/hist/oh1.wav,dt,hist,2
speech/actual/helicopt/dt/hist/oh2.wav,dt,hist,2
speech/actual/helicopt/dt/hist/on1.wav,dt,hist,2
speech/actual/helicopt/dt/hist/on2.wav,dt,hist,2
speech/actual/helicopt/dt/hist/out1.wav,dt,hist,2
speech/actual/helicopt/dt/hist/out2.wav,dt,hist,2
speech/actual/helicopt/dt/hist/point1.wav,dt,hist,2
speech/actual/helicopt/dt/hist/point2.wav,dt,hist,2
speech/actual/helicopt/dt/hist/six1.wav,dt,hist,2
speech/actual/helicopt/dt/hist/six2.wav,dt,hist,2
speech/actual/helicopt/dt/hist/south1.wav,dt,hist,2
speech/actual/helicopt/dt/hist/south2.wav,dt,hist,2
speech/actual/helicopt/dt/hist/stand1.wav,dt,hist,2
speech/actual/helicopt/dt/hist/stand2.wav,dt,hist,2
speech/actual/helicopt/dt/hist/steer1.wav,dt,hist,2
speech/actual/helicopt/dt/hist/steer2.wav,dt,hist,2
speech/actual/helicopt/dt/hist/strafe1.wav,dt,hist,2
speech/actual/helicopt/dt/hist/strafe2.wav,dt,hist,2
speech/actual/helicopt/dt/hist/ten1.wav,dt,hist,2
speech/actual/helicopt/dt/hist/ten2.wav,dt,hist,2
speech/actual/helicopt/dt/hist/thirty1.wav,dt,hist,2
speech/actual/helicopt/dt/hist/thirty2.wav,dt,hist,2
speech/actual/helicopt/dt/hist/three1.wav,dt,hist,2
speech/actual/helicopt/dt/hist/three2.wav,dt,hist,2
speech/actual/helicopt/dt/hist/white1.wav,dt,hist,2
speech/actual/helicopt/dt/hist/white2.wav,dt,hist,2
speech/actual/helicopt/dt/hist/wide1.wav,dt,hist,2
speech/actual/helicopt/dt/hist/wide2.wav,dt,hist,2
speech/actual/helicopt/dt/hist/zero1.wav,dt,hist,2
speech/actual/helicopt/dt/hist/zero2.wav,dt,hist,2
speech/actual/helicopt/dt/hist_oov_all/all1.wav,dt,hist_oov_all,2
speech/actual/helicopt/dt/meds_oov_all/all1.wav,dt,meds_oov_all,1
speech/actual/helicopt/dt/medst/break1.wav,dt,medst,1
speech/actual/helicopt/dt/medst/break2.wav,dt,medst,1
speech/actual/helicopt/dt/medst/change1.wav,dt,medst,1
speech/actual/helicopt/dt/medst/change2.wav,dt,medst,1
speech/actual/helicopt/dt/medst/degree1.wav,dt,medst,1
speech/actual/helicopt/dt/medst/degree2.wav,dt,medst,1
speech/actual/helicopt/dt/medst/destin1.wav,dt,medst,1
speech/actual/helicopt/dt/medst/destin2.wav,dt,medst,1
speech/actual/helicopt/dt/medst/east1.wav,dt,medst,1
speech/actual/helicopt/dt/medst/east2.wav,dt,medst,1
speech/actual/helicopt/dt/medst/eight1.wav,dt,medst,1
speech/actual/helicopt/dt/medst/eight2.wav,dt,medst,1
speech/actual/helicopt/dt/medst/eighty1.wav,dt,medst,1
speech/actual/helicopt/dt/medst/eighty2.wav,dt,medst,1
speech/actual/helicopt/dt/medst/enter1.wav,dt,medst,1
speech/actual/helicopt/dt/medst/enter2.wav,dt,medst,1
speech/actual/helicopt/dt/medst/fifty1.wav,dt,medst,1
speech/actual/helicopt/dt/medst/fifty2.wav,dt,medst,1
speech/actual/helicopt/dt/medst/fix1.wav,dt,medst,1
speech/actual/helicopt/dt/medst/fix2.wav,dt,medst,1
speech/actual/helicopt/dt/medst/freeze1.wav,dt,medst,1
speech/actual/helicopt/dt/medst/freeze2.wav,dt,medst,1
speech/actual/helicopt/dt/medst/gain1.wav,dt,medst,1
speech/actual/helicopt/dt/medst/gain2.wav,dt,medst,1
speech/actual/helicopt/dt/medst/go1.wav,dt,medst,1
speech/actual/helicopt/dt/medst/go2.wav,dt,medst,1
speech/actual/helicopt/dt/medst/hello1.wav,dt,medst,1
speech/actual/helicopt/dt/medst/hello2.wav,dt,medst,1
speech/actual/helicopt/dt/medst/help1.wav,dt,medst,1
speech/actual/helicopt/dt/medst/help2.wav,dt,medst,1
speech/actual/helicopt/dt/medst/histog1.wav,dt,medst,1
speech/actual/helicopt/dt/medst/histog2.wav,dt,medst,1
speech/actual/helicopt/dt/medst/hot1.wav,dt,medst,1
speech/actual/helicopt/dt/medst/hot2.wav,dt,medst,1
speech/actual/helicopt/dt/medst/mark1.wav,dt,medst,1
speech/actual/helicopt/dt/medst/mark2.wav,dt,medst,1
speech/actual/helicopt/dt/medst/nav1.wav,dt,medst,1
speech/actual/helicopt/dt/medst/nav2.wav,dt,medst,1
speech/actual/helicopt/dt/medst/no1.wav,dt,medst,1
speech/actual/helicopt/dt/medst/no2.wav,dt,medst,1
speech/actual/helicopt/dt/medst/oh1.wav,dt,medst,1
speech/actual/helicopt/dt/medst/oh2.wav,dt,medst,1
speech/actual/helicopt/dt/medst/on1.wav,dt,medst,1
speech/actual/helicopt/dt/medst/on2.wav,dt,medst,1
speech/actual/helicopt/dt/medst/out1.wav,dt,medst,1
speech/actual/helicopt/dt/medst/out2.wav,dt,medst,1
speech/actual/helicopt/dt/medst/point1.wav,dt,medst,1
speech/actual/helicopt/dt/medst/point2.wav,dt,medst,1
speech/actual/helicopt/dt/medst/six1.wav,dt,medst,1
speech/actual/helicopt/dt/medst/six2.wav,dt,medst,1
speech/actual/helicopt/dt/medst/south1.wav,dt,medst,1
speech/actual/helicopt/dt/medst/south2.wav,dt,medst,1
speech/actual/helicopt/dt/medst/stand1.wav,dt,medst,1
speech/actual/helicopt/dt/medst/stand2.wav,dt,medst,1
speech/actual/helicopt/dt/medst/steer1.wav,dt,medst,1
speech/actual/helicopt/dt/medst/steer2.wav,dt,medst,1
speech/actual/helicopt/dt/medst/strafe1.wav,dt,medst,1
speech/actual/helicopt/dt/medst/strafe2.wav,dt,medst,1
speech/actual/helicopt/dt/medst/ten1.wav,dt,medst,1
speech/actual/helicopt/dt/medst/ten2.wav,dt,medst,1
speech/actual/helicopt/dt/medst/thirty1.wav,dt,medst,1
speech/actual/helicopt/dt/medst/thirty2.wav,dt,medst,1
speech/actual/helicopt/dt/medst/three1.wav,dt,medst,1
speech/actual/helicopt/dt/medst/three2.wav,dt,medst,1
speech/actual/helicopt/dt/medst/white1.wav,dt,medst,1
speech/actual/helicopt/dt/medst/white2.wav,dt,medst,1
speech/actual/helicopt/dt/medst/wide1.wav,dt,medst,1
speech/actual/helicopt/dt/medst/wide2.wav,dt,medst,1
speech/actual/helicopt/dt/medst/zero1.wav,dt,medst,1
speech/actual/helicopt/dt/medst/zero2.wav,dt,medst,1
speech/actual/helicopt/rs/hist/break1.wav,rs,hist,2
speech/actual/helicopt/rs/hist/break2.wav,rs,hist,2
speech/actual/helicopt/rs/hist/change1.wav,rs,hist,2
speech/actual/helicopt/rs/hist/change2.wav,rs,hist,2
speech/actual/helicopt/rs/hist/degree1.wav,rs,hist,2
speech/actual/helicopt/rs/hist/degree2.wav,rs,hist,2
speech/actual/helicopt/rs/hist/destin1.wav,rs,hist,2
speech/actual/helicopt/rs/hist/destin2.wav,rs,hist,2
speech/actual/helicopt/rs/hist/east1.wav,rs,hist,2
speech/actual/helicopt/rs/hist/east2.wav,rs,hist,2
speech/actual/helicopt/rs/hist/eight1.wav,rs,hist,2
speech/actual/helicopt/rs/hist/eight2.wav,rs,hist,2
speech/actual/helicopt/rs/hist/eighty1.wav,rs,hist,2
speech/actual/helicopt/rs/hist/eighty2.wav,rs,hist,2
speech/actual/helicopt/rs/hist/enter1.wav,rs,hist,2
speech/actual/helicopt/rs/hist/enter2.wav,rs,hist,2
speech/actual/helicopt/rs/hist/fifty1.wav,rs,hist,2
speech/actual/helicopt/rs/hist/fifty2.wav,rs,hist,2
speech/actual/helicopt/rs/hist/fix1.wav,rs,hist,2
speech/actual/helicopt/rs/hist/fix2.wav,rs,hist,2
speech/actual/helicopt/rs/hist/freeze1.wav,rs,hist,2
speech/actual/helicopt/rs/hist/freeze2.wav,rs,hist,2
speech/actual/helicopt/rs/hist/gain1.wav,rs,hist,2
speech/actual/helicopt/rs/hist/gain2.wav,rs,hist,2
speech/actual/helicopt/rs/hist/go1.wav,rs,hist,2
speech/actual/helicopt/rs/hist/go2.wav,rs,hist,2
speech/actual/helicopt/rs/hist/hello1.wav,rs,hist,2
speech/actual/helicopt/rs/hist/hello2.wav,rs,hist,2
speech/actual/helicopt/rs/hist/help1.wav,rs,hist,2
speech/actual/helicopt/rs/hist/help2.wav,rs,hist,2
speech/actual/helicopt/rs/hist/histog1.wav,rs,hist,2
speech/actual/helicopt/rs/hist/histog2.wav,rs,hist,2
speech/actual/helicopt/rs/hist/hot1.wav,rs,hist,2
speech/actual/helicopt/rs/hist/hot2.wav,rs,hist,2
speech/actual/helicopt/rs/hist/mark1.wav,rs,hist,2
speech/actual/helicopt/rs/hist/mark2.wav,rs,hist,2
speech/actual/helicopt/rs/hist/nav1.wav,rs,hist,2
speech/actual/helicopt/rs/hist/nav2.wav,rs,hist,2
speech/actual/helicopt/rs/hist/no1.wav,rs,hist,2
speech/actual/helicopt/rs/hist/no2.wav,rs,hist,2
speech/actual/helicopt/rs/hist/oh1.wav,rs,hist,2
speech/actual/helicopt/rs/hist/oh2.wav,rs,hist,2
speech/actual/helicopt/rs/hist/on1.wav,rs,hist,2
speech/actual/helicopt/rs/hist/on2.wav,rs,hist,2
speech/actual/helicopt/rs/hist/out1.wav,rs,hist,2
speech/actual/helicopt/rs/hist/out2.wav,rs,hist,2
speech/actual/helicopt/rs/hist/point1.wav,rs,hist,2
speech/actual/helicopt/rs/hist/point2.wav,rs,hist,2
speech/actual/helicopt/rs/hist/six1.wav,rs,hist,2
speech/actual/helicopt/rs/hist/six2.wav,rs,hist,2
speech/actual/helicopt/rs/hist/south1.wav,rs,hist,2
speech/actual/helicopt/rs/hist/south2.wav,rs,hist,2
speech/actual/helicopt/rs/hist/stand1.wav,rs,hist,2
speech/actual/helicopt/rs/hist/stand2.wav,rs,hist,2
speech/actual/helicopt/rs/hist/steer1.wav,rs,hist,2
speech/actual/helicopt/rs/hist/steer2.wav,rs,hist,2
speech/actual/helicopt/rs/hist/strafe1.wav,rs,hist,2
speech/actual/helicopt/rs/hist/strafe2.wav,rs,hist,2
speech/actual/helicopt/rs/hist/ten1.wav,rs,hist,2
speech/actual/helicopt/rs/hist/ten2.wav,rs,hist,2
speech/actual/helicopt/rs/hist/thirty1.wav,rs,hist,2
speech/actual/helicopt/rs/hist/thirty2.wav,rs,hist,2
speech/actual/helicopt/rs/hist/three1.wav,rs,hist,2
speech/actual/helicopt/rs/hist/three2.wav,rs,hist,2
speech/actual/helicopt/rs/hist/white1.wav,rs,hist,2
speech/actual/helicopt/rs/hist/white2.wav,rs,hist,2
speech/actual/helicopt/rs/hist/wide1.wav,rs,hist,2
speech/actual/helicopt/rs/hist/wide2.wav,rs,hist,2
speech/actual/helicopt/rs/hist/zero1.wav,rs,hist,2
speech/actual/helicopt/rs/hist/zero2.wav,rs,hist,2
speech/actual/helicopt/rs/hist_oov_all/all1.wav,rs,hist_oov_all,2
speech/actual/helicopt/rs/meds_oov_all/all1.wav,rs,meds_oov_all,1
speech/actual/helicopt/rs/medst/break1.wav,rs,medst,1
speech/actual/helicopt/rs/medst/break2.wav,rs,medst,1
speech/actual/helicopt/rs/medst/change1.wav,rs,medst,1
speech/actual/helicopt/rs/medst/change2.wav,rs,medst,1
speech/actual/helicopt/rs/medst/degree1.wav,rs,medst,1
speech/actual/helicopt/rs/medst/degree2.wav,rs,medst,1
speech/actual/helicopt/rs/medst/destin1.wav,rs,medst,1
speech/actual/helicopt/rs/medst/destin2.wav,rs,medst,1
speech/actual/helicopt/rs/medst/east1.wav,rs,medst,1
speech/actual/helicopt/rs/medst/east2.wav,rs,medst,1
speech/actual/helicopt/rs/medst/eight1.wav,rs,medst,1
speech/actual/helicopt/rs/medst/eight2.wav,rs,medst,1
speech/actual/helicopt/rs/medst/eighty1.wav,rs,medst,1
speech/actual/helicopt/rs/medst/eighty2.wav,rs,medst,1
speech/actual/helicopt/rs/medst/enter1.wav,rs,medst,1
speech/actual/helicopt/rs/medst/enter2.wav,rs,medst,1
speech/actual/helicopt/rs/medst/fifty1.wav,rs,medst,1
speech/actual/helicopt/rs/medst/fifty2.wav,rs,medst,1
speech/actual/helicopt/rs/medst/fix1.wav,rs,medst,1
speech/actual/helicopt/rs/medst/fix2.wav,rs,medst,1
speech/actual/helicopt/rs/medst/freeze1.wav,rs,medst,1
speech/actual/helicopt/rs/medst/freeze2.wav,rs,medst,1
speech/actual/helicopt/rs/medst/gain1.wav,rs,medst,1
speech/actual/helicopt/rs/medst/gain2.wav,rs,medst,1
speech/actual/helicopt/rs/medst/go1.wav,rs,medst,1
speech/actual/helicopt/rs/medst/go2.wav,rs,medst,1
speech/actual/helicopt/rs/medst/hello1.wav,rs,medst,1
speech/actual/helicopt/rs/medst/hello2.wav,rs,medst,1
speech/actual/helicopt/rs/medst/help1.wav,rs,medst,1
speech/actual/helicopt/rs/medst/help2.wav,rs,medst,1
speech/actual/helicopt/rs/medst/histog1.wav,rs,medst,1
speech/actual/helicopt/rs/medst/histog2.wav,rs,medst,1
speech/actual/helicopt/rs/medst/hot1.wav,rs,medst,1
speech/actual/helicopt/rs/medst/hot2.wav,rs,medst,1
speech/actual/helicopt/rs/medst/mark1.wav,rs,medst,1
speech/actual/helicopt/rs/medst/mark2.wav,rs,medst,1
speech/actual/helicopt/rs/medst/nav1.wav,rs,medst,1
speech/actual/helicopt/rs/medst/nav2.wav,rs,medst,1
speech/actual/helicopt/rs/medst/no1.wav,rs,medst,1
speech/actual/helicopt/rs/medst/no2.wav,rs,medst,1
speech/actual/helicopt/rs/medst/oh1.wav,rs,medst,1
speech/actual/helicopt/rs/medst/oh2.wav,rs,medst,1
speech/actual/helicopt/rs/medst/on1.wav,rs,medst,1
speech/actual/helicopt/rs/medst/on2.wav,rs,medst,1
speech/actual/helicopt/rs/medst/out1.wav,rs,medst,1
speech/actual/helicopt/rs/medst/out2.wav,rs,medst,1
speech/actual/helicopt/rs/medst/point1.wav,rs,medst,1
speech/actual/helicopt/rs/medst/point2.wav,rs,medst,1
speech/actual/helicopt/rs/medst/six1.wav,rs,medst,1
speech/actual/helicopt/rs/medst/six2.wav,rs,medst,1
speech/actual/helicopt/rs/medst/south1.wav,rs,medst,1
speech/actual/helicopt/rs/medst/south2.wav,rs,medst,1
speech/actual/helicopt/rs/medst/stand1.wav,rs,medst,1
speech/actual/helicopt/rs/medst/stand2.wav,rs,medst,1
speech/actual/helicopt/rs/medst/steer1.wav,rs,medst,1
speech/actual/helicopt/rs/medst/steer2.wav,rs,medst,1
speech/actual/helicopt/rs/medst/strafe1.wav,rs,medst,1
speech/actual/helicopt/rs/medst/strafe2.wav,rs,medst,1
speech/actual/helicopt/rs/medst/ten1.wav,rs,medst,1
speech/actual/helicopt/rs/medst/ten2.wav,rs,medst,1
speech/actual/helicopt/rs/medst/thirty1.wav,rs,medst,1
speech/actual/helicopt/rs/medst/thirty2.wav,rs,medst,1
speech/actual/helicopt/rs/medst/three1.wav,rs,medst,1
speech/actual/helicopt/rs/medst/three2.wav,rs,medst,1
speech/actual/helicopt/rs/medst/white1.wav,rs,medst,1
speech/actual/helicopt/rs/medst/white2.wav,rs,medst,1
speech/actual/helicopt/rs/medst/wide1.wav,rs,medst,1
speech/actual/helicopt/rs/medst/wide2.wav,rs,medst,1
speech/actual/helicopt/rs/medst/zero1.wav,rs,medst,1
speech/actual/helicopt/rs/medst/zero2.wav,rs,medst,1
speech/actual/roller/f1/free_oov_all/all1.wav,f1,free_oov_all,2
speech/actual/roller/f1/freefall/freeze1.wav,f1,freefall,2
speech/actual/roller/f1/freefall/freeze2.wav,f1,freefall,2
speech/actual/roller/f1/freefall/go1.wav,f1,freefall,2
speech/actual/roller/f1/freefall/hello1.wav,f1,freefall,2
speech/actual/roller/f1/freefall/south1.wav,f1,freefall,2
speech/actual/roller/f1/hist/break1.wav,f1,hist,2
speech/actual/roller/f1/hist/break2.wav,f1,hist,2
speech/actual/roller/f1/hist/change1.wav,f1,hist,2
speech/actual/roller/f1/hist/change2.wav,f1,hist,2
speech/actual/roller/f1/hist/change3.wav,f1,hist,2
speech/actual/roller/f1/hist/change4.wav,f1,hist,2
speech/actual/roller/f1/hist/change5.wav,f1,hist,2
speech/actual/roller/f1/hist/change6.wav,f1,hist,2
speech/actual/roller/f1/hist/degree1.wav,f1,hist,2
speech/actual/roller/f1/hist/degree2.wav,f1,hist,2
speech/actual/roller/f1/hist/degree3.wav,f1,hist,2
speech/actual/roller/f1/hist/degree4.wav,f1,hist,2
speech/actual/roller/f1/hist/degree5.wav,f1,hist,2
speech/actual/roller/f1/hist/degree6.wav,f1,hist,2
speech/actual/roller/f1/hist/destin1.wav,f1,hist,2
speech/actual/roller/f1/hist/destin2.wav,f1,hist,2
speech/actual/roller/f1/hist/destin3.wav,f1,hist,2
speech/actual/roller/f1/hist/destin4.wav,f1,hist,2
speech/actual/roller/f1/hist/destin5.wav,f1,hist,2
speech/actual/roller/f1/hist/destin6.wav,f1,hist,2
speech/actual/roller/f1/hist/east1.wav,f1,hist,2
speech/actual/roller/f1/hist/east2.wav,f1,hist,2
speech/actual/roller/f1/hist/east3.wav,f1,hist,2
speech/actual/roller/f1/hist/east4.wav,f1,hist,2
speech/actual/roller/f1/hist/east5.wav,f1,hist,2
speech/actual/roller/f1/hist/east6.wav,f1,hist,2
speech/actual/roller/f1/hist/eight1.wav,f1,hist,2
speech/actual/roller/f1/hist/eight2.wav,f1,hist,2
speech/actual/roller/f1/hist/eight3.wav,f1,hist,2
speech/actual/roller/f1/hist/eighty1.wav,f1,hist,2
speech/actual/roller/f1/hist/eighty2.wav,f1,hist,2
speech/actual/roller/f1/hist/eighty3.wav,f1,hist,2
speech/actual/roller/f1/hist/eighty4.wav,f1,hist,2
speech/actual/roller/f1/hist/eighty5.wav,f1,hist,2
speech/actual/roller/f1/hist/eighty6.wav,f1,hist,2
speech/actual/roller/f1/hist/enter1.wav,f1,hist,2
speech/actual/roller/f1/hist/enter2.wav,f1,hist,2
speech/actual/roller/f1/hist/enter3.wav,f1,hist,2
speech/actual/roller/f1/hist/fifty1.wav,f1,hist,2
speech/actual/roller/f1/hist/fifty2.wav,f1,hist,2
speech/actual/roller/f1/hist/fifty3.wav,f1,hist,2
speech/actual/roller/f1/hist/fifty4.wav,f1,hist,2
speech/actual/roller/f1/hist/fifty5.wav,f1,hist,2
speech/actual/roller/f1/hist/fifty6.wav,f1,hist,2
speech/actual/roller/f1/hist/fix1.wav,f1,hist,2
speech/actual/roller/f1/hist/fix2.wav,f1,hist,2
speech/actual/roller/f1/hist/fix3.wav,f1,hist,2
speech/actual/roller/f1/hist/fix4.wav,f1,hist,2
speech/actual/roller/f1/hist/fix5.wav,f1,hist,2
speech/actual/roller/f1/hist/fix6.wav,f1,hist,2
speech/actual/roller/f1/hist/fix7.wav,f1,hist,2
speech/actual/roller/f1/hist/fix8.wav,f1,hist,2
speech/actual/roller/f1/hist/freeze1.wav,f1,hist,2
speech/actual/roller/f1/hist/freeze2.wav,f1,hist,2
speech/actual/roller/f1/hist/freeze3.wav,f1,hist,2
speech/actual/roller/f1/hist/freeze4.wav,f1,hist,2
speech/actual/roller/f1/hist/freeze5.wav,f1,hist,2
speech/actual/roller/f1/hist/freeze6.wav,f1,hist,2
speech/actual/roller/f1/hist/freeze7.wav,f1,hist,2
speech/actual/roller/f1/hist/freeze8.wav,f1,hist,2
speech/actual/roller/f1/hist/freeze9.wav,f1,hist,2
speech/actual/roller/f1/hist/gain1.wav,f1,hist,2
speech/actual/roller/f1/hist/gain2.wav,f1,hist,2
speech/actual/roller/f1/hist/gain3.wav,f1,hist,2
speech/actual/roller/f1/hist/gain4.wav,f1,hist,2
speech/actual/roller/f1/hist/gain5.wav,f1,hist,2
speech/actual/roller/f1/hist/gain6.wav,f1,hist,2
speech/actual/roller/f1/hist/go1.wav,f1,hist,2
speech/actual/roller/f1/hist/go2.wav,f1,hist,2
speech/actual/roller/f1/hist/hello1.wav,f1,hist,2
speech/actual/roller/f1/hist/hello2.wav,f1,hist,2
speech/actual/roller/f1/hist/hello3.wav,f1,hist,2
speech/actual/roller/f1/hist/hello4.wav,f1,hist,2
speech/actual/roller/f1/hist/hello5.wav,f1,hist,2
speech/actual/roller/f1/hist/help1.wav,f1,hist,2
speech/actual/roller/f1/hist/help2.wav,f1,hist,2
speech/actual/roller/f1/hist/help3.wav,f1,hist,2
speech/actual/roller/f1/hist/histog1.wav,f1,hist,2
speech/actual/roller/f1/hist/histog2.wav,f1,hist,2
speech/actual/roller/f1/hist/histog3.wav,f1,hist,2
speech/actual/roller/f1/hist/histog4.wav,f1,hist,2
speech/actual/roller/f1/hist/histog5.wav,f1,hist,2
speech/actual/roller/f1/hist/histog6.wav,f1,hist,2
speech/actual/roller/f1/hist/histog7.wav,f1,hist,2
speech/actual/roller/f1/hist/histog8.wav,f1,hist,2
speech/actual/roller/f1/hist/histog9.wav,f1,hist,2
speech/actual/roller/f1/hist/hot1.wav,f1,hist,2
speech/actual/roller/f1/hist/hot2.wav,f1,hist,2
speech/actual/roller/f1/hist/hot3.wav,f1,hist,2
speech/actual/roller/f1/hist/hot4.wav,f1,hist,2
speech/actual/roller/f1/hist/hot5.wav,f1,hist,2
speech/actual/roller/f1/hist/mark1.wav,f1,hist,2
speech/actual/roller/f1/hist/mark2.wav,f1,hist,2
speech/actual/roller/f1/hist/mark3.wav,f1,hist,2
speech/actual/roller/f1/hist/mark4.wav,f1,hist,2
speech/actual/roller/f1/hist/mark5.wav,f1,hist,2
speech/actual/roller/f1/hist/nav1.wav,f1,hist,2
speech/actual/roller/f1/hist/nav2.wav,f1,hist,2
speech/actual/roller/f1/hist/nav3.wav,f1,hist,2
speech/actual/roller/f1/hist/no1.wav,f1,hist,2
speech/actual/roller/f1/hist/no2.wav,f1,hist,2
speech/actual/roller/f1/hist/no3.wav,f1,hist,2
speech/actual/roller/f1/hist/no4.wav,f1,hist,2
speech/actual/roller/f1/hist/no5.wav,f1,hist,2
speech/actual/roller/f1/hist/no6.wav,f1,hist,2
speech/actual/roller/f1/hist/no7.wav,f1,hist,2
speech/actual/roller/f1/hist/oh1.wav,f1,hist,2
speech/actual/roller/f1/hist/oh2.wav,f1,hist,2
speech/actual/roller/f1/hist/oh3.wav,f1,hist,2
speech/actual/roller/f1/hist/oh4.wav,f1,hist,2
speech/actual/roller/f1/hist/oh5.wav,f1,hist,2
speech/actual/roller/f1/hist/oh6.wav,f1,hist,2
speech/actual/roller/f1/hist/on1.wav,f1,hist,2
speech/actual/roller/f1/hist/on2.wav,f1,hist,2
speech/actual/roller/f1/hist/on3.wav,f1,hist,2
speech/actual/roller/f1/hist/on4.wav,f1,hist,2
speech/actual/roller/f1/hist/on5.wav,f1,hist,2
speech/actual/roller/f1/hist/on6.wav,f1,hist,2
speech/actual/roller/f1/hist/out1.wav,f1,hist,2
speech/actual/roller/f1/hist/out2.wav,f1,hist,2
speech/actual/roller/f1/hist/out3.wav,f1,hist,2
speech/actual/roller/f1/hist/out4.wav,f1,hist,2
speech/actual/roller/f1/hist/out5.wav,f1,hist,2
speech/actual/roller/f1/hist/out6.wav,f1,hist,2
speech/actual/roller/f1/hist/point1.wav,f1,hist,2
speech/actual/roller/f1/hist/point2.wav,f1,hist,2
speech/actual/roller/f1/hist/point3.wav,f1,hist,2
speech/actual/roller/f1/hist/point4.wav,f1,hist,2
speech/actual/roller/f1/hist/point5.wav,f1,hist,2
speech/actual/roller/f1/hist/point6.wav,f1,hist,2
speech/actual/roller/f1/hist/six1.wav,f1,hist,2
speech/actual/roller/f1/hist/six2.wav,f1,hist,2
speech/actual/roller/f1/hist/six3.wav,f1,hist,2
speech/actual/roller/f1/hist/south1.wav,f1,hist,2
speech/actual/roller/f1/hist/south2.wav,f1,hist,2
speech/actual/roller/f1/hist/south3.wav,f1,hist,2
speech/actual/roller/f1/hist/south4.wav,f1,hist,2
speech/actual/roller/f1/hist/south5.wav,f1,hist,2
speech/actual/roller/f1/hist/south6.wav,f1,hist,2
speech/actual/roller/f1/hist/stand1.wav,f1,hist,2
speech/actual/roller/f1/hist/stand2.wav,f1,hist,2
speech/actual/roller/f1/hist/stand3.wav,f1,hist,2
speech/actual/roller/f1/hist/stand4.wav,f1,hist,2
speech/actual/roller/f1/hist/stand5.wav,f1,hist,2
speech/actual/roller/f1/hist/stand6.wav,f1,hist,2
speech/actual/roller/f1/hist/steer1.wav,f1,hist,2
speech/actual/roller/f1/hist/steer2.wav,f1,hist,2
speech/actual/roller/f1/hist/steer3.wav,f1,hist,2
speech/actual/roller/f1/hist/steer4.wav,f1,hist,2
speech/actual/roller/f1/hist/steer5.wav,f1,hist,2
speech/actual/roller/f1/hist/strafe1.wav,f1,hist,2
speech/actual/roller/f1/hist/strafe2.wav,f1,hist,2
speech/actual/roller/f1/hist/strafe3.wav,f1,hist,2
speech/actual/roller/f1/hist/ten1.wav,f1,hist,2
speech/actual/roller/f1/hist/ten2.wav,f1,hist,2
speech/actual/roller/f1/hist/ten3.wav,f1,hist,2
speech/actual/roller/f1/hist/thirty1.wav,f1,hist,2
speech/actual/roller/f1/hist/thirty2.wav,f1,hist,2
speech/actual/roller/f1/hist/thirty3.wav,f1,hist,2
speech/actual/roller/f1/hist/thirty4.wav,f1,hist,2
speech/actual/roller/f1/hist/thirty5.wav,f1,hist,2
speech/actual/roller/f1/hist/thirty6.wav,f1,hist,2
speech/actual/roller/f1/hist/three1.wav,f1,hist,2
speech/actual/roller/f1/hist/three2.wav,f1,hist,2
speech/actual/roller/f1/hist/three3.wav,f1,hist,2
speech/actual/roller/f1/hist/three4.wav,f1,hist,2
speech/actual/roller/f1/hist/three5.wav,f1,hist,2
speech/actual/roller/f1/hist/three6.wav,f1,hist,2
speech/actual/roller/f1/hist/white1.wav,f1,hist,2
speech/actual/roller/f1/hist/white2.wav,f1,hist,2
speech/actual/roller/f1/hist/white3.wav,f1,hist,2
speech/actual/roller/f1/hist/wide1.wav,f1,hist,2
speech/actual/roller/f1/hist/wide2.wav,f1,hist,2
speech/actual/roller/f1/hist/zero1.wav,f1,hist,2
speech/actual/roller/f1/hist/zero2.wav,f1,hist,2
speech/actual/roller/f1/hist/zero3.wav,f1,hist,2
speech/actual/roller/f1/hist_oov_all/silence1.wav,f1,hist_oov_all,2
speech/actual/roller/f1/meds_oov_all/silence1.wav,f1,meds_oov_all,1
speech/actual/roller/f1/medst/break1.wav,f1,medst,1
speech/actual/roller/f1/medst/break2.wav,f1,medst,1
speech/actual/roller/f1/medst/change1.wav,f1,medst,1
speech/actual/roller/f1/medst/change2.wav,f1,medst,1
speech/actual/roller/f1/medst/change3.wav,f1,medst,1
speech/actual/roller/f1/medst/change4.wav,f1,medst,1
speech/actual/roller/f1/medst/change5.wav,f1,medst,1
speech/actual/roller/f1/medst/change6.wav,f1,medst,1
speech/actual/roller/f1/medst/degree1.wav,f1,medst,1
speech/actual/roller/f1/medst/degree2.wav,f1,medst,1
speech/actual/roller/f1/medst/degree3.wav,f1,medst,1
speech/actual/roller/f1/medst/degree4.wav,f1,medst,1
speech/actual/roller/f1/medst/degree5.wav,f1,medst,1
speech/actual/roller/f1/medst/degree6.wav,f1,medst,1
speech/actual/roller/f1/medst/destin1.wav,f1,medst,1
speech/actual/roller/f1/medst/destin2.wav,f1,medst,1
speech/actual/roller/f1/medst/destin3.wav,f1,medst,1
speech/actual/roller/f1/medst/destin4.wav,f1,medst,1
speech/actual/roller/f1/medst/destin5.wav,f1,medst,1
speech/actual/roller/f1/medst/destin6.wav,f1,medst,1
speech/actual/roller/f1/medst/east1.wav,f1,medst,1
speech/actual/roller/f1/medst/east2.wav,f1,medst,1
speech/actual/roller/f1/medst/east3.wav,f1,medst,1
speech/actual/roller/f1/medst/east4.wav,f1,medst,1
speech/actual/roller/f1/medst/east5.wav,f1,medst,1
speech/actual/roller/f1/medst/east6.wav,f1,medst,1
speech/actual/roller/f1/medst/eight1.wav,f1,medst,1
speech/actual/roller/f1/medst/eight2.wav,f1,medst,1
speech/actual/roller/f1/medst/eight3.wav,f1,medst,1
speech/actual/roller/f1/medst/eighty1.wav,f1,medst,1
speech/actual/roller/f1/medst/eighty2.wav,f1,medst,1
speech/actual/roller/f1/medst/eighty3.wav,f1,medst,1
speech/actual/roller/f1/medst/eighty4.wav,f1,medst,1
speech/actual/roller/f1/medst/eighty5.wav,f1,medst,1
speech/actual/roller/f1/medst/eighty6.wav,f1,medst,1
speech/actual/roller/f1/medst/enter1.wav,f1,medst,1
speech/actual/roller/f1/medst/enter2.wav,f1,medst,1
speech/actual/roller/f1/medst/fifty1.wav,f1,medst,1
speech/actual/roller/f1/medst/fifty2.wav,f1,medst,1
speech/actual/roller/f1/medst/fifty3.wav,f1,medst,1
speech/actual/roller/f1/medst/fifty4.wav,f1,medst,1
speech/actual/roller/f1/medst/fifty5.wav,f1,medst,1
speech/actual/roller/f1/medst/fifty6.wav,f1,medst,1
speech/actual/roller/f1/medst/fix1.wav,f1,medst,1
speech/actual/roller/f1/medst/fix2.wav,f1,medst,1
speech/actual/roller/f1/medst/fix3.wav,f1,medst,1
speech/actual/roller/f1/medst/fix4.wav,f1,medst,1
speech/actual/roller/f1/medst/fix5.wav,f1,medst,1
speech/actual/roller/f1/medst/fix6.wav,f1,medst,1
speech/actual/roller/f1/medst/freeze1.wav,f1,medst,1
speech/actual/roller/f1/medst/freeze10.wav,f1,medst,1
speech/actual/roller/f1/medst/freeze2.wav,f1,medst,1
speech/actual/roller/f1/medst/freeze3.wav,f1,medst,1
speech/actual/roller/f1/medst/freeze4.wav,f1,medst,1
speech/actual/roller/f1/medst/freeze5.wav,f1,medst,1
speech/actual/roller/f1/medst/freeze6.wav,f1,medst,1
speech/actual/roller/f1/medst/freeze7.wav,f1,medst,1
speech/actual/roller/f1/medst/freeze8.wav,f1,medst,1
speech/actual/roller/f1/medst/freeze9.wav,f1,medst,1
speech/actual/roller/f1/medst/gain1.wav,f1,medst,1
speech/actual/roller/f1/medst/gain2.wav,f1,medst,1
speech/actual/roller/f1/medst/gain3.wav,f1,medst,1
speech/actual/roller/f1/medst/gain4.wav,f1,medst,1
speech/actual/roller/f1/medst/gain5.wav,f1,medst,1
speech/actual/roller/f1/medst/gain6.wav,f1,medst,1
speech/actual/roller/f1/medst/go1.wav,f1,medst,1
speech/actual/roller/f1/medst/go2.wav,f1,medst,1
speech/actual/roller/f1/medst/hello1.wav,f1,medst,1
speech/actual/roller/f1/medst/hello2.wav,f1,medst,1
speech/actual/roller/f1/medst/hello3.wav,f1,medst,1
speech/actual/roller/f1/medst/hello4.wav,f1,medst,1
speech/actual/roller/f1/medst/hello5.wav,f1,medst,1
speech/actual/roller/f1/medst/hello6.wav,f1,medst,1
speech/actual/roller/f1/medst/help1.wav,f1,medst,1
speech/actual/roller/f1/medst/help2.wav,f1,medst,1
speech/actual/roller/f1/medst/help3.wav,f1,medst,1
speech/actual/roller/f1/medst/histog1.wav,f1,medst,1
speech/actual/roller/f1/medst/histog2.wav,f1,medst,1
speech/actual/roller/f1/medst/histog3.wav,f1,medst,1
speech/actual/roller/f1/medst/histog4.wav,f1,medst,1
speech/actual/roller/f1/medst/histog5.wav,f1,medst,1
speech/actual/roller/f1/medst/histog6.wav,f1,medst,1
speech/actual/roller/f1/medst/histog7.wav,f1,medst,1
speech/actual/roller/f1/medst/histog8.wav,f1,medst,1
speech/actual/roller/f1/medst/histog9.wav,f1,medst,1
speech/actual/roller/f1/medst/hot1.wav,f1,medst,1
speech/actual/roller/f1/medst/hot2.wav,f1,medst,1
speech/actual/roller/f1/medst/hot3.wav,f1,medst,1
speech/actual/roller/f1/medst/hot4.wav,f1,medst,1
speech/actual/roller/f1/medst/hot5.wav,f1,medst,1
speech/actual/roller/f1/medst/hot6.wav,f1,medst,1
speech/actual/roller/f1/medst/mark1.wav,f1,medst,1
speech/actual/roller/f1/medst/mark2.wav,f1,medst,1
speech/actual/roller/f1/medst/mark3.wav,f1,medst,1
speech/actual/roller/f1/medst/mark4.wav,f1,medst,1
speech/actual/roller/f1/medst/mark5.wav,f1,medst,1
speech/actual/roller/f1/medst/nav1.wav,f1,medst,1
speech/actual/roller/f1/medst/nav2.wav,f1,medst,1
speech/actual/roller/f1/medst/no1.wav,f1,medst,1
speech/actual/roller/f1/medst/no2.wav,f1,medst,1
speech/actual/roller/f1/medst/no3.wav,f1,medst,1
speech/actual/roller/f1/medst/no4.wav,f1,medst,1
speech/actual/roller/f1/medst/no5.wav,f1,medst,1
speech/actual/roller/f1/medst/oh1.wav,f1,medst,1
speech/actual/roller/f1/medst/oh2.wav,f1,medst,1
speech/actual/roller/f1/medst/oh3.wav,f1,medst,1
speech/actual/roller/f1/medst/oh4.wav,f1,medst,1
speech/actual/roller/f1/medst/oh5.wav,f1,medst,1
speech/actual/roller/f1/medst/on1.wav,f1,medst,1
speech/actual/roller/f1/medst/on2.wav,f1,medst,1
speech/actual/roller/f1/medst/on3.wav,f1,medst,1
speech/actual/roller/f1/medst/on4.wav,f1,medst,1
speech/actual/roller/f1/medst/on5.wav,f1,medst,1
speech/actual/roller/f1/medst/on6.wav,f1,medst,1
speech/actual/roller/f1/medst/out1.wav,f1,medst,1
speech/actual/roller/f1/medst/out2.wav,f1,medst,1
speech/actual/roller/f1/medst/out3.wav,f1,medst,1
speech/actual/roller/f1/medst/out4.wav,f1,medst,1
speech/actual/roller/f1/medst/point1.wav,f1,medst,1
speech/actual/roller/f1/medst/point2.wav,f1,medst,1
speech/actual/roller/f1/medst/point3.wav,f1,medst,1
speech/actual/roller/f1/medst/point4.wav,f1,medst,1
speech/actual/roller/f1/medst/point5.wav,f1,medst,1
speech/actual/roller/f1/medst/point6.wav,f1,medst,1
speech/actual/roller/f1/medst/six1.wav,f1,medst,1
speech/actual/roller/f1/medst/six2.wav,f1,medst,1
speech/actual/roller/f1/medst/six3.wav,f1,medst,1
speech/actual/roller/f1/medst/six4.wav,f1,medst,1
speech/actual/roller/f1/medst/six5.wav,f1,medst,1
speech/actual/roller/f1/medst/south1.wav,f1,medst,1
speech/actual/roller/f1/medst/south2.wav,f1,medst,1
speech/actual/roller/f1/medst/south3.wav,f1,medst,1
speech/actual/roller/f1/medst/south4.wav,f1,medst,1
speech/actual/roller/f1/medst/south5.wav,f1,medst,1
speech/actual/roller/f1/medst/south6.wav,f1,medst,1
speech/actual/roller/f1/medst/stand1.wav,f1,medst,1
speech/actual/roller/f1/medst/stand2.wav,f1,medst,1
speech/actual/roller/f1/medst/stand3.wav,f1,medst,1
speech/actual/roller/f1/medst/stand4.wav,f1,medst,1
speech/actual/roller/f1/medst/stand5.wav,f1,medst,1
speech/actual/roller/f1/medst/stand6.wav,f1,medst,1
speech/actual/roller/f1/medst/steer1.wav,f1,medst,1
speech/actual/roller/f1/medst/steer2.wav,f1,medst,1
speech/actual/roller/f1/medst/steer3.wav,f1,medst,1
speech/actual/roller/f1/medst/steer4.wav,f1,medst,1
speech/actual/roller/f1/medst/steer5.wav,f1,medst,1
speech/actual/roller/f1/medst/strafe1.wav,f1,medst,1
speech/actual/roller/f1/medst/strafe2.wav,f1,medst,1
speech/actual/roller/f1/medst/strafe3.wav,f1,medst,1
speech/actual/roller/f1/medst/ten1.wav,f1,medst,1
speech/actual/roller/f1/medst/ten2.wav,f1,medst,1
speech/actual/roller/f1/medst/thirty1.wav,f1,medst,1
speech/actual/roller/f1/medst/thirty2.wav,f1,medst,1
speech/actual/roller/f1/medst/thirty3.wav,f1,medst,1
speech/actual/roller/f1/medst/thirty4.wav,f1,medst,1
speech/actual/roller/f1/medst/thirty5.wav,f1,medst,1
speech/actual/roller/f1/medst/thirty6.wav,f1,medst,1
speech/actual/roller/f1/medst/three1.wav,f1,medst,1
speech/actual/roller/f1/medst/three2.wav,f1,medst,1
speech/actual/roller/f1/medst/three3.wav,f1,medst,1
speech/actual/roller/f1/medst/three4.wav,f1,medst,1
speech/actual/roller/f1/medst/three5.wav,f1,medst,1
speech/actual/roller/f1/medst/three6.wav,f1,medst,1
speech/actual/roller/f1/medst/white1.wav,f1,medst,1
speech/actual/roller/f1/medst/white2.wav,f1,medst,1
speech/actual/roller/f1/medst/white3.wav,f1,medst,1
speech/actual/roller/f1/medst/wide1.wav,f1,medst,1
speech/actual/roller/f1/medst/wide2.wav,f1,medst,1
speech/actual/roller/f1/medst/wide3.wav,f1,medst,1
speech/actual/roller/f1/medst/zero1.wav,f1,medst,1
speech/actual/roller/f1/medst/zero2.wav,f1,medst,1
speech/actual/roller/f1/neut_oov_all/silence1.wav,f1,neut_oov_all,0
speech/actual/roller/f1/neutral/break1.wav,f1,neutral,0
speech/actual/roller/f1/neutral/break2.wav,f1,neutral,0
speech/actual/roller/f1/neutral/break3.wav,f1,neutral,0
speech/actual/roller/f1/neutral/change1.wav,f1,neutral,0
speech/actual/roller/f1/neutral/change2.wav,f1,neutral,0
speech/actual/roller/f1/neutral/change3.wav,f1,neutral,0
speech/actual/roller/f1/neutral/degree1.wav,f1,neutral,0
speech/actual/roller/f1/neutral/degree2.wav,f1,neutral,0
speech/actual/roller/f1/neutral/degree3.wav,f1,neutral,0
speech/actual/roller/f1/neutral/destin1.wav,f1,neutral,0
speech/actual/roller/f1/neutral/destin2.wav,f1,neutral,0
speech/actual/roller/f1/neutral/destin3.wav,f1,neutral,0
speech/actual/roller/f1/neutral/east1.wav,f1,neutral,0
speech/actual/roller/f1/neutral/east2.wav,f1,neutral,0
speech/actual/roller/f1/neutral/east3.wav,f1,neutral,0
speech/actual/roller/f1/neutral/eight1.wav,f1,neutral,0
speech/actual/roller/f1/neutral/eight2.wav,f1,neutral,0
speech/actual/roller/f1/neutral/eight3.wav,f1,neutral,0
speech/actual/roller/f1/neutral/eighty1.wav,f1,neutral,0
speech/actual/roller/f1/neutral/eighty2.wav,f1,neutral,0
speech/actual/roller/f1/neutral/eighty3.wav,f1,neutral,0
speech/actual/roller/f1/neutral/enter1.wav,f1,neutral,0
speech/actual/roller/f1/neutral/enter2.wav,f1,neutral,0
speech/actual/roller/f1/neutral/enter3.wav,f1,neutral,0
speech/actual/roller/f1/neutral/fifty1.wav,f1,neutral,0
speech/actual/roller/f1/neutral/fifty2.wav,f1,neutral,0
speech/actual/roller/f1/neutral/fifty3.wav,f1,neutral,0
speech/actual/roller/f1/neutral/fix1.wav,f1,neutral,0
speech/actual/roller/f1/neutral/fix2.wav,f1,neutral,0
speech/actual/roller/f1/neutral/fix3.wav,f1,neutral,0
speech/actual/roller/f1/neutral/fix4.wav,f1,neutral,0
speech/actual/roller/f1/neutral/freeze1.wav,f1,neutral,0
speech/actual/roller/f1/neutral/freeze2.wav,f1,neutral,0
speech/actual/roller/f1/neutral/freeze3.wav,f1,neutral,0
speech/actual/roller/f1/neutral/gain1.wav,f1,neutral,0
speech/actual/roller/f1/neutral/gain2.wav,f1,neutral,0
speech/actual/roller/f1/neutral/gain3.wav,f1,neutral,0
speech/actual/roller/f1/neutral/go1.wav,f1,neutral,0
speech/actual/roller/f1/neutral/go2.wav,f1,neutral,0
speech/actual/roller/f1/neutral/go3.wav,f1,neutral,0
speech/actual/roller/f1/neutral/hello1.wav,f1,neutral,0
speech/actual/roller/f1/neutral/hello2.wav,f1,neutral,0
speech/actual/roller/f1/neutral/hello3.wav,f1,neutral,0
speech/actual/roller/f1/neutral/help1.wav,f1,neutral,0
speech/actual/roller/f1/neutral/help2.wav,f1,neutral,0
speech/actual/roller/f1/neutral/help3.wav,f1,neutral,0
speech/actual/roller/f1/neutral/histog1.wav,f1,neutral,0
speech/actual/roller/f1/neutral/histog2.wav,f1,neutral,0
speech/actual/roller/f1/neutral/histog3.wav,f1,neutral,0
speech/actual/roller/f1/neutral/hot1.wav,f1,neutral,0
speech/actual/roller/f1/neutral/hot2.wav,f1,neutral,0
speech/actual/roller/f1/neutral/mark1.wav,f1,neutral,0
speech/actual/roller/f1/neutral/mark2.wav,f1,neutral,0
speech/actual/roller/f1/neutral/mark3.wav,f1,neutral,0
speech/actual/roller/f1/neutral/nav1.wav,f1,neutral,0
speech/actual/roller/f1/neutral/nav2.wav,f1,neutral,0
speech/actual/roller/f1/neutral/nav3.wav,f1,neutral,0
speech/actual/roller/f1/neutral/no1.wav,f1,neutral,0
speech/actual/roller/f1/neutral/no2.wav,f1,neutral,0
speech/actual/roller/f1/neutral/no3.wav,f1,neutral,0
speech/actual/roller/f1/neutral/oh1.wav,f1,neutral,0
speech/actual/roller/f1/neutral/oh2.wav,f1,neutral,0
speech/actual/roller/f1/neutral/oh3.wav,f1,neutral,0
speech/actual/roller/f1/neutral/on1.wav,f1,neutral,0
speech/actual/roller/f1/neutral/on2.wav,f1,neutral,0
speech/actual/roller/f1/neutral/on3.wav,f1,neutral,0
speech/actual/roller/f1/neutral/out1.wav,f1,neutral,0
speech/actual/roller/f1/neutral/out2.wav,f1,neutral,0
speech/actual/roller/f1/neutral/out3.wav,f1,neutral,0
speech/actual/roller/f1/neutral/point1.wav,f1,neutral,0
speech/actual/roller/f1/neutral/point2.wav,f1,neutral,0
speech/actual/roller/f1/neutral/point3.wav,f1,neutral,0
speech/actual/roller/f1/neutral/six1.wav,f1,neutral,0
speech/actual/roller/f1/neutral/six2.wav,f1,neutral,0
speech/actual/roller/f1/neutral/south1.wav,f1,neutral,0
speech/actual/roller/f1/neutral/south2.wav,f1,neutral,0
speech/actual/roller/f1/neutral/south3.wav,f1,neutral,0
speech/actual/roller/f1/neutral/stand1.wav,f1,neutral,0
speech/actual/roller/f1/neutral/stand2.wav,f1,neutral,0
speech/actual/roller/f1/neutral/stand3.wav,f1,neutral,0
speech/actual/roller/f1/neutral/steer1.wav,f1,neutral,0
speech/actual/roller/f1/neutral/steer2.wav,f1,neutral,0
speech/actual/roller/f1/neutral/steer3.wav,f1,neutral,0
speech/actual/roller/f1/neutral/strafe1.wav,f1,neutral,0
speech/actual/roller/f1/neutral/strafe2.wav,f1,neutral,0
speech/actual/roller/f1/neutral/strafe3.wav,f1,neutral,0
speech/actual/roller/f1/neutral/ten1.wav,f1,neutral,0
speech/actual/roller/f1/neutral/ten2.wav,f1,neutral,0
speech/actual/roller/f1/neutral/ten3.wav,f1,neutral,0
speech/actual/roller/f1/neutral/thirty1.wav,f1,neutral,0
speech/actual/roller/f1/neutral/thirty2.wav,f1,neutral,0
speech/actual/roller/f1/neutral/thirty3.wav,f1,neutral,0
speech/actual/roller/f1/neutral/three1.wav,f1,neutral,0
speech/actual/roller/f1/neutral/three2.wav,f1,neutral,0
speech/actual/roller/f1/neutral/three3.wav,f1,neutral,0
speech/actual/roller/f1/neutral/white1.wav,f1,neutral,0
speech/actual/roller/f1/neutral/white2.wav,f1,neutral,0
speech/actual/roller/f1/neutral/white3.wav,f1,neutral,0
speech/actual/roller/f1/neutral/wide1.wav,f1,neutral,0
speech/actual/roller/f1/neutral/wide2.wav,f1,neutral,0
speech/actual/roller/f1/neutral/wide3.wav,f1,neutral,0
speech/actual/roller/f1/neutral/wide4.wav,f1,neutral,0
speech/actual/roller/f1/neutral/zero1.wav,f1,neutral,0
speech/actual/roller/f1/neutral/zero2.wav,f1,neutral,0
speech/actual/roller/f1/neutral/zero3.wav,f1,neutral,0
speech/actual/roller/f1/scre_oov_all/all1.wav,f1,scre_oov_all,2
speech/actual/roller/f1/scre_oov_all/all2.wav,f1,scre_oov_all,2
speech/actual/roller/f1/scre_oov_all/silence1.wav,f1,scre_oov_all,2
speech/actual/roller/f1/scre_oov_all/strife1.wav,f1,scre_oov_all,2
speech/actual/roller/f1/scre_oov_all/top1.wav,f1,scre_oov_all,2
speech/actual/roller/f1/scre_oov_all/top2.wav,f1,scre_oov_all,2
speech/actual/roller/f1/scre_oov_all/top3.wav,f1,scre_oov_all,2
speech/actual/roller/f1/scre_oov_all/top4.wav,f1,scre_oov_all,2
speech/actual/roller/f1/scream/break1.wav,f1,scream,2
speech/actual/roller/f1/scream/break2.wav,f1,scream,2
speech/actual/roller/f1/scream/change1.wav,f1,scream,2
speech/actual/roller/f1/scream/change2.wav,f1,scream,2
speech/actual/roller/f1/scream/degree1.wav,f1,scream,2
speech/actual/roller/f1/scream/destin1.wav,f1,scream,2
speech/actual/roller/f1/scream/destin2.wav,f1,scream,2
speech/actual/roller/f1/scream/destin3.wav,f1,scream,2
speech/actual/roller/f1/scream/east1.wav,f1,scream,2
speech/actual/roller/f1/scream/east2.wav,f1,scream,2
speech/actual/roller/f1/scream/east3.wav,f1,scream,2
speech/actual/roller/f1/scream/eighty1.wav,f1,scream,2
speech/actual/roller/f1/scream/eighty2.wav,f1,scream,2
speech/actual/roller/f1/scream/eighty3.wav,f1,scream,2
speech/actual/roller/f1/scream/enter1.wav,f1,scream,2
speech/actual/roller/f1/scream/enter2.wav,f1,scream,2
speech/actual/roller/f1/scream/enter3.wav,f1,scream,2
speech/actual/roller/f1/scream/fifty1.wav,f1,scream,2
speech/actual/roller/f1/scream/fifty2.wav,f1,scream,2
speech/actual/roller/f1/scream/fifty3.wav,f1,scream,2
speech/actual/roller/f1/scream/fifty4.wav,f1,scream,2
speech/actual/roller/f1/scream/fifty5.wav,f1,scream,2
speech/actual/roller/f1/scream/fix1.wav,f1,scream,2
speech/actual/roller/f1/scream/fix2.wav,f1,scream,2
speech/actual/roller/f1/scream/fix3.wav,f1,scream,2
speech/actual/roller/f1/scream/fix4.wav,f1,scream,2
speech/actual/roller/f1/scream/freeze1.wav,f1,scream,2
speech/actual/roller/f1/scream/freeze2.wav,f1,scream,2
speech/actual/roller/f1/scream/freeze3.wav,f1,scream,2
speech/actual/roller/f1/scream/freeze4.wav,f1,scream,2
speech/actual/roller/f1/scream/gain1.wav,f1,scream,2
speech/actual/roller/f1/scream/gain2.wav,f1,scream,2
speech/actual/roller/f1/scream/gain3.wav,f1,scream,2
speech/actual/roller/f1/scream/gain4.wav,f1,scream,2
speech/actual/roller/f1/scream/go1.wav,f1,scream,2
speech/actual/roller/f1/scream/go2.wav,f1,scream,2
speech/actual/roller/f1/scream/go3.wav,f1,scream,2
speech/actual/roller/f1/scream/go4.wav,f1,scream,2
speech/actual/roller/f1/scream/hello1.wav,f1,scream,2
speech/actual/roller/f1/scream/help1.wav,f1,scream,2
speech/actual/roller/f1/scream/histog1.wav,f1,scream,2
speech/actual/roller/f1/scream/histog2.wav,f1,scream,2
speech/actual/roller/f1/scream/histog3.wav,f1,scream,2
speech/actual/roller/f1/scream/histog4.wav,f1,scream,2
speech/actual/roller/f1/scream/hot1.wav,f1,scream,2
speech/actual/roller/f1/scream/hot2.wav,f1,scream,2
speech/actual/roller/f1/scream/hot3.wav,f1,scream,2
speech/actual/roller/f1/scream/hot4.wav,f1,scream,2
speech/actual/roller/f1/scream/mark1.wav,f1,scream,2
speech/actual/roller/f1/scream/mark2.wav,f1,scream,2
speech/actual/roller/f1/scream/mark3.wav,f1,scream,2
speech/actual/roller/f1/scream/mark4.wav,f1,scream,2
speech/actual/roller/f1/scream/nav1.wav,f1,scream,2
speech/actual/roller/f1/scream/nav2.wav,f1,scream,2
speech/actual/roller/f1/scream/nav3.wav,f1,scream,2
speech/actual/roller/f1/scream/nav4.wav,f1,scream,2
speech/actual/roller/f1/scream/no1.wav,f1,scream,2
speech/actual/roller/f1/scream/no2.wav,f1,scream,2
speech/actual/roller/f1/scream/no3.wav,f1,scream,2
speech/actual/roller/f1/scream/no4.wav,f1,scream,2
speech/actual/roller/f1/scream/oh1.wav,f1,scream,2
speech/actual/roller/f1/scream/oh2.wav,f1,scream,2
speech/actual/roller/f1/scream/oh3.wav,f1,scream,2
speech/actual/roller/f1/scream/oh4.wav,f1,scream,2
speech/actual/roller/f1/scream/out1.wav,f1,scream,2
speech/actual/roller/f1/scream/out2.wav,f1,scream,2
speech/actual/roller/f1/scream/out3.wav,f1,scream,2
speech/actual/roller/f1/scream/point1.wav,f1,scream,2
speech/actual/roller/f1/scream/point2.wav,f1,scream,2
speech/actual/roller/f1/scream/point3.wav,f1,scream,2
speech/actual/roller/f1/scream/point4.wav,f1,scream,2
speech/actual/roller/f1/scream/six1.wav,f1,scream,2
speech/actual/roller/f1/scream/six2.wav,f1,scream,2
speech/actual/roller/f1/scream/six3.wav,f1,scream,2
speech/actual/roller/f1/scream/six4.wav,f1,scream,2
speech/actual/roller/f1/scream/six5.wav,f1,scream,2
speech/actual/roller/f1/scream/six6.wav,f1,scream,2
speech/actual/roller/f1/scream/six7.wav,f1,scream,2
speech/actual/roller/f1/scream/six8.wav,f1,scream,2
speech/actual/roller/f1/scream/south1.wav,f1,scream,2
speech/actual/roller/f1/scream/south2.wav,f1,scream,2
speech/actual/roller/f1/scream/south3.wav,f1,scream,2
speech/actual/roller/f1/scream/south4.wav,f1,scream,2
speech/actual/roller/f1/scream/stand1.wav,f1,scream,2
speech/actual/roller/f1/scream/stand2.wav,f1,scream,2
speech/actual/roller/f1/scream/stand3.wav,f1,scream,2
speech/actual/roller/f1/scream/steer1.wav,f1,scream,2
speech/actual/roller/f1/scream/steer2.wav,f1,scream,2
speech/actual/roller/f1/scream/strafe1.wav,f1,scream,2
speech/actual/roller/f1/scream/strafe2.wav,f1,scream,2
speech/actual/roller/f1/scream/strafe3.wav,f1,scream,2
speech/actual/roller/f1/scream/ten1.wav,f1,scream,2
speech/actual/roller/f1/scream/thirty1.wav,f1,scream,2
speech/actual/roller/f1/scream/three1.wav,f1,scream,2
speech/actual/roller/f1/scream/three2.wav,f1,scream,2
speech/actual/roller/f1/scream/white1.wav,f1,scream,2
speech/actual/roller/f1/scream/wide1.wav,f1,scream,2
speech/actual/roller/f1/scream/zero1.wav,f1,scream,2
speech/actual/roller/f2/free_oov_all/all1.wav,f2,free_oov_all,2
speech/actual/roller/f2/free_oov_all/all2.wav,f2,free_oov_all,2
speech/actual/roller/f2/freefall/freeze1.wav,f2,freefall,2
speech/actual/roller/f2/freefall/freeze2.wav,f2,freefall,2
speech/actual/roller/f2/freefall/freeze3.wav,f2,freefall,2
speech/actual/roller/f2/freefall/freeze4.wav,f2,freefall,2
speech/actual/roller/f2/freefall/freeze5.wav,f2,freefall,2
speech/actual/roller/f2/freefall/out1.wav,f2,freefall,2
speech/actual/roller/f2/freefall/out2.wav,f2,freefall,2
speech/actual/roller/f2/freefall/out3.wav,f2,freefall,2
speech/actual/roller/f2/freefall/out4.wav,f2,freefall,2
speech/actual/roller/f2/freefall/out5.wav,f2,freefall,2
speech/actual/roller/f2/freefall/zero1.wav,f2,freefall,2
speech/actual/roller/f2/freefall/zero2.wav,f2,freefall,2
speech/actual/roller/f2/freefall/zero3.wav,f2,freefall,2
speech/actual/roller/f2/freefall/zero4.wav,f2,freefall,2
speech/actual/roller/f2/hist/break1.wav,f2,hist,2
speech/actual/roller/f2/hist/break2.wav,f2,hist,2
speech/actual/roller/f2/hist/break3.wav,f2,hist,2
speech/actual/roller/f2/hist/break4.wav,f2,hist,2
speech/actual/roller/f2/hist/break5.wav,f2,hist,2
speech/actual/roller/f2/hist/break6.wav,f2,hist,2
speech/actual/roller/f2/hist/change1.wav,f2,hist,2
speech/actual/roller/f2/hist/change2.wav,f2,hist,2
speech/actual/roller/f2/hist/change3.wav,f2,hist,2
speech/actual/roller/f2/hist/change4.wav,f2,hist,2
speech/actual/roller/f2/hist/change5.wav,f2,hist,2
speech/actual/roller/f2/hist/degree1.wav,f2,hist,2
speech/actual/roller/f2/hist/degree2.wav,f2,hist,2
speech/actual/roller/f2/hist/degree3.wav,f2,hist,2
speech/actual/roller/f2/hist/degree4.wav,f2,hist,2
speech/actual/roller/f2/hist/degree5.wav,f2,hist,2
speech/actual/roller/f2/hist/destin1.wav,f2,hist,2
speech/actual/roller/f2/hist/destin2.wav,f2,hist,2
speech/actual/roller/f2/hist/destin3.wav,f2,hist,2
speech/actual/roller/f2/hist/destin4.wav,f2,hist,2
speech/actual/roller/f2/hist/destin5.wav,f2,hist,2
speech/actual/roller/f2/hist/destin6.wav,f2,hist,2
speech/actual/roller/f2/hist/east1.wav,f2,hist,2
speech/actual/roller/f2/hist/east2.wav,f2,hist,2
speech/actual/roller/f2/hist/east3.wav,f2,hist,2
speech/actual/roller/f2/hist/east4.wav,f2,hist,2
speech/actual/roller/f2/hist/east5.wav,f2,hist,2
speech/actual/roller/f2/hist/eight1.wav,f2,hist,2
speech/actual/roller/f2/hist/eight2.wav,f2,hist,2
speech/actual/roller/f2/hist/eight3.wav,f2,hist,2
speech/actual/roller/f2/hist/eight4.wav,f2,hist,2
speech/actual/roller/f2/hist/eight5.wav,f2,hist,2
speech/actual/roller/f2/hist/eight6.wav,f2,hist,2
speech/actual/roller/f2/hist/eighty1.wav,f2,hist,2
speech/actual/roller/f2/hist/eighty2.wav,f2,hist,2
speech/actual/roller/f2/hist/eighty3.wav,f2,hist,2
speech/actual/roller/f2/hist/eighty4.wav,f2,hist,2
speech/actual/roller/f2/hist/eighty5.wav,f2,hist,2
speech/actual/roller/f2/hist/enter1.wav,f2,hist,2
speech/actual/roller/f2/hist/enter2.wav,f2,hist,2
speech/actual/roller/f2/hist/enter3.wav,f2,hist,2
speech/actual/roller/f2/hist/enter4.wav,f2,hist,2
speech/actual/roller/f2/hist/enter5.wav,f2,hist,2
speech/actual/roller/f2/hist/fifty1.wav,f2,hist,2
speech/actual/roller/f2/hist/fifty2.wav,f2,hist,2
speech/actual/roller/f2/hist/fifty3.wav,f2,hist,2
speech/actual/roller/f2/hist/fifty4.wav,f2,hist,2
speech/actual/roller/f2/hist/fifty5.wav,f2,hist,2
speech/actual/roller/f2/hist/fix1.wav,f2,hist,2
speech/actual/roller/f2/hist/fix2.wav,f2,hist,2
speech/actual/roller/f2/hist/fix3.wav,f2,hist,2
speech/actual/roller/f2/hist/fix4.wav,f2,hist,2
speech/actual/roller/f2/hist/fix5.wav,f2,hist,2
speech/actual/roller/f2/hist/fix6.wav,f2,hist,2
speech/actual/roller/f2/hist/fix7.wav,f2,hist,2
speech/actual/roller/f2/hist/freeze1.wav,f2,hist,2
speech/actual/roller/f2/hist/freeze2.wav,f2,hist,2
speech/actual/roller/f2/hist/freeze3.wav,f2,hist,2
speech/actual/roller/f2/hist/freeze4.wav,f2,hist,2
speech/actual/roller/f2/hist/freeze5.wav,f2,hist,2
speech/actual/roller/f2/hist/freeze6.wav,f2,hist,2
speech/actual/roller/f2/hist/freeze7.wav,f2,hist,2
speech/actual/roller/f2/hist/gain1.wav,f2,hist,2
speech/actual/roller/f2/hist/gain2.wav,f2,hist,2
speech/actual/roller/f2/hist/gain3.wav,f2,hist,2
speech/actual/roller/f2/hist/gain4.wav,f2,hist,2
speech/actual/roller/f2/hist/gain5.wav,f2,hist,2
speech/actual/roller/f2/hist/go1.wav,f2,hist,2
speech/actual/roller/f2/hist/go2.wav,f2,hist,2
speech/actual/roller/f2/hist/go3.wav,f2,hist,2
speech/actual/roller/f2/hist/go4.wav,f2,hist,2
speech/actual/roller/f2/hist/go5.wav,f2,hist,2
speech/actual/roller/f2/hist/go6.wav,f2,hist,2
speech/actual/roller/f2/hist/hello1.wav,f2,hist,2
speech/actual/roller/f2/hist/hello2.wav,f2,hist,2
speech/actual/roller/f2/hist/hello3.wav,f2,hist,2
speech/actual/roller/f2/hist/hello4.wav,f2,hist,2
speech/actual/roller/f2/hist/hello5.wav,f2,hist,2
speech/actual/roller/f2/hist/hello6.wav,f2,hist,2
speech/actual/roller/f2/hist/help1.wav,f2,hist,2
speech/actual/roller/f2/hist/help2.wav,f2,hist,2
speech/actual/roller/f2/hist/help3.wav,f2,hist,2
speech/actual/roller/f2/hist/histog1.wav,f2,hist,2
speech/actual/roller/f2/hist/histog2.wav,f2,hist,2
speech/actual/roller/f2/hist/histog3.wav,f2,hist,2
speech/actual/roller/f2/hist/histog4.wav,f2,hist,2
speech/actual/roller/f2/hist/histog5.wav,f2,hist,2
speech/actual/roller/f2/hist/histog6.wav,f2,hist,2
speech/actual/roller/f2/hist/hot1.wav,f2,hist,2
speech/actual/roller/f2/hist/hot2.wav,f2,hist,2
speech/actual/roller/f2/hist/hot3.wav,f2,hist,2
speech/actual/roller/f2/hist/mark1.wav,f2,hist,2
speech/actual/roller/f2/hist/mark2.wav,f2,hist,2
speech/actual/roller/f2/hist/mark3.wav,f2,hist,2
speech/actual/roller/f2/hist/nav1.wav,f2,hist,2
speech/actual/roller/f2/hist/nav2.wav,f2,hist,2
speech/actual/roller/f2/hist/nav3.wav,f2,hist,2
speech/actual/roller/f2/hist/no1.wav,f2,hist,2
speech/actual/roller/f2/hist/no2.wav,f2,hist,2
speech/actual/roller/f2/hist/no3.wav,f2,hist,2
speech/actual/roller/f2/hist/no4.wav,f2,hist,2
speech/actual/roller/f2/hist/no5.wav,f2,hist,2
speech/actual/roller/f2/hist/no6.wav,f2,hist,2
speech/actual/roller/f2/hist/oh1.wav,f2,hist,2
speech/actual/roller/f2/hist/oh2.wav,f2,hist,2
speech/actual/roller/f2/hist/oh3.wav,f2,hist,2
speech/actual/roller/f2/hist/oh4.wav,f2,hist,2
speech/actual/roller/f2/hist/oh5.wav,f2,hist,2
speech/actual/roller/f2/hist/oh6.wav,f2,hist,2
speech/actual/roller/f2/hist/on1.wav,f2,hist,2
speech/actual/roller/f2/hist/on2.wav,f2,hist,2
speech/actual/roller/f2/hist/on3.wav,f2,hist,2
speech/actual/roller/f2/hist/on4.wav,f2,hist,2
speech/actual/roller/f2/hist/on5.wav,f2,hist,2
speech/actual/roller/f2/hist/out1.wav,f2,hist,2
speech/actual/roller/f2/hist/out2.wav,f2,hist,2
speech/actual/roller/f2/hist/point1.wav,f2,hist,2
speech/actual/roller/f2/hist/point2.wav,f2,hist,2
speech/actual/roller/f2/hist/point3.wav,f2,hist,2
speech/actual/roller/f2/hist/point4.wav,f2,hist,2
speech/actual/roller/f2/hist/point5.wav,f2,hist,2
speech/actual/roller/f2/hist/six1.wav,f2,hist,2
speech/actual/roller/f2/hist/south1.wav,f2,hist,2
speech/actual/roller/f2/hist/south2.wav,f2,hist,2
speech/actual/roller/f2/hist/south3.wav,f2,hist,2
speech/actual/roller/f2/hist/stand1.wav,f2,hist,2
speech/actual/roller/f2/hist/stand2.wav,f2,hist,2
speech/actual/roller/f2/hist/stand3.wav,f2,hist,2
speech/actual/roller/f2/hist/steer1.wav,f2,hist,2
speech/actual/roller/f2/hist/steer2.wav,f2,hist,2
speech/actual/roller/f2/hist/steer3.wav,f2,hist,2
speech/actual/roller/f2/hist/steer4.wav,f2,hist,2
speech/actual/roller/f2/hist/steer5.wav,f2,hist,2
speech/actual/roller/f2/hist/steer6.wav,f2,hist,2
speech/actual/roller/f2/hist/strafe1.wav,f2,hist,2
speech/actual/roller/f2/hist/strafe2.wav,f2,hist,2
speech/actual/roller/f2/hist/strafe3.wav,f2,hist,2
speech/actual/roller/f2/hist/strafe4.wav,f2,hist,2
speech/actual/roller/f2/hist/strafe5.wav,f2,hist,2
speech/actual/roller/f2/hist/ten1.wav,f2,hist,2
speech/actual/roller/f2/hist/ten2.wav,f2,hist,2
speech/actual/roller/f2/hist/ten3.wav,f2,hist,2
speech/actual/roller/f2/hist/ten4.wav,f2,hist,2
speech/actual/roller/f2/hist/ten5.wav,f2,hist,2
speech/actual/roller/f2/hist/thirty1.wav,f2,hist,2
speech/actual/roller/f2/hist/thirty2.wav,f2,hist,2
speech/actual/roller/f2/hist/thirty3.wav,f2,hist,2
speech/actual/roller/f2/hist/thirty4.wav,f2,hist,2
speech/actual/roller/f2/hist/thirty5.wav,f2,hist,2
speech/actual/roller/f2/hist/three1.wav,f2,hist,2
speech/actual/roller/f2/hist/three2.wav,f2,hist,2
speech/actual/roller/f2/hist/three3.wav,f2,hist,2
speech/actual/roller/f2/hist/three4.wav,f2,hist,2
speech/actual/roller/f2/hist/three5.wav,f2,hist,2
speech/actual/roller/f2/hist/white1.wav,f2,hist,2
speech/actual/roller/f2/hist/white2.wav,f2,hist,2
speech/actual/roller/f2/hist/white3.wav,f2,hist,2
speech/actual/roller/f2/hist/white4.wav,f2,hist,2
speech/actual/roller/f2/hist/white5.wav,f2,hist,2
speech/actual/roller/f2/hist/white6.wav,f2,hist,2
speech/actual/roller/f2/hist/wide1.wav,f2,hist,2
speech/actual/roller/f2/hist/wide2.wav,f2,hist,2
speech/actual/roller/f2/hist/wide3.wav,f2,hist,2
speech/actual/roller/f2/hist/wide4.wav,f2,hist,2
speech/actual/roller/f2/hist/wide5.wav,f2,hist,2
speech/actual/roller/f2/hist/zero1.wav,f2,hist,2
speech/actual/roller/f2/hist/zero2.wav,f2,hist,2
speech/actual/roller/f2/hist/zero3.wav,f2,hist,2
speech/actual/roller/f2/hist/zero4.wav,f2,hist,2
speech/actual/roller/f2/hist/zero5.wav,f2,hist,2
speech/actual/roller/f2/hist_oov_all/silence1.wav,f2,hist_oov_all,2
speech/actual/roller/f2/meds_oov_all/silence1.wav,f2,meds_oov_all,1
speech/actual/roller/f2/medst/break1.wav,f2,medst,1
speech/actual/roller/f2/medst/break2.wav,f2,medst,1
speech/actual/roller/f2/medst/break3.wav,f2,medst,1
speech/actual/roller/f2/medst/break4.wav,f2,medst,1
speech/actual/roller/f2/medst/break5.wav,f2,medst,1
speech/actual/roller/f2/medst/change1.wav,f2,medst,1
speech/actual/roller/f2/medst/change2.wav,f2,medst,1
speech/actual/roller/f2/medst/change3.wav,f2,medst,1
speech/actual/roller/f2/medst/change4.wav,f2,medst,1
speech/actual/roller/f2/medst/change5.wav,f2,medst,1
speech/actual/roller/f2/medst/change6.wav,f2,medst,1
speech/actual/roller/f2/medst/degree1.wav,f2,medst,1
speech/actual/roller/f2/medst/degree2.wav,f2,medst,1
speech/actual/roller/f2/medst/degree3.wav,f2,medst,1
speech/actual/roller/f2/medst/degree4.wav,f2,medst,1
speech/actual/roller/f2/medst/degree5.wav,f2,medst,1
speech/actual/roller/f2/medst/degree6.wav,f2,medst,1
speech/actual/roller/f2/medst/destin1.wav,f2,medst,1
speech/actual/roller/f2/medst/destin2.wav,f2,medst,1
speech/actual/roller/f2/medst/destin3.wav,f2,medst,1
speech/actual/roller/f2/medst/destin4.wav,f2,medst,1
speech/actual/roller/f2/medst/destin5.wav,f2,medst,1
speech/actual/roller/f2/medst/destin6.wav,f2,medst,1
speech/actual/roller/f2/medst/east1.wav,f2,medst,1
speech/actual/roller/f2/medst/east2.wav,f2,medst,1
speech/actual/roller/f2/medst/east3.wav,f2,medst,1
speech/actual/roller/f2/medst/east4.wav,f2,medst,1
speech/actual/roller/f2/medst/east5.wav,f2,medst,1
speech/actual/roller/f2/medst/east6.wav,f2,medst,1
speech/actual/roller/f2/medst/eight1.wav,f2,medst,1
speech/actual/roller/f2/medst/eight2.wav,f2,medst,1
speech/actual/roller/f2/medst/eight3.wav,f2,medst,1
speech/actual/roller/f2/medst/eight4.wav,f2,medst,1
speech/actual/roller/f2/medst/eight5.wav,f2,medst,1
speech/actual/roller/f2/medst/eighty1.wav,f2,medst,1
speech/actual/roller/f2/medst/eighty2.wav,f2,medst,1
speech/actual/roller/f2/medst/eighty3.wav,f2,medst,1
speech/actual/roller/f2/medst/eighty4.wav,f2,medst,1
speech/actual/roller/f2/medst/eighty5.wav,f2,medst,1
speech/actual/roller/f2/medst/eighty6.wav,f2,medst,1
speech/actual/roller/f2/medst/enter1.wav,f2,medst,1
speech/actual/roller/f2/medst/enter2.wav,f2,medst,1
speech/actual/roller/f2/medst/enter3.wav,f2,medst,1
speech/actual/roller/f2/medst/enter4.wav,f2,medst,1
speech/actual/roller/f2/medst/enter5.wav,f2,medst,1
speech/actual/roller/f2/medst/enter6.wav,f2,medst,1
speech/actual/roller/f2/medst/fifty1.wav,f2,medst,1
speech/actual/roller/f2/medst/fifty2.wav,f2,medst,1
speech/actual/roller/f2/medst/fifty3.wav,f2,medst,1
speech/actual/roller/f2/medst/fifty4.wav,f2,medst,1
speech/actual/roller/f2/medst/fifty5.wav,f2,medst,1
speech/actual/roller/f2/medst/fifty6.wav,f2,medst,1
speech/actual/roller/f2/medst/fix1.wav,f2,medst,1
speech/actual/roller/f2/medst/fix2.wav,f2,medst,1
speech/actual/roller/f2/medst/fix3.wav,f2,medst,1
speech/actual/roller/f2/medst/fix4.wav,f2,medst,1
speech/actual/roller/f2/medst/fix5.wav,f2,medst,1
speech/actual/roller/f2/medst/fix6.wav,f2,medst,1
speech/actual/roller/f2/medst/freeze1.wav,f2,medst,1
speech/actual/roller/f2/medst/freeze2.wav,f2,medst,1
speech/actual/roller/f2/medst/freeze3.wav,f2,medst,1
speech/actual/roller/f2/medst/freeze4.wav,f2,medst,1
speech/actual/roller/f2/medst/freeze5.wav,f2,medst,1
speech/actual/roller/f2/medst/freeze6.wav,f2,medst,1
speech/actual/roller/f2/medst/freeze7.wav,f2,medst,1
speech/actual/roller/f2/medst/freeze8.wav,f2,medst,1
speech/actual/roller/f2/medst/freeze9.wav,f2,medst,1
speech/actual/roller/f2/medst/gain1.wav,f2,medst,1
speech/actual/roller/f2/medst/gain2.wav,f2,medst,1
speech/actual/roller/f2/medst/gain3.wav,f2,medst,1
speech/actual/roller/f2/medst/gain4.wav,f2,medst,1
speech/actual/roller/f2/medst/gain5.wav,f2,medst,1
speech/actual/roller/f2/medst/gain6.wav,f2,medst,1
speech/actual/roller/f2/medst/go1.wav,f2,medst,1
speech/actual/roller/f2/medst/go2.wav,f2,medst,1
speech/actual/roller/f2/medst/go3.wav,f2,medst,1
speech/actual/roller/f2/medst/go4.wav,f2,medst,1
speech/actual/roller/f2/medst/go5.wav,f2,medst,1
speech/actual/roller/f2/medst/go6.wav,f2,medst,1
speech/actual/roller/f2/medst/hello1.wav,f2,medst,1
speech/actual/roller/f2/medst/hello2.wav,f2,medst,1
speech/actual/roller/f2/medst/hello3.wav,f2,medst,1
speech/actual/roller/f2/medst/hello4.wav,f2,medst,1
speech/actual/roller/f2/medst/hello5.wav,f2,medst,1
speech/actual/roller/f2/medst/hello6.wav,f2,medst,1
speech/actual/roller/f2/medst/hello7.wav,f2,medst,1
speech/actual/roller/f2/medst/help1.wav,f2,medst,1
speech/actual/roller/f2/medst/help2.wav,f2,medst,1
speech/actual/roller/f2/medst/help3.wav,f2,medst,1
speech/actual/roller/f2/medst/histog1.wav,f2,medst,1
speech/actual/roller/f2/medst/histog2.wav,f2,medst,1
speech/actual/roller/f2/medst/histog3.wav,f2,medst,1
speech/actual/roller/f2/medst/histog4.wav,f2,medst,1
speech/actual/roller/f2/medst/histog5.wav,f2,medst,1
speech/actual/roller/f2/medst/histog6.wav,f2,medst,1
speech/actual/roller/f2/medst/hot1.wav,f2,medst,1
speech/actual/roller/f2/medst/hot2.wav,f2,medst,1
speech/actual/roller/f2/medst/hot3.wav,f2,medst,1
speech/actual/roller/f2/medst/mark1.wav,f2,medst,1
speech/actual/roller/f2/medst/mark2.wav,f2,medst,1
speech/actual/roller/f2/medst/mark3.wav,f2,medst,1
speech/actual/roller/f2/medst/nav1.wav,f2,medst,1
speech/actual/roller/f2/medst/nav2.wav,f2,medst,1
speech/actual/roller/f2/medst/nav3.wav,f2,medst,1
speech/actual/roller/f2/medst/no1.wav,f2,medst,1
speech/actual/roller/f2/medst/no2.wav,f2,medst,1
speech/actual/roller/f2/medst/no3.wav,f2,medst,1
speech/actual/roller/f2/medst/no4.wav,f2,medst,1
speech/actual/roller/f2/medst/no5.wav,f2,medst,1
speech/actual/roller/f2/medst/no6.wav,f2,medst,1
speech/actual/roller/f2/medst/oh1.wav,f2,medst,1
speech/actual/roller/f2/medst/oh2.wav,f2,medst,1
speech/actual/roller/f2/medst/oh3.wav,f2,medst,1
speech/actual/roller/f2/medst/oh4.wav,f2,medst,1
speech/actual/roller/f2/medst/oh5.wav,f2,medst,1
speech/actual/roller/f2/medst/oh6.wav,f2,medst,1
speech/actual/roller/f2/medst/on1.wav,f2,medst,1
speech/actual/roller/f2/medst/on2.wav,f2,medst,1
speech/actual/roller/f2/medst/on3.wav,f2,medst,1
speech/actual/roller/f2/medst/on4.wav,f2,medst,1
speech/actual/roller/f2/medst/on5.wav,f2,medst,1
speech/actual/roller/f2/medst/on6.wav,f2,medst,1
speech/actual/roller/f2/medst/out1.wav,f2,medst,1
speech/actual/roller/f2/medst/out2.wav,f2,medst,1
speech/actual/roller/f2/medst/out3.wav,f2,medst,1
speech/actual/roller/f2/medst/point1.wav,f2,medst,1
speech/actual/roller/f2/medst/point2.wav,f2,medst,1
speech/actual/roller/f2/medst/point3.wav,f2,medst,1
speech/actual/roller/f2/medst/point4.wav,f2,medst,1
speech/actual/roller/f2/medst/point5.wav,f2,medst,1
speech/actual/roller/f2/medst/point6.wav,f2,medst,1
speech/actual/roller/f2/medst/six1.wav,f2,medst,1
speech/actual/roller/f2/medst/six2.wav,f2,medst,1
speech/actual/roller/f2/medst/six3.wav,f2,medst,1
speech/actual/roller/f2/medst/south1.wav,f2,medst,1
speech/actual/roller/f2/medst/south2.wav,f2,medst,1
speech/actual/roller/f2/medst/south3.wav,f2,medst,1
speech/actual/roller/f2/medst/stand1.wav,f2,medst,1
speech/actual/roller/f2/medst/stand2.wav,f2,medst,1
speech/actual/roller/f2/medst/stand3.wav,f2,medst,1
speech/actual/roller/f2/medst/steer1.wav,f2,medst,1
speech/actual/roller/f2/medst/steer2.wav,f2,medst,1
speech/actual/roller/f2/medst/steer3.wav,f2,medst,1
speech/actual/roller/f2/medst/steer4.wav,f2,medst,1
speech/actual/roller/f2/medst/steer5.wav,f2,medst,1
speech/actual/roller/f2/medst/steer6.wav,f2,medst,1
speech/actual/roller/f2/medst/strafe1.wav,f2,medst,1
speech/actual/roller/f2/medst/strafe2.wav,f2,medst,1
speech/actual/roller/f2/medst/strafe3.wav,f2,medst,1
speech/actual/roller/f2/medst/strafe4.wav,f2,medst,1
speech/actual/roller/f2/medst/strafe5.wav,f2,medst,1
speech/actual/roller/f2/medst/strafe6.wav,f2,medst,1
speech/actual/roller/f2/medst/ten1.wav,f2,medst,1
speech/actual/roller/f2/medst/ten2.wav,f2,medst,1
speech/actual/roller/f2/medst/ten3.wav,f2,medst,1
speech/actual/roller/f2/medst/ten4.wav,f2,medst,1
speech/actual/roller/f2/medst/ten5.wav,f2,medst,1
speech/actual/roller/f2/medst/ten6.wav,f2,medst,1
speech/actual/roller/f2/medst/thirty1.wav,f2,medst,1
speech/actual/roller/f2/medst/thirty2.wav,f2,medst,1
speech/actual/roller/f2/medst/thirty3.wav,f2,medst,1
speech/actual/roller/f2/medst/thirty4.wav,f2,medst,1
speech/actual/roller/f2/medst/thirty5.wav,f2,medst,1
speech/actual/roller/f2/medst/thirty6.wav,f2,medst,1
speech/actual/roller/f2/medst/three1.wav,f2,medst,1
speech/actual/roller/f2/medst/three2.wav,f2,medst,1
speech/actual/roller/f2/medst/three3.wav,f2,medst,1
speech/actual/roller/f2/medst/three4.wav,f2,medst,1
speech/actual/roller/f2/medst/three5.wav,f2,medst,1
speech/actual/roller/f2/medst/three6.wav,f2,medst,1
speech/actual/roller/f2/medst/white1.wav,f2,medst,1
speech/actual/roller/f2/medst/white2.wav,f2,medst,1
speech/actual/roller/f2/medst/white3.wav,f2,medst,1
speech/actual/roller/f2/medst/white4.wav,f2,medst,1
speech/actual/roller/f2/medst/white5.wav,f2,medst,1
speech/actual/roller/f2/medst/white6.wav,f2,medst,1
speech/actual/roller/f2/medst/wide1.wav,f2,medst,1
speech/actual/roller/f2/medst/wide2.wav,f2,medst,1
speech/actual/roller/f2/medst/wide3.wav,f2,medst,1
speech/actual/roller/f2/medst/wide4.wav,f2,medst,1
speech/actual/roller/f2/medst/wide5.wav,f2,medst,1
speech/actual/roller/f2/medst/wide6.wav,f2,medst,1
speech/actual/roller/f2/medst/zero2.wav,f2,medst,1
speech/actual/roller/f2/medst/zero3.wav,f2,medst,1
speech/actual/roller/f2/medst/zero4.wav,f2,medst,1
speech/actual/roller/f2/medst/zero5.wav,f2,medst,1
speech/actual/roller/f2/medst/zero6.wav,f2,medst,1
speech/actual/roller/f2/medst/zero7.wav,f2,medst,1
speech/actual/roller/f2/neut_oov_all/silence1.wav,f2,neut_oov_all,0
speech/actual/roller/f2/neutral/break1.wav,f2,neutral,0
speech/actual/roller/f2/neutral/break2.wav,f2,neutral,0
speech/actual/roller/f2/neutral/break3.wav,f2,neutral,0
speech/actual/roller/f2/neutral/change1.wav,f2,neutral,0
speech/actual/roller/f2/neutral/change2.wav,f2,neutral,0
speech/actual/roller/f2/neutral/change3.wav,f2,neutral,0
speech/actual/roller/f2/neutral/degree1.wav,f2,neutral,0
speech/actual/roller/f2/neutral/degree2.wav,f2,neutral,0
speech/actual/roller/f2/neutral/degree3.wav,f2,neutral,0
speech/actual/roller/f2/neutral/destin1.wav,f2,neutral,0
speech/actual/roller/f2/neutral/destin2.wav,f2,neutral,0
speech/actual/roller/f2/neutral/destin3.wav,f2,neutral,0
speech/actual/roller/f2/neutral/east1.wav,f2,neutral,0
speech/actual/roller/f2/neutral/east2.wav,f2,neutral,0
speech/actual/roller/f2/neutral/east3.wav,f2,neutral,0
speech/actual/roller/f2/neutral/eight1.wav,f2,neutral,0
speech/actual/roller/f2/neutral/eight2.wav,f2,neutral,0
speech/actual/roller/f2/neutral/eight3.wav,f2,neutral,0
speech/actual/roller/f2/neutral/eighty1.wav,f2,neutral,0
speech/actual/roller/f2/neutral/eighty2.wav,f2,neutral,0
speech/actual/roller/f2/neutral/eighty3.wav,f2,neutral,0
speech/actual/roller/f2/neutral/enter1.wav,f2,neutral,0
speech/actual/roller/f2/neutral/enter2.wav,f2,neutral,0
speech/actual/roller/f2/neutral/enter3.wav,f2,neutral,0
speech/actual/roller/f2/neutral/fifty1.wav,f2,neutral,0
speech/actual/roller/f2/neutral/fifty2.wav,f2,neutral,0
speech/actual/roller/f2/neutral/fifty3.wav,f2,neutral,0
speech/actual/roller/f2/neutral/fix1.wav,f2,neutral,0
speech/actual/roller/f2/neutral/fix2.wav,f2,neutral,0
speech/actual/roller/f2/neutral/fix3.wav,f2,neutral,0
speech/actual/roller/f2/neutral/freeze1.wav,f2,neutral,0
speech/actual/roller/f2/neutral/freeze2.wav,f2,neutral,0
speech/actual/roller/f2/neutral/freeze3.wav,f2,neutral,0
speech/actual/roller/f2/neutral/gain1.wav,f2,neutral,0
speech/actual/roller/f2/neutral/gain2.wav,f2,neutral,0
speech/actual/roller/f2/neutral/gain3.wav,f2,neutral,0
speech/actual/roller/f2/neutral/go1.wav,f2,neutral,0
speech/actual/roller/f2/neutral/go2.wav,f2,neutral,0
speech/actual/roller/f2/neutral/go3.wav,f2,neutral,0
speech/actual/roller/f2/neutral/hello1.wav,f2,neutral,0
speech/actual/roller/f2/neutral/hello2.wav,f2,neutral,0
speech/actual/roller/f2/neutral/hello3.wav,f2,neutral,0
speech/actual/roller/f2/neutral/help1.wav,f2,neutral,0
speech/actual/roller/f2/neutral/help2.wav,f2,neutral,0
speech/actual/roller/f2/neutral/help3.wav,f2,neutral,0
speech/actual/roller/f2/neutral/histog1.wav,f2,neutral,0
speech/actual/roller/f2/neutral/histog2.wav,f2,neutral,0
speech/actual/roller/f2/neutral/histog3.wav,f2,neutral,0
speech/actual/roller/f2/neutral/hot1.wav,f2,neutral,0
speech/actual/roller/f2/neutral/hot2.wav,f2,neutral,0
speech/actual/roller/f2/neutral/hot3.wav,f2,neutral,0
speech/actual/roller/f2/neutral/mark1.wav,f2,neutral,0
speech/actual/roller/f2/neutral/mark2.wav,f2,neutral,0
speech/actual/roller/f2/neutral/mark3.wav,f2,neutral,0
speech/actual/roller/f2/neutral/nav1.wav,f2,neutral,0
speech/actual/roller/f2/neutral/nav2.wav,f2,neutral,0
speech/actual/roller/f2/neutral/nav3.wav,f2,neutral,0
speech/actual/roller/f2/neutral/nav4.wav,f2,neutral,0
speech/actual/roller/f2/neutral/nav5.wav,f2,neutral,0
speech/actual/roller/f2/neutral/no1.wav,f2,neutral,0
speech/actual/roller/f2/neutral/no2.wav,f2,neutral,0
speech/actual/roller/f2/neutral/no3.wav,f2,neutral,0
speech/actual/roller/f2/neutral/oh1.wav,f2,neutral,0
speech/actual/roller/f2/neutral/oh2.wav,f2,neutral,0
speech/actual/roller/f2/neutral/oh3.wav,f2,neutral,0
speech/actual/roller/f2/neutral/on1.wav,f2,neutral,0
speech/actual/roller/f2/neutral/on2.wav,f2,neutral,0
speech/actual/roller/f2/neutral/on3.wav,f2,neutral,0
speech/actual/roller/f2/neutral/out1.wav,f2,neutral,0
speech/actual/roller/f2/neutral/out2.wav,f2,neutral,0
speech/actual/roller/f2/neutral/out3.wav,f2,neutral,0
speech/actual/roller/f2/neutral/point1.wav,f2,neutral,0
speech/actual/roller/f2/neutral/point2.wav,f2,neutral,0
speech/actual/roller/f2/neutral/point3.wav,f2,neutral,0
speech/actual/roller/f2/neutral/six1.wav,f2,neutral,0
speech/actual/roller/f2/neutral/six2.wav,f2,neutral,0
speech/actual/roller/f2/neutral/six3.wav,f2,neutral,0
speech/actual/roller/f2/neutral/south1.wav,f2,neutral,0
speech/actual/roller/f2/neutral/south2.wav,f2,neutral,0
speech/actual/roller/f2/neutral/south3.wav,f2,neutral,0
speech/actual/roller/f2/neutral/stand1.wav,f2,neutral,0
speech/actual/roller/f2/neutral/stand2.wav,f2,neutral,0
speech/actual/roller/f2/neutral/stand3.wav,f2,neutral,0
speech/actual/roller/f2/neutral/steer1.wav,f2,neutral,0
speech/actual/roller/f2/neutral/steer2.wav,f2,neutral,0
speech/actual/roller/f2/neutral/steer3.wav,f2,neutral,0
speech/actual/roller/f2/neutral/strafe1.wav,f2,neutral,0
speech/actual/roller/f2/neutral/strafe2.wav,f2,neutral,0
speech/actual/roller/f2/neutral/strafe3.wav,f2,neutral,0
speech/actual/roller/f2/neutral/ten1.wav,f2,neutral,0
speech/actual/roller/f2/neutral/ten2.wav,f2,neutral,0
speech/actual/roller/f2/neutral/ten3.wav,f2,neutral,0
speech/actual/roller/f2/neutral/thirty1.wav,f2,neutral,0
speech/actual/roller/f2/neutral/thirty2.wav,f2,neutral,0
speech/actual/roller/f2/neutral/thirty3.wav,f2,neutral,0
speech/actual/roller/f2/neutral/three1.wav,f2,neutral,0
speech/actual/roller/f2/neutral/three2.wav,f2,neutral,0
speech/actual/roller/f2/neutral/three3.wav,f2,neutral,0
speech/actual/roller/f2/neutral/white1.wav,f2,neutral,0
speech/actual/roller/f2/neutral/white2.wav,f2,neutral,0
speech/actual/roller/f2/neutral/white3.wav,f2,neutral,0
speech/actual/roller/f2/neutral/wide1.wav,f2,neutral,0
speech/actual/roller/f2/neutral/wide2.wav,f2,neutral,0
speech/actual/roller/f2/neutral/wide3.wav,f2,neutral,0
speech/actual/roller/f2/neutral/zero1.wav,f2,neutral,0
speech/actual/roller/f2/neutral/zero2.wav,f2,neutral,0
speech/actual/roller/f2/neutral/zero3.wav,f2,neutral,0
speech/actual/roller/f2/scre_oov_all/all1.wav,f2,scre_oov_all,2
speech/actual/roller/f2/scre_oov_all/all2.wav,f2,scre_oov_all,2
speech/actual/roller/f2/scre_oov_all/silence1.wav,f2,scre_oov_all,2
speech/actual/roller/f2/scre_oov_all/silence2.wav,f2,scre_oov_all,2
speech/actual/roller/f2/scre_oov_all/silence3.wav,f2,scre_oov_all,2
speech/actual/roller/f2/scre_oov_all/silence4.wav,f2,scre_oov_all,2
speech/actual/roller/f2/scre_oov_all/top1.wav,f2,scre_oov_all,2
speech/actual/roller/f2/scre_oov_all/top10.wav,f2,scre_oov_all,2
speech/actual/roller/f2/scre_oov_all/top2.wav,f2,scre_oov_all,2
speech/actual/roller/f2/scre_oov_all/top3.wav,f2,scre_oov_all,2
speech/actual/roller/f2/scre_oov_all/top4.wav,f2,scre_oov_all,2
speech/actual/roller/f2/scre_oov_all/top5.wav,f2,scre_oov_all,2
speech/actual/roller/f2/scre_oov_all/top6.wav,f2,scre_oov_all,2
speech/actual/roller/f2/scre_oov_all/top7.wav,f2,scre_oov_all,2
speech/actual/roller/f2/scre_oov_all/top8.wav,f2,scre_oov_all,2
speech/actual/roller/f2/scre_oov_all/top9.wav,f2,scre_oov_all,2
speech/actual/roller/f2/scream/break1.wav,f2,scream,2
speech/actual/roller/f2/scream/break2.wav,f2,scream,2
speech/actual/roller/f2/scream/change1.wav,f2,scream,2
speech/actual/roller/f2/scream/change2.wav,f2,scream,2
speech/actual/roller/f2/scream/degree1.wav,f2,scream,2
speech/actual/roller/f2/scream/degree2.wav,f2,scream,2
speech/actual/roller/f2/scream/destin1.wav,f2,scream,2
speech/actual/roller/f2/scream/destin2.wav,f2,scream,2
speech/actual/roller/f2/scream/east1.wav,f2,scream,2
speech/actual/roller/f2/scream/east2.wav,f2,scream,2
speech/actual/roller/f2/scream/eight1.wav,f2,scream,2
speech/actual/roller/f2/scream/eight2.wav,f2,scream,2
speech/actual/roller/f2/scream/eighty1.wav,f2,scream,2
speech/actual/roller/f2/scream/eighty2.wav,f2,scream,2
speech/actual/roller/f2/scream/eighty3.wav,f2,scream,2
speech/actual/roller/f2/scream/enter1.wav,f2,scream,2
speech/actual/roller/f2/scream/enter2.wav,f2,scream,2
speech/actual/roller/f2/scream/fifty1.wav,f2,scream,2
speech/actual/roller/f2/scream/fifty2.wav,f2,scream,2
speech/actual/roller/f2/scream/fix1.wav,f2,scream,2
speech/actual/roller/f2/scream/fix2.wav,f2,scream,2
speech/actual/roller/f2/scream/freeze1.wav,f2,scream,2
speech/actual/roller/f2/scream/freeze2.wav,f2,scream,2
speech/actual/roller/f2/scream/gain1.wav,f2,scream,2
speech/actual/roller/f2/scream/gain2.wav,f2,scream,2
speech/actual/roller/f2/scream/go1.wav,f2,scream,2
speech/actual/roller/f2/scream/go2.wav,f2,scream,2
speech/actual/roller/f2/scream/hello1.wav,f2,scream,2
speech/actual/roller/f2/scream/hello2.wav,f2,scream,2
speech/actual/roller/f2/scream/hello3.wav,f2,scream,2
speech/actual/roller/f2/scream/histog1.wav,f2,scream,2
speech/actual/roller/f2/scream/histog2.wav,f2,scream,2
speech/actual/roller/f2/scream/hot1.wav,f2,scream,2
speech/actual/roller/f2/scream/hot2.wav,f2,scream,2
speech/actual/roller/f2/scream/mark1.wav,f2,scream,2
speech/actual/roller/f2/scream/mark2.wav,f2,scream,2
speech/actual/roller/f2/scream/mark3.wav,f2,scream,2
speech/actual/roller/f2/scream/nav1.wav,f2,scream,2
speech/actual/roller/f2/scream/nav2.wav,f2,scream,2
speech/actual/roller/f2/scream/no1.wav,f2,scream,2
speech/actual/roller/f2/scream/no2.wav,f2,scream,2
speech/actual/roller/f2/scream/oh1.wav,f2,scream,2
speech/actual/roller/f2/scream/on1.wav,f2,scream,2
speech/actual/roller/f2/scream/on2.wav,f2,scream,2
speech/actual/roller/f2/scream/out1.wav,f2,scream,2
speech/actual/roller/f2/scream/out2.wav,f2,scream,2
speech/actual/roller/f2/scream/point1.wav,f2,scream,2
speech/actual/roller/f2/scream/point2.wav,f2,scream,2
speech/actual/roller/f2/scream/six1.wav,f2,scream,2
speech/actual/roller/f2/scream/six2.wav,f2,scream,2
speech/actual/roller/f2/scream/south1.wav,f2,scream,2
speech/actual/roller/f2/scream/south2.wav,f2,scream,2
speech/actual/roller/f2/scream/stand1.wav,f2,scream,2
speech/actual/roller/f2/scream/steer1.wav,f2,scream,2
speech/actual/roller/f2/scream/steer2.wav,f2,scream,2
speech/actual/roller/f2/scream/strafe1.wav,f2,scream,2
speech/actual/roller/f2/scream/ten1.wav,f2,scream,2
speech/actual/roller/f2/scream/thirty1.wav,f2,scream,2
speech/actual/roller/f2/scream/three1.wav,f2,scream,2
speech/actual/roller/f2/scream/white1.wav,f2,scream,2
speech/actual/roller/f2/scream/wide1.wav,f2,scream,2
speech/actual/roller/f2/scream/zero1.wav,f2,scream,2
speech/actual/roller/f3/free_oov_all/all1.wav,f3,free_oov_all,2
speech/actual/roller/f3/free_oov_all/all2.wav,f3,free_oov_all,2
speech/actual/roller/f3/freefall/break1.wav,f3,freefall,2
speech/actual/roller/f3/freefall/break2.wav,f3,freefall,2
speech/actual/roller/f3/freefall/break3.wav,f3,freefall,2
speech/actual/roller/f3/freefall/break4.wav,f3,freefall,2
speech/actual/roller/f3/freefall/break5.wav,f3,freefall,2
speech/actual/roller/f3/freefall/break6.wav,f3,freefall,2
speech/actual/roller/f3/freefall/go1.wav,f3,freefall,2
speech/actual/roller/f3/freefall/go2.wav,f3,freefall,2
speech/actual/roller/f3/freefall/go3.wav,f3,freefall,2
speech/actual/roller/f3/freefall/go4.wav,f3,freefall,2
speech/actual/roller/f3/freefall/go5.wav,f3,freefall,2
speech/actual/roller/f3/freefall/go6.wav,f3,freefall,2
speech/actual/roller/f3/freefall/zero1.wav,f3,freefall,2
speech/actual/roller/f3/freefall/zero2.wav,f3,freefall,2
speech/actual/roller/f3/freefall/zero3.wav,f3,freefall,2
speech/actual/roller/f3/freefall/zero4.wav,f3,freefall,2
speech/actual/roller/f3/freefall/zero5.wav,f3,freefall,2
speech/actual/roller/f3/hist/break1.wav,f3,hist,2
speech/actual/roller/f3/hist/break2.wav,f3,hist,2
speech/actual/roller/f3/hist/break3.wav,f3,hist,2
speech/actual/roller/f3/hist/break4.wav,f3,hist,2
speech/actual/roller/f3/hist/break5.wav,f3,hist,2
speech/actual/roller/f3/hist/break6.wav,f3,hist,2
speech/actual/roller/f3/hist/change1.wav,f3,hist,2
speech/actual/roller/f3/hist/change2.wav,f3,hist,2
speech/actual/roller/f3/hist/change3.wav,f3,hist,2
speech/actual/roller/f3/hist/change4.wav,f3,hist,2
speech/actual/roller/f3/hist/change5.wav,f3,hist,2
speech/actual/roller/f3/hist/change6.wav,f3,hist,2
speech/actual/roller/f3/hist/change7.wav,f3,hist,2
speech/actual/roller/f3/hist/change8.wav,f3,hist,2
speech/actual/roller/f3/hist/change9.wav,f3,hist,2
speech/actual/roller/f3/hist/degree1.wav,f3,hist,2
speech/actual/roller/f3/hist/degree2.wav,f3,hist,2
speech/actual/roller/f3/hist/degree3.wav,f3,hist,2
speech/actual/roller/f3/hist/degree4.wav,f3,hist,2
speech/actual/roller/f3/hist/degree5.wav,f3,hist,2
speech/actual/roller/f3/hist/degree6.wav,f3,hist,2
speech/actual/roller/f3/hist/degree7.wav,f3,hist,2
speech/actual/roller/f3/hist/degree8.wav,f3,hist,2
speech/actual/roller/f3/hist/degree9.wav,f3,hist,2
speech/actual/roller/f3/hist/destin1.wav,f3,hist,2
speech/actual/roller/f3/hist/destin10.wav,f3,hist,2
speech/actual/roller/f3/hist/destin11.wav,f3,hist,2
speech/actual/roller/f3/hist/destin12.wav,f3,hist,2
speech/actual/roller/f3/hist/destin2.wav,f3,hist,2
speech/actual/roller/f3/hist/destin3.wav,f3,hist,2
speech/actual/roller/f3/hist/destin4.wav,f3,hist,2
speech/actual/roller/f3/hist/destin5.wav,f3,hist,2
speech/actual/roller/f3/hist/destin6.wav,f3,hist,2
speech/actual/roller/f3/hist/destin7.wav,f3,hist,2
speech/actual/roller/f3/hist/destin8.wav,f3,hist,2
speech/actual/roller/f3/hist/destin9.wav,f3,hist,2
speech/actual/roller/f3/hist/east1.wav,f3,hist,2
speech/actual/roller/f3/hist/east2.wav,f3,hist,2
speech/actual/roller/f3/hist/east3.wav,f3,hist,2
speech/actual/roller/f3/hist/east4.wav,f3,hist,2
speech/actual/roller/f3/hist/east5.wav,f3,hist,2
speech/actual/roller/f3/hist/east6.wav,f3,hist,2
speech/actual/roller/f3/hist/east7.wav,f3,hist,2
speech/actual/roller/f3/hist/east8.wav,f3,hist,2
speech/actual/roller/f3/hist/east9.wav,f3,hist,2
speech/actual/roller/f3/hist/eight1.wav,f3,hist,2
speech/actual/roller/f3/hist/eight2.wav,f3,hist,2
speech/actual/roller/f3/hist/eight3.wav,f3,hist,2
speech/actual/roller/f3/hist/eight4.wav,f3,hist,2
speech/actual/roller/f3/hist/eight5.wav,f3,hist,2
speech/actual/roller/f3/hist/eighty1.wav,f3,hist,2
speech/actual/roller/f3/hist/eighty2.wav,f3,hist,2
speech/actual/roller/f3/hist/eighty3.wav,f3,hist,2
speech/actual/roller/f3/hist/eighty4.wav,f3,hist,2
speech/actual/roller/f3/hist/eighty5.wav,f3,hist,2
speech/actual/roller/f3/hist/eighty6.wav,f3,hist,2
speech/actual/roller/f3/hist/eighty7.wav,f3,hist,2
speech/actual/roller/f3/hist/enter1.wav,f3,hist,2
speech/actual/roller/f3/hist/enter2.wav,f3,hist,2
speech/actual/roller/f3/hist/enter3.wav,f3,hist,2
speech/actual/roller/f3/hist/fifty1.wav,f3,hist,2
speech/actual/roller/f3/hist/fifty2.wav,f3,hist,2
speech/actual/roller/f3/hist/fifty3.wav,f3,hist,2
speech/actual/roller/f3/hist/fix1.wav,f3,hist,2
speech/actual/roller/f3/hist/fix2.wav,f3,hist,2
speech/actual/roller/f3/hist/fix3.wav,f3,hist,2
speech/actual/roller/f3/hist/freeze1.wav,f3,hist,2
speech/actual/roller/f3/hist/freeze2.wav,f3,hist,2
speech/actual/roller/f3/hist/freeze3.wav,f3,hist,2
speech/actual/roller/f3/hist/freeze4.wav,f3,hist,2
speech/actual/roller/f3/hist/freeze5.wav,f3,hist,2
speech/actual/roller/f3/hist/gain1.wav,f3,hist,2
speech/actual/roller/f3/hist/gain2.wav,f3,hist,2
speech/actual/roller/f3/hist/gain3.wav,f3,hist,2
speech/actual/roller/f3/hist/gain4.wav,f3,hist,2
speech/actual/roller/f3/hist/gain5.wav,f3,hist,2
speech/actual/roller/f3/hist/gain6.wav,f3,hist,2
speech/actual/roller/f3/hist/go1.wav,f3,hist,2
speech/actual/roller/f3/hist/go2.wav,f3,hist,2
speech/actual/roller/f3/hist/go3.wav,f3,hist,2
speech/actual/roller/f3/hist/go4.wav,f3,hist,2
speech/actual/roller/f3/hist/go5.wav,f3,hist,2
speech/actual/roller/f3/hist/go6.wav,f3,hist,2
speech/actual/roller/f3/hist/go7.wav,f3,hist,2
speech/actual/roller/f3/hist/go8.wav,f3,hist,2
speech/actual/roller/f3/hist/go9.wav,f3,hist,2
speech/actual/roller/f3/hist/hello1.wav,f3,hist,2
speech/actual/roller/f3/hist/hello2.wav,f3,hist,2
speech/actual/roller/f3/hist/hello3.wav,f3,hist,2
speech/actual/roller/f3/hist/hello4.wav,f3,hist,2
speech/actual/roller/f3/hist/hello5.wav,f3,hist,2
speech/actual/roller/f3/hist/hello6.wav,f3,hist,2
speech/actual/roller/f3/hist/help1.wav,f3,hist,2
speech/actual/roller/f3/hist/help2.wav,f3,hist,2
speech/actual/roller/f3/hist/help3.wav,f3,hist,2
speech/actual/roller/f3/hist/help4.wav,f3,hist,2
speech/actual/roller/f3/hist/help5.wav,f3,hist,2
speech/actual/roller/f3/hist/help6.wav,f3,hist,2
speech/actual/roller/f3/hist/histog1.wav,f3,hist,2
speech/actual/roller/f3/hist/histog2.wav,f3,hist,2
speech/actual/roller/f3/hist/histog3.wav,f3,hist,2
speech/actual/roller/f3/hist/histog4.wav,f3,hist,2
speech/actual/roller/f3/hist/histog5.wav,f3,hist,2
speech/actual/roller/f3/hist/histog6.wav,f3,hist,2
speech/actual/roller/f3/hist/histog7.wav,f3,hist,2
speech/actual/roller/f3/hist/hot1.wav,f3,hist,2
speech/actual/roller/f3/hist/hot2.wav,f3,hist,2
speech/actual/roller/f3/hist/hot3.wav,f3,hist,2
speech/actual/roller/f3/hist/mark1.wav,f3,hist,2
speech/actual/roller/f3/hist/mark2.wav,f3,hist,2
speech/actual/roller/f3/hist/mark3.wav,f3,hist,2
speech/actual/roller/f3/hist/mark4.wav,f3,hist,2
speech/actual/roller/f3/hist/mark5.wav,f3,hist,2
speech/actual/roller/f3/hist/mark6.wav,f3,hist,2
speech/actual/roller/f3/hist/nav1.wav,f3,hist,2
speech/actual/roller/f3/hist/nav2.wav,f3,hist,2
speech/actual/roller/f3/hist/no1.wav,f3,hist,2
speech/actual/roller/f3/hist/no2.wav,f3,hist,2
speech/actual/roller/f3/hist/no3.wav,f3,hist,2
speech/actual/roller/f3/hist/no4.wav,f3,hist,2
speech/actual/roller/f3/hist/no5.wav,f3,hist,2
speech/actual/roller/f3/hist/no6.wav,f3,hist,2
speech/actual/roller/f3/hist/no7.wav,f3,hist,2
speech/actual/roller/f3/hist/no8.wav,f3,hist,2
speech/actual/roller/f3/hist/no9.wav,f3,hist,2
speech/actual/roller/f3/hist/oh1.wav,f3,hist,2
speech/actual/roller/f3/hist/oh2.wav,f3,hist,2
speech/actual/roller/f3/hist/oh3.wav,f3,hist,2
speech/actual/roller/f3/hist/oh4.wav,f3,hist,2
speech/actual/roller/f3/hist/oh5.wav,f3,hist,2
speech/actual/roller/f3/hist/oh6.wav,f3,hist,2
speech/actual/roller/f3/hist/on1.wav,f3,hist,2
speech/actual/roller/f3/hist/on2.wav,f3,hist,2
speech/actual/roller/f3/hist/on3.wav,f3,hist,2
speech/actual/roller/f3/hist/on4.wav,f3,hist,2
speech/actual/roller/f3/hist/on5.wav,f3,hist,2
speech/actual/roller/f3/hist/on6.wav,f3,hist,2
speech/actual/roller/f3/hist/out1.wav,f3,hist,2
speech/actual/roller/f3/hist/out2.wav,f3,hist,2
speech/actual/roller/f3/hist/out3.wav,f3,hist,2
speech/actual/roller/f3/hist/out4.wav,f3,hist,2
speech/actual/roller/f3/hist/out5.wav,f3,hist,2
speech/actual/roller/f3/hist/out6.wav,f3,hist,2
speech/actual/roller/f3/hist/point1.wav,f3,hist,2
speech/actual/roller/f3/hist/point2.wav,f3,hist,2
speech/actual/roller/f3/hist/point3.wav,f3,hist,2
speech/actual/roller/f3/hist/six1.wav,f3,hist,2
speech/actual/roller/f3/hist/six2.wav,f3,hist,2
speech/actual/roller/f3/hist/six3.wav,f3,hist,2
speech/actual/roller/f3/hist/south1.wav,f3,hist,2
speech/actual/roller/f3/hist/south2.wav,f3,hist,2
speech/actual/roller/f3/hist/south3.wav,f3,hist,2
speech/actual/roller/f3/hist/stand1.wav,f3,hist,2
speech/actual/roller/f3/hist/stand2.wav,f3,hist,2
speech/actual/roller/f3/hist/stand3.wav,f3,hist,2
speech/actual/roller/f3/hist/steer1.wav,f3,hist,2
speech/actual/roller/f3/hist/steer2.wav,f3,hist,2
speech/actual/roller/f3/hist/steer3.wav,f3,hist,2
speech/actual/roller/f3/hist/strafe1.wav,f3,hist,2
speech/actual/roller/f3/hist/strafe2.wav,f3,hist,2
speech/actual/roller/f3/hist/strafe3.wav,f3,hist,2
speech/actual/roller/f3/hist/ten1.wav,f3,hist,2
speech/actual/roller/f3/hist/ten2.wav,f3,hist,2
speech/actual/roller/f3/hist/ten3.wav,f3,hist,2
speech/actual/roller/f3/hist/thirty1.wav,f3,hist,2
speech/actual/roller/f3/hist/thirty2.wav,f3,hist,2
speech/actual/roller/f3/hist/thirty3.wav,f3,hist,2
speech/actual/roller/f3/hist/three1.wav,f3,hist,2
speech/actual/roller/f3/hist/three2.wav,f3,hist,2
speech/actual/roller/f3/hist/three3.wav,f3,hist,2
speech/actual/roller/f3/hist/white1.wav,f3,hist,2
speech/actual/roller/f3/hist/white2.wav,f3,hist,2
speech/actual/roller/f3/hist/white3.wav,f3,hist,2
speech/actual/roller/f3/hist/wide1.wav,f3,hist,2
speech/actual/roller/f3/hist/wide2.wav,f3,hist,2
speech/actual/roller/f3/hist/wide3.wav,f3,hist,2
speech/actual/roller/f3/hist/zero1.wav,f3,hist,2
speech/actual/roller/f3/hist/zero2.wav,f3,hist,2
speech/actual/roller/f3/hist/zero3.wav,f3,hist,2
speech/actual/roller/f3/hist/zero4.wav,f3,hist,2
speech/actual/roller/f3/hist/zero5.wav,f3,hist,2
speech/actual/roller/f3/hist/zero6.wav,f3,hist,2
speech/actual/roller/f3/hist_oov_all/knave1.wav,f3,hist_oov_all,2
speech/actual/roller/f3/hist_oov_all/knave2.wav,f3,hist_oov_all,2
speech/actual/roller/f3/hist_oov_all/knave3.wav,f3,hist_oov_all,2
speech/actual/roller/f3/hist_oov_all/mayday1.wav,f3,hist_oov_all,2
speech/actual/roller/f3/hist_oov_all/mayday2.wav,f3,hist_oov_all,2
speech/actual/roller/f3/hist_oov_all/mayday3.wav,f3,hist_oov_all,2
speech/actual/roller/f3/hist_oov_all/redaler1.wav,f3,hist_oov_all,2
speech/actual/roller/f3/hist_oov_all/redaler2.wav,f3,hist_oov_all,2
speech/actual/roller/f3/hist_oov_all/redaler3.wav,f3,hist_oov_all,2
speech/actual/roller/f3/hist_oov_all/redaler4.wav,f3,hist_oov_all,2
speech/actual/roller/f3/hist_oov_all/redaler5.wav,f3,hist_oov_all,2
speech/actual/roller/f3/hist_oov_all/redaler6.wav,f3,hist_oov_all,2
speech/actual/roller/f3/hist_oov_all/silence.wav,f3,hist_oov_all,2
speech/actual/roller/f3/meds_oov_all/knave1.wav,f3,meds_oov_all,1
speech/actual/roller/f3/meds_oov_all/knave2.wav,f3,meds_oov_all,1
speech/actual/roller/f3/meds_oov_all/line1.wav,f3,meds_oov_all,1
speech/actual/roller/f3/meds_oov_all/mayday1.wav,f3,meds_oov_all,1
speech/actual/roller/f3/meds_oov_all/mayday2.wav,f3,meds_oov_all,1
speech/actual/roller/f3/meds_oov_all/mayday3.wav,f3,meds_oov_all,1
speech/actual/roller/f3/meds_oov_all/redaler1.wav,f3,meds_oov_all,1
speech/actual/roller/f3/meds_oov_all/redaler2.wav,f3,meds_oov_all,1
speech/actual/roller/f3/meds_oov_all/redaler3.wav,f3,meds_oov_all,1
speech/actual/roller/f3/meds_oov_all/redaler4.wav,f3,meds_oov_all,1
speech/actual/roller/f3/meds_oov_all/redaler5.wav,f3,meds_oov_all,1
speech/actual/roller/f3/meds_oov_all/redaler6.wav,f3,meds_oov_all,1
speech/actual/roller/f3/meds_oov_all/silence1.wav,f3,meds_oov_all,1
speech/actual/roller/f3/medst/break1.wav,f3,medst,1
speech/actual/roller/f3/medst/break2.wav,f3,medst,1
speech/actual/roller/f3/medst/break3.wav,f3,medst,1
speech/actual/roller/f3/medst/break4.wav,f3,medst,1
speech/actual/roller/f3/medst/break5.wav,f3,medst,1
speech/actual/roller/f3/medst/break6.wav,f3,medst,1
speech/actual/roller/f3/medst/change1.wav,f3,medst,1
speech/actual/roller/f3/medst/change2.wav,f3,medst,1
speech/actual/roller/f3/medst/change3.wav,f3,medst,1
speech/actual/roller/f3/medst/change4.wav,f3,medst,1
speech/actual/roller/f3/medst/change5.wav,f3,medst,1
speech/actual/roller/f3/medst/change6.wav,f3,medst,1
speech/actual/roller/f3/medst/change7.wav,f3,medst,1
speech/actual/roller/f3/medst/change8.wav,f3,medst,1
speech/actual/roller/f3/medst/change9.wav,f3,medst,1
speech/actual/roller/f3/medst/degree1.wav,f3,medst,1
speech/actual/roller/f3/medst/degree2.wav,f3,medst,1
speech/actual/roller/f3/medst/degree3.wav,f3,medst,1
speech/actual/roller/f3/medst/degree4.wav,f3,medst,1
speech/actual/roller/f3/medst/degree5.wav,f3,medst,1
speech/actual/roller/f3/medst/degree6.wav,f3,medst,1
speech/actual/roller/f3/medst/degree7.wav,f3,medst,1
speech/actual/roller/f3/medst/degree8.wav,f3,medst,1
speech/actual/roller/f3/medst/destin1.wav,f3,medst,1
speech/actual/roller/f3/medst/destin10.wav,f3,medst,1
speech/actual/roller/f3/medst/destin11.wav,f3,medst,1
speech/actual/roller/f3/medst/destin12.wav,f3,medst,1
speech/actual/roller/f3/medst/destin2.wav,f3,medst,1
speech/actual/roller/f3/medst/destin3.wav,f3,medst,1
speech/actual/roller/f3/medst/destin4.wav,f3,medst,1
speech/actual/roller/f3/medst/destin5.wav,f3,medst,1
speech/actual/roller/f3/medst/destin6.wav,f3,medst,1
speech/actual/roller/f3/medst/destin7.wav,f3,medst,1
speech/actual/roller/f3/medst/destin8.wav,f3,medst,1
speech/actual/roller/f3/medst/destin9.wav,f3,medst,1
speech/actual/roller/f3/medst/east1.wav,f3,medst,1
speech/actual/roller/f3/medst/east2.wav,f3,medst,1
speech/actual/roller/f3/medst/east3.wav,f3,medst,1
speech/actual/roller/f3/medst/east4.wav,f3,medst,1
speech/actual/roller/f3/medst/east5.wav,f3,medst,1
speech/actual/roller/f3/medst/east6.wav,f3,medst,1
speech/actual/roller/f3/medst/east7.wav,f3,medst,1
speech/actual/roller/f3/medst/east8.wav,f3,medst,1
speech/actual/roller/f3/medst/east9.wav,f3,medst,1
speech/actual/roller/f3/medst/eight1.wav,f3,medst,1
speech/actual/roller/f3/medst/eight2.wav,f3,medst,1
speech/actual/roller/f3/medst/eight3.wav,f3,medst,1
speech/actual/roller/f3/medst/eight4.wav,f3,medst,1
speech/actual/roller/f3/medst/eight5.wav,f3,medst,1
speech/actual/roller/f3/medst/eight6.wav,f3,medst,1
speech/actual/roller/f3/medst/eighty1.wav,f3,medst,1
speech/actual/roller/f3/medst/eighty2.wav,f3,medst,1
speech/actual/roller/f3/medst/eighty3.wav,f3,medst,1
speech/actual/roller/f3/medst/eighty4.wav,f3,medst,1
speech/actual/roller/f3/medst/eighty5.wav,f3,medst,1
speech/actual/roller/f3/medst/eighty6.wav,f3,medst,1
speech/actual/roller/f3/medst/enter1.wav,f3,medst,1
speech/actual/roller/f3/medst/enter2.wav,f3,medst,1
speech/actual/roller/f3/medst/fifty1.wav,f3,medst,1
speech/actual/roller/f3/medst/fifty2.wav,f3,medst,1
speech/actual/roller/f3/medst/fifty3.wav,f3,medst,1
speech/actual/roller/f3/medst/fix1.wav,f3,medst,1
speech/actual/roller/f3/medst/fix2.wav,f3,medst,1
speech/actual/roller/f3/medst/fix3.wav,f3,medst,1
speech/actual/roller/f3/medst/freeze1.wav,f3,medst,1
speech/actual/roller/f3/medst/freeze2.wav,f3,medst,1
speech/actual/roller/f3/medst/freeze3.wav,f3,medst,1
speech/actual/roller/f3/medst/freeze4.wav,f3,medst,1
speech/actual/roller/f3/medst/gain1.wav,f3,medst,1
speech/actual/roller/f3/medst/gain2.wav,f3,medst,1
speech/actual/roller/f3/medst/gain3.wav,f3,medst,1
speech/actual/roller/f3/medst/gain4.wav,f3,medst,1
speech/actual/roller/f3/medst/gain5.wav,f3,medst,1
speech/actual/roller/f3/medst/gain6.wav,f3,medst,1
speech/actual/roller/f3/medst/go1.wav,f3,medst,1
speech/actual/roller/f3/medst/go2.wav,f3,medst,1
speech/actual/roller/f3/medst/go3.wav,f3,medst,1
speech/actual/roller/f3/medst/go4.wav,f3,medst,1
speech/actual/roller/f3/medst/go5.wav,f3,medst,1
speech/actual/roller/f3/medst/go6.wav,f3,medst,1
speech/actual/roller/f3/medst/go7.wav,f3,medst,1
speech/actual/roller/f3/medst/go8.wav,f3,medst,1
speech/actual/roller/f3/medst/hello1.wav,f3,medst,1
speech/actual/roller/f3/medst/hello2.wav,f3,medst,1
speech/actual/roller/f3/medst/hello3.wav,f3,medst,1
speech/actual/roller/f3/medst/hello4.wav,f3,medst,1
speech/actual/roller/f3/medst/hello5.wav,f3,medst,1
speech/actual/roller/f3/medst/hello6.wav,f3,medst,1
speech/actual/roller/f3/medst/help1.wav,f3,medst,1
speech/actual/roller/f3/medst/help2.wav,f3,medst,1
speech/actual/roller/f3/medst/help3.wav,f3,medst,1
speech/actual/roller/f3/medst/help4.wav,f3,medst,1
speech/actual/roller/f3/medst/help5.wav,f3,medst,1
speech/actual/roller/f3/medst/help6.wav,f3,medst,1
speech/actual/roller/f3/medst/histog1.wav,f3,medst,1
speech/actual/roller/f3/medst/histog2.wav,f3,medst,1
speech/actual/roller/f3/medst/histog3.wav,f3,medst,1
speech/actual/roller/f3/medst/histog4.wav,f3,medst,1
speech/actual/roller/f3/medst/histog5.wav,f3,medst,1
speech/actual/roller/f3/medst/histog6.wav,f3,medst,1
speech/actual/roller/f3/medst/hot1.wav,f3,medst,1
speech/actual/roller/f3/medst/hot2.wav,f3,medst,1
speech/actual/roller/f3/medst/hot3.wav,f3,medst,1
speech/actual/roller/f3/medst/mark1.wav,f3,medst,1
speech/actual/roller/f3/medst/mark2.wav,f3,medst,1
speech/actual/roller/f3/medst/mark3.wav,f3,medst,1
speech/actual/roller/f3/medst/mark4.wav,f3,medst,1
speech/actual/roller/f3/medst/mark5.wav,f3,medst,1
speech/actual/roller/f3/medst/mark6.wav,f3,medst,1
speech/actual/roller/f3/medst/nav1.wav,f3,medst,1
speech/actual/roller/f3/medst/no1.wav,f3,medst,1
speech/actual/roller/f3/medst/no2.wav,f3,medst,1
speech/actual/roller/f3/medst/no3.wav,f3,medst,1
speech/actual/roller/f3/medst/no4.wav,f3,medst,1
speech/actual/roller/f3/medst/no5.wav,f3,medst,1
speech/actual/roller/f3/medst/no6.wav,f3,medst,1
speech/actual/roller/f3/medst/no7.wav,f3,medst,1
speech/actual/roller/f3/medst/no8.wav,f3,medst,1
speech/actual/roller/f3/medst/oh1.wav,f3,medst,1
speech/actual/roller/f3/medst/oh2.wav,f3,medst,1
speech/actual/roller/f3/medst/oh3.wav,f3,medst,1
speech/actual/roller/f3/medst/oh4.wav,f3,medst,1
speech/actual/roller/f3/medst/oh5.wav,f3,medst,1
speech/actual/roller/f3/medst/oh6.wav,f3,medst,1
speech/actual/roller/f3/medst/oh7.wav,f3,medst,1
speech/actual/roller/f3/medst/oh8.wav,f3,medst,1
speech/actual/roller/f3/medst/on1.wav,f3,medst,1
speech/actual/roller/f3/medst/on2.wav,f3,medst,1
speech/actual/roller/f3/medst/on3.wav,f3,medst,1
speech/actual/roller/f3/medst/on4.wav,f3,medst,1
speech/actual/roller/f3/medst/on5.wav,f3,medst,1
speech/actual/roller/f3/medst/out1.wav,f3,medst,1
speech/actual/roller/f3/medst/out2.wav,f3,medst,1
speech/actual/roller/f3/medst/out3.wav,f3,medst,1
speech/actual/roller/f3/medst/out4.wav,f3,medst,1
speech/actual/roller/f3/medst/out5.wav,f3,medst,1
speech/actual/roller/f3/medst/out6.wav,f3,medst,1
speech/actual/roller/f3/medst/point1.wav,f3,medst,1
speech/actual/roller/f3/medst/point2.wav,f3,medst,1
speech/actual/roller/f3/medst/point3.wav,f3,medst,1
speech/actual/roller/f3/medst/six1.wav,f3,medst,1
speech/actual/roller/f3/medst/six2.wav,f3,medst,1
speech/actual/roller/f3/medst/six3.wav,f3,medst,1
speech/actual/roller/f3/medst/south1.wav,f3,medst,1
speech/actual/roller/f3/medst/south2.wav,f3,medst,1
speech/actual/roller/f3/medst/south3.wav,f3,medst,1
speech/actual/roller/f3/medst/stand1.wav,f3,medst,1
speech/actual/roller/f3/medst/stand2.wav,f3,medst,1
speech/actual/roller/f3/medst/stand3.wav,f3,medst,1
speech/actual/roller/f3/medst/steer1.wav,f3,medst,1
speech/actual/roller/f3/medst/steer2.wav,f3,medst,1
speech/actual/roller/f3/medst/steer3.wav,f3,medst,1
speech/actual/roller/f3/medst/strafe1.wav,f3,medst,1
speech/actual/roller/f3/medst/strafe2.wav,f3,medst,1
speech/actual/roller/f3/medst/strafe3.wav,f3,medst,1
speech/actual/roller/f3/medst/ten1.wav,f3,medst,1
speech/actual/roller/f3/medst/ten2.wav,f3,medst,1
speech/actual/roller/f3/medst/ten3.wav,f3,medst,1
speech/actual/roller/f3/medst/thirty1.wav,f3,medst,1
speech/actual/roller/f3/medst/thirty2.wav,f3,medst,1
speech/actual/roller/f3/medst/thirty3.wav,f3,medst,1
speech/actual/roller/f3/medst/three1.wav,f3,medst,1
speech/actual/roller/f3/medst/three2.wav,f3,medst,1
speech/actual/roller/f3/medst/three3.wav,f3,medst,1
speech/actual/roller/f3/medst/white1.wav,f3,medst,1
speech/actual/roller/f3/medst/white2.wav,f3,medst,1
speech/actual/roller/f3/medst/white3.wav,f3,medst,1
speech/actual/roller/f3/medst/wide1.wav,f3,medst,1
speech/actual/roller/f3/medst/wide2.wav,f3,medst,1
speech/actual/roller/f3/medst/wide3.wav,f3,medst,1
speech/actual/roller/f3/medst/zero1.wav,f3,medst,1
speech/actual/roller/f3/medst/zero2.wav,f3,medst,1
speech/actual/roller/f3/medst/zero3.wav,f3,medst,1
speech/actual/roller/f3/medst/zero4.wav,f3,medst,1
speech/actual/roller/f3/medst/zero5.wav,f3,medst,1
speech/actual/roller/f3/medst/zero6.wav,f3,medst,1
speech/actual/roller/f3/neut_oov_all/breakti1.wav,f3,neut_oov_all,0
speech/actual/roller/f3/neut_oov_all/breakti2.wav,f3,neut_oov_all,0
speech/actual/roller/f3/neut_oov_all/breakti3.wav,f3,neut_oov_all,0
speech/actual/roller/f3/neut_oov_all/helpme1.wav,f3,neut_oov_all,0
speech/actual/roller/f3/neut_oov_all/helpme2.wav,f3,neut_oov_all,0
speech/actual/roller/f3/neut_oov_all/helpme3.wav,f3,neut_oov_all,0
speech/actual/roller/f3/neut_oov_all/knave1.wav,f3,neut_oov_all,0
speech/actual/roller/f3/neut_oov_all/knave2.wav,f3,neut_oov_all,0
speech/actual/roller/f3/neut_oov_all/knave3.wav,f3,neut_oov_all,0
speech/actual/roller/f3/neut_oov_all/mayday1.wav,f3,neut_oov_all,0
speech/actual/roller/f3/neut_oov_all/mayday2.wav,f3,neut_oov_all,0
speech/actual/roller/f3/neut_oov_all/mayday3.wav,f3,neut_oov_all,0
speech/actual/roller/f3/neut_oov_all/pilot1.wav,f3,neut_oov_all,0
speech/actual/roller/f3/neut_oov_all/pilot2.wav,f3,neut_oov_all,0
speech/actual/roller/f3/neut_oov_all/pilot3.wav,f3,neut_oov_all,0
speech/actual/roller/f3/neut_oov_all/put1.wav,f3,neut_oov_all,0
speech/actual/roller/f3/neut_oov_all/put2.wav,f3,neut_oov_all,0
speech/actual/roller/f3/neut_oov_all/put3.wav,f3,neut_oov_all,0
speech/actual/roller/f3/neut_oov_all/redaler1.wav,f3,neut_oov_all,0
speech/actual/roller/f3/neut_oov_all/redaler2.wav,f3,neut_oov_all,0
speech/actual/roller/f3/neut_oov_all/redaler3.wav,f3,neut_oov_all,0
speech/actual/roller/f3/neut_oov_all/silence1.wav,f3,neut_oov_all,0
speech/actual/roller/f3/neutral/break1.wav,f3,neutral,0
speech/actual/roller/f3/neutral/break2.wav,f3,neutral,0
speech/actual/roller/f3/neutral/break3.wav,f3,neutral,0
speech/actual/roller/f3/neutral/change1.wav,f3,neutral,0
speech/actual/roller/f3/neutral/change2.wav,f3,neutral,0
speech/actual/roller/f3/neutral/change3.wav,f3,neutral,0
speech/actual/roller/f3/neutral/degree1.wav,f3,neutral,0
speech/actual/roller/f3/neutral/degree2.wav,f3,neutral,0
speech/actual/roller/f3/neutral/degree3.wav,f3,neutral,0
speech/actual/roller/f3/neutral/destin1.wav,f3,neutral,0
speech/actual/roller/f3/neutral/destin2.wav,f3,neutral,0
speech/actual/roller/f3/neutral/destin3.wav,f3,neutral,0
speech/actual/roller/f3/neutral/east1.wav,f3,neutral,0
speech/actual/roller/f3/neutral/east2.wav,f3,neutral,0
speech/actual/roller/f3/neutral/eight1.wav,f3,neutral,0
speech/actual/roller/f3/neutral/eight2.wav,f3,neutral,0
speech/actual/roller/f3/neutral/eight3.wav,f3,neutral,0
speech/actual/roller/f3/neutral/eighty1.wav,f3,neutral,0
speech/actual/roller/f3/neutral/eighty2.wav,f3,neutral,0
speech/actual/roller/f3/neutral/eighty3.wav,f3,neutral,0
speech/actual/roller/f3/neutral/enter1.wav,f3,neutral,0
speech/actual/roller/f3/neutral/enter2.wav,f3,neutral,0
speech/actual/roller/f3/neutral/enter3.wav,f3,neutral,0
speech/actual/roller/f3/neutral/fifty1.wav,f3,neutral,0
speech/actual/roller/f3/neutral/fifty2.wav,f3,neutral,0
speech/actual/roller/f3/neutral/fifty3.wav,f3,neutral,0
speech/actual/roller/f3/neutral/fix1.wav,f3,neutral,0
speech/actual/roller/f3/neutral/fix2.wav,f3,neutral,0
speech/actual/roller/f3/neutral/fix3.wav,f3,neutral,0
speech/actual/roller/f3/neutral/freeze1.wav,f3,neutral,0
speech/actual/roller/f3/neutral/freeze2.wav,f3,neutral,0
speech/actual/roller/f3/neutral/freeze3.wav,f3,neutral,0
speech/actual/roller/f3/neutral/gain1.wav,f3,neutral,0
speech/actual/roller/f3/neutral/gain2.wav,f3,neutral,0
speech/actual/roller/f3/neutral/gain3.wav,f3,neutral,0
speech/actual/roller/f3/neutral/go1.wav,f3,neutral,0
speech/actual/roller/f3/neutral/go2.wav,f3,neutral,0
speech/actual/roller/f3/neutral/go3.wav,f3,neutral,0
speech/actual/roller/f3/neutral/hello1.wav,f3,neutral,0
speech/actual/roller/f3/neutral/hello2.wav,f3,neutral,0
speech/actual/roller/f3/neutral/hello3.wav,f3,neutral,0
speech/actual/roller/f3/neutral/help1.wav,f3,neutral,0
speech/actual/roller/f3/neutral/help2.wav,f3,neutral,0
speech/actual/roller/f3/neutral/help3.wav,f3,neutral,0
speech/actual/roller/f3/neutral/histog1.wav,f3,neutral,0
speech/actual/roller/f3/neutral/histog2.wav,f3,neutral,0
speech/actual/roller/f3/neutral/histog3.wav,f3,neutral,0
speech/actual/roller/f3/neutral/hot1.wav,f3,neutral,0
speech/actual/roller/f3/neutral/hot2.wav,f3,neutral,0
speech/actual/roller/f3/neutral/hot3.wav,f3,neutral,0
speech/actual/roller/f3/neutral/mark1.wav,f3,neutral,0
speech/actual/roller/f3/neutral/mark2.wav,f3,neutral,0
speech/actual/roller/f3/neutral/mark3.wav,f3,neutral,0
speech/actual/roller/f3/neutral/nav1.wav,f3,neutral,0
speech/actual/roller/f3/neutral/nav2.wav,f3,neutral,0
speech/actual/roller/f3/neutral/nav3.wav,f3,neutral,0
speech/actual/roller/f3/neutral/nav4.wav,f3,neutral,0
speech/actual/roller/f3/neutral/no1.wav,f3,neutral,0
speech/actual/roller/f3/neutral/no2.wav,f3,neutral,0
speech/actual/roller/f3/neutral/no3.wav,f3,neutral,0
speech/actual/roller/f3/neutral/no4.wav,f3,neutral,0
speech/actual/roller/f3/neutral/oh1.wav,f3,neutral,0
speech/actual/roller/f3/neutral/oh2.wav,f3,neutral,0
speech/actual/roller/f3/neutral/oh3.wav,f3,neutral,0
speech/actual/roller/f3/neutral/on1.wav,f3,neutral,0
speech/actual/roller/f3/neutral/on2.wav,f3,neutral,0
speech/actual/roller/f3/neutral/on3.wav,f3,neutral,0
speech/actual/roller/f3/neutral/out1.wav,f3,neutral,0
speech/actual/roller/f3/neutral/out2.wav,f3,neutral,0
speech/actual/roller/f3/neutral/out3.wav,f3,neutral,0
speech/actual/roller/f3/neutral/point1.wav,f3,neutral,0
speech/actual/roller/f3/neutral/point2.wav,f3,neutral,0
speech/actual/roller/f3/neutral/point3.wav,f3,neutral,0
speech/actual/roller/f3/neutral/six1.wav,f3,neutral,0
speech/actual/roller/f3/neutral/six2.wav,f3,neutral,0
speech/actual/roller/f3/neutral/six3.wav,f3,neutral,0
speech/actual/roller/f3/neutral/south1.wav,f3,neutral,0
speech/actual/roller/f3/neutral/south2.wav,f3,neutral,0
speech/actual/roller/f3/neutral/south3.wav,f3,neutral,0
speech/actual/roller/f3/neutral/stand1.wav,f3,neutral,0
speech/actual/roller/f3/neutral/stand2.wav,f3,neutral,0
speech/actual/roller/f3/neutral/stand3.wav,f3,neutral,0
speech/actual/roller/f3/neutral/steer1.wav,f3,neutral,0
speech/actual/roller/f3/neutral/steer2.wav,f3,neutral,0
speech/actual/roller/f3/neutral/steer3.wav,f3,neutral,0
speech/actual/roller/f3/neutral/strafe1.wav,f3,neutral,0
speech/actual/roller/f3/neutral/strafe2.wav,f3,neutral,0
speech/actual/roller/f3/neutral/strafe3.wav,f3,neutral,0
speech/actual/roller/f3/neutral/ten1.wav,f3,neutral,0
speech/actual/roller/f3/neutral/ten2.wav,f3,neutral,0
speech/actual/roller/f3/neutral/ten3.wav,f3,neutral,0
speech/actual/roller/f3/neutral/thirty1.wav,f3,neutral,0
speech/actual/roller/f3/neutral/thirty2.wav,f3,neutral,0
speech/actual/roller/f3/neutral/thirty3.wav,f3,neutral,0
speech/actual/roller/f3/neutral/three1.wav,f3,neutral,0
speech/actual/roller/f3/neutral/three2.wav,f3,neutral,0
speech/actual/roller/f3/neutral/three3.wav,f3,neutral,0
speech/actual/roller/f3/neutral/white1.wav,f3,neutral,0
speech/actual/roller/f3/neutral/white2.wav,f3,neutral,0
speech/actual/roller/f3/neutral/white3.wav,f3,neutral,0
speech/actual/roller/f3/neutral/wide1.wav,f3,neutral,0
speech/actual/roller/f3/neutral/wide2.wav,f3,neutral,0
speech/actual/roller/f3/neutral/wide3.wav,f3,neutral,0
speech/actual/roller/f3/neutral/zero1.wav,f3,neutral,0
speech/actual/roller/f3/neutral/zero2.wav,f3,neutral,0
speech/actual/roller/f3/neutral/zero3.wav,f3,neutral,0
speech/actual/roller/f3/scre_oov_all/all1.wav,f3,scre_oov_all,2
speech/actual/roller/f3/scre_oov_all/all2.wav,f3,scre_oov_all,2
speech/actual/roller/f3/scre_oov_all/all3.wav,f3,scre_oov_all,2
speech/actual/roller/f3/scre_oov_all/mayday1.wav,f3,scre_oov_all,2
speech/actual/roller/f3/scre_oov_all/mayday2.wav,f3,scre_oov_all,2
speech/actual/roller/f3/scre_oov_all/mayday3.wav,f3,scre_oov_all,2
speech/actual/roller/f3/scre_oov_all/mayday4.wav,f3,scre_oov_all,2
speech/actual/roller/f3/scre_oov_all/redaler1.wav,f3,scre_oov_all,2
speech/actual/roller/f3/scre_oov_all/silence1.wav,f3,scre_oov_all,2
speech/actual/roller/f3/scre_oov_all/silence2.wav,f3,scre_oov_all,2
speech/actual/roller/f3/scre_oov_all/silence3.wav,f3,scre_oov_all,2
speech/actual/roller/f3/scre_oov_all/silence4.wav,f3,scre_oov_all,2
speech/actual/roller/f3/scre_oov_all/silence5.wav,f3,scre_oov_all,2
speech/actual/roller/f3/scre_oov_all/silence6.wav,f3,scre_oov_all,2
speech/actual/roller/f3/scre_oov_all/silence7.wav,f3,scre_oov_all,2
speech/actual/roller/f3/scre_oov_all/silence8.wav,f3,scre_oov_all,2
speech/actual/roller/f3/scre_oov_all/top1.wav,f3,scre_oov_all,2
speech/actual/roller/f3/scre_oov_all/top2.wav,f3,scre_oov_all,2
speech/actual/roller/f3/scre_oov_all/top3.wav,f3,scre_oov_all,2
speech/actual/roller/f3/scre_oov_all/top4.wav,f3,scre_oov_all,2
speech/actual/roller/f3/scre_oov_all/top5.wav,f3,scre_oov_all,2
speech/actual/roller/f3/scre_oov_all/top6.wav,f3,scre_oov_all,2
speech/actual/roller/f3/scre_oov_all/top7.wav,f3,scre_oov_all,2
speech/actual/roller/f3/scre_oov_all/top8.wav,f3,scre_oov_all,2
speech/actual/roller/f3/scream/break1.wav,f3,scream,2
speech/actual/roller/f3/scream/break2.wav,f3,scream,2
speech/actual/roller/f3/scream/break3.wav,f3,scream,2
speech/actual/roller/f3/scream/break4.wav,f3,scream,2
speech/actual/roller/f3/scream/change1.wav,f3,scream,2
speech/actual/roller/f3/scream/change2.wav,f3,scream,2
speech/actual/roller/f3/scream/change3.wav,f3,scream,2
speech/actual/roller/f3/scream/change4.wav,f3,scream,2
speech/actual/roller/f3/scream/degree1.wav,f3,scream,2
speech/actual/roller/f3/scream/degree2.wav,f3,scream,2
speech/actual/roller/f3/scream/degree3.wav,f3,scream,2
speech/actual/roller/f3/scream/degree4.wav,f3,scream,2
speech/actual/roller/f3/scream/degree5.wav,f3,scream,2
speech/actual/roller/f3/scream/destin1.wav,f3,scream,2
speech/actual/roller/f3/scream/destin2.wav,f3,scream,2
speech/actual/roller/f3/scream/destin3.wav,f3,scream,2
speech/actual/roller/f3/scream/destin4.wav,f3,scream,2
speech/actual/roller/f3/scream/east1.wav,f3,scream,2
speech/actual/roller/f3/scream/east2.wav,f3,scream,2
speech/actual/roller/f3/scream/east3.wav,f3,scream,2
speech/actual/roller/f3/scream/eight1.wav,f3,scream,2
speech/actual/roller/f3/scream/eight2.wav,f3,scream,2
speech/actual/roller/f3/scream/eight3.wav,f3,scream,2
speech/actual/roller/f3/scream/eighty1.wav,f3,scream,2
speech/actual/roller/f3/scream/eighty2.wav,f3,scream,2
speech/actual/roller/f3/scream/eighty3.wav,f3,scream,2
speech/actual/roller/f3/scream/eighty4.wav,f3,scream,2
speech/actual/roller/f3/scream/enter1.wav,f3,scream,2
speech/actual/roller/f3/scream/enter2.wav,f3,scream,2
speech/actual/roller/f3/scream/enter3.wav,f3,scream,2
speech/actual/roller/f3/scream/fifty1.wav,f3,scream,2
speech/actual/roller/f3/scream/fifty2.wav,f3,scream,2
speech/actual/roller/f3/scream/fifty3.wav,f3,scream,2
speech/actual/roller/f3/scream/fix1.wav,f3,scream,2
speech/actual/roller/f3/scream/fix2.wav,f3,scream,2
speech/actual/roller/f3/scream/fix3.wav,f3,scream,2
speech/actual/roller/f3/scream/fix4.wav,f3,scream,2
speech/actual/roller/f3/scream/freeze1.wav,f3,scream,2
speech/actual/roller/f3/scream/freeze2.wav,f3,scream,2
speech/actual/roller/f3/scream/freeze3.wav,f3,scream,2
speech/actual/roller/f3/scream/gain1.wav,f3,scream,2
speech/actual/roller/f3/scream/gain2.wav,f3,scream,2
speech/actual/roller/f3/scream/go1.wav,f3,scream,2
speech/actual/roller/f3/scream/go2.wav,f3,scream,2
speech/actual/roller/f3/scream/go3.wav,f3,scream,2
speech/actual/roller/f3/scream/hello1.wav,f3,scream,2
speech/actual/roller/f3/scream/hello2.wav,f3,scream,2
speech/actual/roller/f3/scream/hello3.wav,f3,scream,2
speech/actual/roller/f3/scream/help1.wav,f3,scream,2
speech/actual/roller/f3/scream/histog1.wav,f3,scream,2
speech/actual/roller/f3/scream/histog2.wav,f3,scream,2
speech/actual/roller/f3/scream/hot1.wav,f3,scream,2
speech/actual/roller/f3/scream/hot2.wav,f3,scream,2
speech/actual/roller/f3/scream/mark1.wav,f3,scream,2
speech/actual/roller/f3/scream/no1.wav,f3,scream,2
speech/actual/roller/f3/scream/no2.wav,f3,scream,2
speech/actual/roller/f3/scream/oh1.wav,f3,scream,2
speech/actual/roller/f3/scream/on1.wav,f3,scream,2
speech/actual/roller/f3/scream/out1.wav,f3,scream,2
speech/actual/roller/f3/scream/point1.wav,f3,scream,2
speech/actual/roller/f3/scream/point2.wav,f3,scream,2
speech/actual/roller/f3/scream/six1.wav,f3,scream,2
speech/actual/roller/f3/scream/six2.wav,f3,scream,2
speech/actual/roller/f3/scream/stand1.wav,f3,scream,2
speech/actual/roller/f3/scream/steer1.wav,f3,scream,2
speech/actual/roller/f3/scream/three1.wav,f3,scream,2
speech/actual/roller/m1/free_oov_all/all1.wav,m1,free_oov_all,2
speech/actual/roller/m1/free_oov_all/all2.wav,m1,free_oov_all,2
speech/actual/roller/m1/freefall/fifty1.wav,m1,freefall,2
speech/actual/roller/m1/freefall/fifty2.wav,m1,freefall,2
speech/actual/roller/m1/freefall/fifty3.wav,m1,freefall,2
speech/actual/roller/m1/freefall/no1.wav,m1,freefall,2
speech/actual/roller/m1/freefall/no2.wav,m1,freefall,2
speech/actual/roller/m1/freefall/no3.wav,m1,freefall,2
speech/actual/roller/m1/freefall/three1.wav,m1,freefall,2
speech/actual/roller/m1/freefall/three2.wav,m1,freefall,2
speech/actual/roller/m1/hist/break1.wav,m1,hist,2
speech/actual/roller/m1/hist/break2.wav,m1,hist,2
speech/actual/roller/m1/hist/break3.wav,m1,hist,2
speech/actual/roller/m1/hist/change1.wav,m1,hist,2
speech/actual/roller/m1/hist/change2.wav,m1,hist,2
speech/actual/roller/m1/hist/change3.wav,m1,hist,2
speech/actual/roller/m1/hist/degree1.wav,m1,hist,2
speech/actual/roller/m1/hist/degree2.wav,m1,hist,2
speech/actual/roller/m1/hist/degree3.wav,m1,hist,2
speech/actual/roller/m1/hist/degree4.wav,m1,hist,2
speech/actual/roller/m1/hist/degree5.wav,m1,hist,2
speech/actual/roller/m1/hist/degree6.wav,m1,hist,2
speech/actual/roller/m1/hist/destin1.wav,m1,hist,2
speech/actual/roller/m1/hist/destin2.wav,m1,hist,2
speech/actual/roller/m1/hist/destin3.wav,m1,hist,2
speech/actual/roller/m1/hist/east1.wav,m1,hist,2
speech/actual/roller/m1/hist/east2.wav,m1,hist,2
speech/actual/roller/m1/hist/east3.wav,m1,hist,2
speech/actual/roller/m1/hist/eight1.wav,m1,hist,2
speech/actual/roller/m1/hist/eight2.wav,m1,hist,2
speech/actual/roller/m1/hist/eight3.wav,m1,hist,2
speech/actual/roller/m1/hist/eight4.wav,m1,hist,2
speech/actual/roller/m1/hist/eight5.wav,m1,hist,2
speech/actual/roller/m1/hist/eight6.wav,m1,hist,2
speech/actual/roller/m1/hist/eight7.wav,m1,hist,2
speech/actual/roller/m1/hist/eight8.wav,m1,hist,2
speech/actual/roller/m1/hist/eight9.wav,m1,hist,2
speech/actual/roller/m1/hist/eighty1.wav,m1,hist,2
speech/actual/roller/m1/hist/eighty2.wav,m1,hist,2
speech/actual/roller/m1/hist/eighty3.wav,m1,hist,2
speech/actual/roller/m1/hist/eighty4.wav,m1,hist,2
speech/actual/roller/m1/hist/eighty5.wav,m1,hist,2
speech/actual/roller/m1/hist/eighty6.wav,m1,hist,2
speech/actual/roller/m1/hist/enter1.wav,m1,hist,2
speech/actual/roller/m1/hist/enter2.wav,m1,hist,2
speech/actual/roller/m1/hist/enter3.wav,m1,hist,2
speech/actual/roller/m1/hist/fifty1.wav,m1,hist,2
speech/actual/roller/m1/hist/fifty2.wav,m1,hist,2
speech/actual/roller/m1/hist/fifty3.wav,m1,hist,2
speech/actual/roller/m1/hist/fifty4.wav,m1,hist,2
speech/actual/roller/m1/hist/fifty5.wav,m1,hist,2
speech/actual/roller/m1/hist/fifty6.wav,m1,hist,2
speech/actual/roller/m1/hist/fifty7.wav,m1,hist,2
speech/actual/roller/m1/hist/fifty8.wav,m1,hist,2
speech/actual/roller/m1/hist/fifty9.wav,m1,hist,2
speech/actual/roller/m1/hist/fix1.wav,m1,hist,2
speech/actual/roller/m1/hist/fix10.wav,m1,hist,2
speech/actual/roller/m1/hist/fix11.wav,m1,hist,2
speech/actual/roller/m1/hist/fix12.wav,m1,hist,2
speech/actual/roller/m1/hist/fix13.wav,m1,hist,2
speech/actual/roller/m1/hist/fix14.wav,m1,hist,2
speech/actual/roller/m1/hist/fix2.wav,m1,hist,2
speech/actual/roller/m1/hist/fix3.wav,m1,hist,2
speech/actual/roller/m1/hist/fix4.wav,m1,hist,2
speech/actual/roller/m1/hist/fix5.wav,m1,hist,2
speech/actual/roller/m1/hist/fix6.wav,m1,hist,2
speech/actual/roller/m1/hist/fix7.wav,m1,hist,2
speech/actual/roller/m1/hist/fix8.wav,m1,hist,2
speech/actual/roller/m1/hist/fix9.wav,m1,hist,2
speech/actual/roller/m1/hist/freeze1.wav,m1,hist,2
speech/actual/roller/m1/hist/freeze10.wav,m1,hist,2
speech/actual/roller/m1/hist/freeze11.wav,m1,hist,2
speech/actual/roller/m1/hist/freeze12.wav,m1,hist,2
speech/actual/roller/m1/hist/freeze2.wav,m1,hist,2
speech/actual/roller/m1/hist/freeze3.wav,m1,hist,2
speech/actual/roller/m1/hist/freeze4.wav,m1,hist,2
speech/actual/roller/m1/hist/freeze5.wav,m1,hist,2
speech/actual/roller/m1/hist/freeze6.wav,m1,hist,2
speech/actual/roller/m1/hist/freeze7.wav,m1,hist,2
speech/actual/roller/m1/hist/freeze8.wav,m1,hist,2
speech/actual/roller/m1/hist/freeze9.wav,m1,hist,2
speech/actual/roller/m1/hist/gain1.wav,m1,hist,2
speech/actual/roller/m1/hist/gain2.wav,m1,hist,2
speech/actual/roller/m1/hist/gain3.wav,m1,hist,2
speech/actual/roller/m1/hist/gain4.wav,m1,hist,2
speech/actual/roller/m1/hist/gain5.wav,m1,hist,2
speech/actual/roller/m1/hist/gain6.wav,m1,hist,2
speech/actual/roller/m1/hist/gain7.wav,m1,hist,2
speech/actual/roller/m1/hist/gain8.wav,m1,hist,2
speech/actual/roller/m1/hist/gain9.wav,m1,hist,2
speech/actual/roller/m1/hist/go1.wav,m1,hist,2
speech/actual/roller/m1/hist/go2.wav,m1,hist,2
speech/actual/roller/m1/hist/go3.wav,m1,hist,2
speech/actual/roller/m1/hist/hello1.wav,m1,hist,2
speech/actual/roller/m1/hist/hello2.wav,m1,hist,2
speech/actual/roller/m1/hist/hello3.wav,m1,hist,2
speech/actual/roller/m1/hist/help1.wav,m1,hist,2
speech/actual/roller/m1/hist/help2.wav,m1,hist,2
speech/actual/roller/m1/hist/help3.wav,m1,hist,2
speech/actual/roller/m1/hist/histog1.wav,m1,hist,2
speech/actual/roller/m1/hist/histog2.wav,m1,hist,2
speech/actual/roller/m1/hist/histog3.wav,m1,hist,2
speech/actual/roller/m1/hist/histog4.wav,m1,hist,2
speech/actual/roller/m1/hist/histog5.wav,m1,hist,2
speech/actual/roller/m1/hist/histog6.wav,m1,hist,2
speech/actual/roller/m1/hist/hot1.wav,m1,hist,2
speech/actual/roller/m1/hist/hot2.wav,m1,hist,2
speech/actual/roller/m1/hist/hot3.wav,m1,hist,2
speech/actual/roller/m1/hist/mark1.wav,m1,hist,2
speech/actual/roller/m1/hist/mark2.wav,m1,hist,2
speech/actual/roller/m1/hist/nav1.wav,m1,hist,2
speech/actual/roller/m1/hist/nav2.wav,m1,hist,2
speech/actual/roller/m1/hist/nav3.wav,m1,hist,2
speech/actual/roller/m1/hist/no1.wav,m1,hist,2
speech/actual/roller/m1/hist/no2.wav,m1,hist,2
speech/actual/roller/m1/hist/no3.wav,m1,hist,2
speech/actual/roller/m1/hist/no4.wav,m1,hist,2
speech/actual/roller/m1/hist/no5.wav,m1,hist,2
speech/actual/roller/m1/hist/no6.wav,m1,hist,2
speech/actual/roller/m1/hist/no7.wav,m1,hist,2
speech/actual/roller/m1/hist/no8.wav,m1,hist,2
speech/actual/roller/m1/hist/no9.wav,m1,hist,2
speech/actual/roller/m1/hist/oh1.wav,m1,hist,2
speech/actual/roller/m1/hist/oh2.wav,m1,hist,2
speech/actual/roller/m1/hist/oh3.wav,m1,hist,2
speech/actual/roller/m1/hist/on1.wav,m1,hist,2
speech/actual/roller/m1/hist/on2.wav,m1,hist,2
speech/actual/roller/m1/hist/on3.wav,m1,hist,2
speech/actual/roller/m1/hist/out1.wav,m1,hist,2
speech/actual/roller/m1/hist/out2.wav,m1,hist,2
speech/actual/roller/m1/hist/out3.wav,m1,hist,2
speech/actual/roller/m1/hist/out4.wav,m1,hist,2
speech/actual/roller/m1/hist/out5.wav,m1,hist,2
speech/actual/roller/m1/hist/out6.wav,m1,hist,2
speech/actual/roller/m1/hist/point1.wav,m1,hist,2
speech/actual/roller/m1/hist/point2.wav,m1,hist,2
speech/actual/roller/m1/hist/point3.wav,m1,hist,2
speech/actual/roller/m1/hist/six1.wav,m1,hist,2
speech/actual/roller/m1/hist/six2.wav,m1,hist,2
speech/actual/roller/m1/hist/six3.wav,m1,hist,2
speech/actual/roller/m1/hist/six4.wav,m1,hist,2
speech/actual/roller/m1/hist/south1.wav,m1,hist,2
speech/actual/roller/m1/hist/south2.wav,m1,hist,2
speech/actual/roller/m1/hist/south3.wav,m1,hist,2
speech/actual/roller/m1/hist/stand1.wav,m1,hist,2
speech/actual/roller/m1/hist/stand2.wav,m1,hist,2
speech/actual/roller/m1/hist/stand3.wav,m1,hist,2
speech/actual/roller/m1/hist/stand4.wav,m1,hist,2
speech/actual/roller/m1/hist/stand5.wav,m1,hist,2
speech/actual/roller/m1/hist/stand6.wav,m1,hist,2
speech/actual/roller/m1/hist/steer1.wav,m1,hist,2
speech/actual/roller/m1/hist/steer2.wav,m1,hist,2
speech/actual/roller/m1/hist/steer3.wav,m1,hist,2
speech/actual/roller/m1/hist/steer4.wav,m1,hist,2
speech/actual/roller/m1/hist/steer5.wav,m1,hist,2
speech/actual/roller/m1/hist/steer6.wav,m1,hist,2
speech/actual/roller/m1/hist/steer7.wav,m1,hist,2
speech/actual/roller/m1/hist/steer8.wav,m1,hist,2
speech/actual/roller/m1/hist/steer9.wav,m1,hist,2
speech/actual/roller/m1/hist/strafe1.wav,m1,hist,2
speech/actual/roller/m1/hist/strafe2.wav,m1,hist,2
speech/actual/roller/m1/hist/strafe3.wav,m1,hist,2
speech/actual/roller/m1/hist/strafe4.wav,m1,hist,2
speech/actual/roller/m1/hist/strafe5.wav,m1,hist,2
speech/actual/roller/m1/hist/strafe6.wav,m1,hist,2
speech/actual/roller/m1/hist/ten1.wav,m1,hist,2
speech/actual/roller/m1/hist/ten2.wav,m1,hist,2
speech/actual/roller/m1/hist/ten3.wav,m1,hist,2
speech/actual/roller/m1/hist/thirty1.wav,m1,hist,2
speech/actual/roller/m1/hist/thirty2.wav,m1,hist,2
speech/actual/roller/m1/hist/thirty3.wav,m1,hist,2
speech/actual/roller/m1/hist/three1.wav,m1,hist,2
speech/actual/roller/m1/hist/three2.wav,m1,hist,2
speech/actual/roller/m1/hist/three3.wav,m1,hist,2
speech/actual/roller/m1/hist/three4.wav,m1,hist,2
speech/actual/roller/m1/hist/three5.wav,m1,hist,2
speech/actual/roller/m1/hist/three6.wav,m1,hist,2
speech/actual/roller/m1/hist/three7.wav,m1,hist,2
speech/actual/roller/m1/hist/three8.wav,m1,hist,2
speech/actual/roller/m1/hist/three9.wav,m1,hist,2
speech/actual/roller/m1/hist/white1.wav,m1,hist,2
speech/actual/roller/m1/hist/white2.wav,m1,hist,2
speech/actual/roller/m1/hist/white3.wav,m1,hist,2
speech/actual/roller/m1/hist/wide1.wav,m1,hist,2
speech/actual/roller/m1/hist/wide2.wav,m1,hist,2
speech/actual/roller/m1/hist/wide3.wav,m1,hist,2
speech/actual/roller/m1/hist/zero1.wav,m1,hist,2
speech/actual/roller/m1/hist/zero2.wav,m1,hist,2
speech/actual/roller/m1/hist/zero3.wav,m1,hist,2
speech/actual/roller/m1/hist/zero4.wav,m1,hist,2
speech/actual/roller/m1/hist/zero5.wav,m1,hist,2
speech/actual/roller/m1/hist/zero6.wav,m1,hist,2
speech/actual/roller/m1/hist_oov_all/put1.wav,m1,hist_oov_all,2
speech/actual/roller/m1/hist_oov_all/put2.wav,m1,hist_oov_all,2
speech/actual/roller/m1/hist_oov_all/put3.wav,m1,hist_oov_all,2
speech/actual/roller/m1/meds_oov_all/put1.wav,m1,meds_oov_all,1
speech/actual/roller/m1/meds_oov_all/put2.wav,m1,meds_oov_all,1
speech/actual/roller/m1/medst/break1.wav,m1,medst,1
speech/actual/roller/m1/medst/break2.wav,m1,medst,1
speech/actual/roller/m1/medst/change1.wav,m1,medst,1
speech/actual/roller/m1/medst/change2.wav,m1,medst,1
speech/actual/roller/m1/medst/degree1.wav,m1,medst,1
speech/actual/roller/m1/medst/degree2.wav,m1,medst,1
speech/actual/roller/m1/medst/degree3.wav,m1,medst,1
speech/actual/roller/m1/medst/degree4.wav,m1,medst,1
speech/actual/roller/m1/medst/degree5.wav,m1,medst,1
speech/actual/roller/m1/medst/degree6.wav,m1,medst,1
speech/actual/roller/m1/medst/destin1.wav,m1,medst,1
speech/actual/roller/m1/medst/destin2.wav,m1,medst,1
speech/actual/roller/m1/medst/destin3.wav,m1,medst,1
speech/actual/roller/m1/medst/east1.wav,m1,medst,1
speech/actual/roller/m1/medst/east2.wav,m1,medst,1
speech/actual/roller/m1/medst/eight1.wav,m1,medst,1
speech/actual/roller/m1/medst/eight2.wav,m1,medst,1
speech/actual/roller/m1/medst/eight3.wav,m1,medst,1
speech/actual/roller/m1/medst/eight4.wav,m1,medst,1
speech/actual/roller/m1/medst/eight5.wav,m1,medst,1
speech/actual/roller/m1/medst/eight6.wav,m1,medst,1
speech/actual/roller/m1/medst/eight7.wav,m1,medst,1
speech/actual/roller/m1/medst/eight8.wav,m1,medst,1
speech/actual/roller/m1/medst/eight9.wav,m1,medst,1
speech/actual/roller/m1/medst/eighty1.wav,m1,medst,1
speech/actual/roller/m1/medst/eighty2.wav,m1,medst,1
speech/actual/roller/m1/medst/eighty3.wav,m1,medst,1
speech/actual/roller/m1/medst/eighty4.wav,m1,medst,1
speech/actual/roller/m1/medst/eighty5.wav,m1,medst,1
speech/actual/roller/m1/medst/eighty6.wav,m1,medst,1
speech/actual/roller/m1/medst/eighty7.wav,m1,medst,1
speech/actual/roller/m1/medst/enter1.wav,m1,medst,1
speech/actual/roller/m1/medst/enter2.wav,m1,medst,1
speech/actual/roller/m1/medst/enter3.wav,m1,medst,1
speech/actual/roller/m1/medst/fifty1.wav,m1,medst,1
speech/actual/roller/m1/medst/fifty10.wav,m1,medst,1
speech/actual/roller/m1/medst/fifty2.wav,m1,medst,1
speech/actual/roller/m1/medst/fifty3.wav,m1,medst,1
speech/actual/roller/m1/medst/fifty4.wav,m1,medst,1
speech/actual/roller/m1/medst/fifty5.wav,m1,medst,1
speech/actual/roller/m1/medst/fifty6.wav,m1,medst,1
speech/actual/roller/m1/medst/fifty7.wav,m1,medst,1
speech/actual/roller/m1/medst/fifty8.wav,m1,medst,1
speech/actual/roller/m1/medst/fix1.wav,m1,medst,1
speech/actual/roller/m1/medst/fix10.wav,m1,medst,1
speech/actual/roller/m1/medst/fix11.wav,m1,medst,1
speech/actual/roller/m1/medst/fix12.wav,m1,medst,1
speech/actual/roller/m1/medst/fix2.wav,m1,medst,1
speech/actual/roller/m1/medst/fix3.wav,m1,medst,1
speech/actual/roller/m1/medst/fix4.wav,m1,medst,1
speech/actual/roller/m1/medst/fix5.wav,m1,medst,1
speech/actual/roller/m1/medst/fix6.wav,m1,medst,1
speech/actual/roller/m1/medst/fix7.wav,m1,medst,1
speech/actual/roller/m1/medst/fix8.wav,m1,medst,1
speech/actual/roller/m1/medst/fix9.wav,m1,medst,1
speech/actual/roller/m1/medst/freeze1.wav,m1,medst,1
speech/actual/roller/m1/medst/freeze10.wav,m1,medst,1
speech/actual/roller/m1/medst/freeze11.wav,m1,medst,1
speech/actual/roller/m1/medst/freeze12.wav,m1,medst,1
speech/actual/roller/m1/medst/freeze2.wav,m1,medst,1
speech/actual/roller/m1/medst/freeze3.wav,m1,medst,1
speech/actual/roller/m1/medst/freeze4.wav,m1,medst,1
speech/actual/roller/m1/medst/freeze5.wav,m1,medst,1
speech/actual/roller/m1/medst/freeze6.wav,m1,medst,1
speech/actual/roller/m1/medst/freeze7.wav,m1,medst,1
speech/actual/roller/m1/medst/freeze8.wav,m1,medst,1
speech/actual/roller/m1/medst/freeze9.wav,m1,medst,1
speech/actual/roller/m1/medst/gain1.wav,m1,medst,1
speech/actual/roller/m1/medst/gain2.wav,m1,medst,1
speech/actual/roller/m1/medst/gain3.wav,m1,medst,1
speech/actual/roller/m1/medst/gain4.wav,m1,medst,1
speech/actual/roller/m1/medst/gain5.wav,m1,medst,1
speech/actual/roller/m1/medst/gain6.wav,m1,medst,1
speech/actual/roller/m1/medst/gain7.wav,m1,medst,1
speech/actual/roller/m1/medst/gain8.wav,m1,medst,1
speech/actual/roller/m1/medst/gain9.wav,m1,medst,1
speech/actual/roller/m1/medst/go1.wav,m1,medst,1
speech/actual/roller/m1/medst/go2.wav,m1,medst,1
speech/actual/roller/m1/medst/go3.wav,m1,medst,1
speech/actual/roller/m1/medst/hello1.wav,m1,medst,1
speech/actual/roller/m1/medst/hello2.wav,m1,medst,1
speech/actual/roller/m1/medst/hello3.wav,m1,medst,1
speech/actual/roller/m1/medst/help1.wav,m1,medst,1
speech/actual/roller/m1/medst/help2.wav,m1,medst,1
speech/actual/roller/m1/medst/help3.wav,m1,medst,1
speech/actual/roller/m1/medst/histog1.wav,m1,medst,1
speech/actual/roller/m1/medst/histog2.wav,m1,medst,1
speech/actual/roller/m1/medst/histog3.wav,m1,medst,1
speech/actual/roller/m1/medst/histog4.wav,m1,medst,1
speech/actual/roller/m1/medst/histog5.wav,m1,medst,1
speech/actual/roller/m1/medst/hot1.wav,m1,medst,1
speech/actual/roller/m1/medst/hot2.wav,m1,medst,1
speech/actual/roller/m1/medst/hot3.wav,m1,medst,1
speech/actual/roller/m1/medst/hot4.wav,m1,medst,1
speech/actual/roller/m1/medst/mark1.wav,m1,medst,1
speech/actual/roller/m1/medst/mark2.wav,m1,medst,1
speech/actual/roller/m1/medst/mark3.wav,m1,medst,1
speech/actual/roller/m1/medst/nav1.wav,m1,medst,1
speech/actual/roller/m1/medst/nav2.wav,m1,medst,1
speech/actual/roller/m1/medst/nav3.wav,m1,medst,1
speech/actual/roller/m1/medst/nav4.wav,m1,medst,1
speech/actual/roller/m1/medst/no1.wav,m1,medst,1
speech/actual/roller/m1/medst/no2.wav,m1,medst,1
speech/actual/roller/m1/medst/no3.wav,m1,medst,1
speech/actual/roller/m1/medst/no4.wav,m1,medst,1
speech/actual/roller/m1/medst/no5.wav,m1,medst,1
speech/actual/roller/m1/medst/no6.wav,m1,medst,1
speech/actual/roller/m1/medst/no7.wav,m1,medst,1
speech/actual/roller/m1/medst/no8.wav,m1,medst,1
speech/actual/roller/m1/medst/no9.wav,m1,medst,1
speech/actual/roller/m1/medst/oh1.wav,m1,medst,1
speech/actual/roller/m1/medst/oh2.wav,m1,medst,1
speech/actual/roller/m1/medst/oh3.wav,m1,medst,1
speech/actual/roller/m1/medst/oh4.wav,m1,medst,1
speech/actual/roller/m1/medst/on1.wav,m1,medst,1
speech/actual/roller/m1/medst/on2.wav,m1,medst,1
speech/actual/roller/m1/medst/on3.wav,m1,medst,1
speech/actual/roller/m1/medst/on4.wav,m1,medst,1
speech/actual/roller/m1/medst/out1.wav,m1,medst,1
speech/actual/roller/m1/medst/out2.wav,m1,medst,1
speech/actual/roller/m1/medst/out3.wav,m1,medst,1
speech/actual/roller/m1/medst/out4.wav,m1,medst,1
speech/actual/roller/m1/medst/out5.wav,m1,medst,1
speech/actual/roller/m1/medst/out6.wav,m1,medst,1
speech/actual/roller/m1/medst/out7.wav,m1,medst,1
speech/actual/roller/m1/medst/point1.wav,m1,medst,1
speech/actual/roller/m1/medst/point2.wav,m1,medst,1
speech/actual/roller/m1/medst/point3.wav,m1,medst,1
speech/actual/roller/m1/medst/point4.wav,m1,medst,1
speech/actual/roller/m1/medst/six1.wav,m1,medst,1
speech/actual/roller/m1/medst/six2.wav,m1,medst,1
speech/actual/roller/m1/medst/six3.wav,m1,medst,1
speech/actual/roller/m1/medst/six4.wav,m1,medst,1
speech/actual/roller/m1/medst/six5.wav,m1,medst,1
speech/actual/roller/m1/medst/south1.wav,m1,medst,1
speech/actual/roller/m1/medst/south2.wav,m1,medst,1
speech/actual/roller/m1/medst/south3.wav,m1,medst,1
speech/actual/roller/m1/medst/stand1.wav,m1,medst,1
speech/actual/roller/m1/medst/stand2.wav,m1,medst,1
speech/actual/roller/m1/medst/stand3.wav,m1,medst,1
speech/actual/roller/m1/medst/stand4.wav,m1,medst,1
speech/actual/roller/m1/medst/stand5.wav,m1,medst,1
speech/actual/roller/m1/medst/stand6.wav,m1,medst,1
speech/actual/roller/m1/medst/steer1.wav,m1,medst,1
speech/actual/roller/m1/medst/steer2.wav,m1,medst,1
speech/actual/roller/m1/medst/steer3.wav,m1,medst,1
speech/actual/roller/m1/medst/steer4.wav,m1,medst,1
speech/actual/roller/m1/medst/steer5.wav,m1,medst,1
speech/actual/roller/m1/medst/steer6.wav,m1,medst,1
speech/actual/roller/m1/medst/steer7.wav,m1,medst,1
speech/actual/roller/m1/medst/steer8.wav,m1,medst,1
speech/actual/roller/m1/medst/steer9.wav,m1,medst,1
speech/actual/roller/m1/medst/strafe1.wav,m1,medst,1
speech/actual/roller/m1/medst/strafe2.wav,m1,medst,1
speech/actual/roller/m1/medst/strafe3.wav,m1,medst,1
speech/actual/roller/m1/medst/strafe4.wav,m1,medst,1
speech/actual/roller/m1/medst/strafe5.wav,m1,medst,1
speech/actual/roller/m1/medst/ten1.wav,m1,medst,1
speech/actual/roller/m1/medst/ten2.wav,m1,medst,1
speech/actual/roller/m1/medst/thirty1.wav,m1,medst,1
speech/actual/roller/m1/medst/thirty2.wav,m1,medst,1
speech/actual/roller/m1/medst/thirty3.wav,m1,medst,1
speech/actual/roller/m1/medst/three1.wav,m1,medst,1
speech/actual/roller/m1/medst/three2.wav,m1,medst,1
speech/actual/roller/m1/medst/three3.wav,m1,medst,1
speech/actual/roller/m1/medst/three4.wav,m1,medst,1
speech/actual/roller/m1/medst/three5.wav,m1,medst,1
speech/actual/roller/m1/medst/three6.wav,m1,medst,1
speech/actual/roller/m1/medst/three7.wav,m1,medst,1
speech/actual/roller/m1/medst/three8.wav,m1,medst,1
speech/actual/roller/m1/medst/three9.wav,m1,medst,1
speech/actual/roller/m1/medst/white1.wav,m1,medst,1
speech/actual/roller/m1/medst/white2.wav,m1,medst,1
speech/actual/roller/m1/medst/white3.wav,m1,medst,1
speech/actual/roller/m1/medst/wide1.wav,m1,medst,1
speech/actual/roller/m1/medst/wide2.wav,m1,medst,1
speech/actual/roller/m1/medst/wide3.wav,m1,medst,1
speech/actual/roller/m1/medst/zero1.wav,m1,medst,1
speech/actual/roller/m1/medst/zero2.wav,m1,medst,1
speech/actual/roller/m1/medst/zero3.wav,m1,medst,1
speech/actual/roller/m1/medst/zero4.wav,m1,medst,1
speech/actual/roller/m1/medst/zero5.wav,m1,medst,1
speech/actual/roller/m1/medst/zero6.wav,m1,medst,1
speech/actual/roller/m1/neut_oov_all/helpme1.wav,m1,neut_oov_all,0
speech/actual/roller/m1/neut_oov_all/helpme2.wav,m1,neut_oov_all,0
speech/actual/roller/m1/neut_oov_all/helpme3.wav,m1,neut_oov_all,0
speech/actual/roller/m1/neut_oov_all/knave1.wav,m1,neut_oov_all,0
speech/actual/roller/m1/neut_oov_all/mayday1.wav,m1,neut_oov_all,0
speech/actual/roller/m1/neut_oov_all/mayday2.wav,m1,neut_oov_all,0
speech/actual/roller/m1/neut_oov_all/mayday3.wav,m1,neut_oov_all,0
speech/actual/roller/m1/neut_oov_all/pilot1.wav,m1,neut_oov_all,0
speech/actual/roller/m1/neut_oov_all/pilot2.wav,m1,neut_oov_all,0
speech/actual/roller/m1/neut_oov_all/pilot3.wav,m1,neut_oov_all,0
speech/actual/roller/m1/neut_oov_all/put1.wav,m1,neut_oov_all,0
speech/actual/roller/m1/neut_oov_all/put2.wav,m1,neut_oov_all,0
speech/actual/roller/m1/neut_oov_all/put3.wav,m1,neut_oov_all,0
speech/actual/roller/m1/neut_oov_all/redaler1.wav,m1,neut_oov_all,0
speech/actual/roller/m1/neut_oov_all/redaler2.wav,m1,neut_oov_all,0
speech/actual/roller/m1/neut_oov_all/redaler3.wav,m1,neut_oov_all,0
speech/actual/roller/m1/neutral/break1.wav,m1,neutral,0
speech/actual/roller/m1/neutral/break2.wav,m1,neutral,0
speech/actual/roller/m1/neutral/break3.wav,m1,neutral,0
speech/actual/roller/m1/neutral/change1.wav,m1,neutral,0
speech/actual/roller/m1/neutral/change2.wav,m1,neutral,0
speech/actual/roller/m1/neutral/change3.wav,m1,neutral,0
speech/actual/roller/m1/neutral/degree1.wav,m1,neutral,0
speech/actual/roller/m1/neutral/degree2.wav,m1,neutral,0
speech/actual/roller/m1/neutral/degree3.wav,m1,neutral,0
speech/actual/roller/m1/neutral/destin1.wav,m1,neutral,0
speech/actual/roller/m1/neutral/destin2.wav,m1,neutral,0
speech/actual/roller/m1/neutral/destin3.wav,m1,neutral,0
speech/actual/roller/m1/neutral/east1.wav,m1,neutral,0
speech/actual/roller/m1/neutral/east2.wav,m1,neutral,0
speech/actual/roller/m1/neutral/east3.wav,m1,neutral,0
speech/actual/roller/m1/neutral/eight1.wav,m1,neutral,0
speech/actual/roller/m1/neutral/eight2.wav,m1,neutral,0
speech/actual/roller/m1/neutral/eight3.wav,m1,neutral,0
speech/actual/roller/m1/neutral/eighty1.wav,m1,neutral,0
speech/actual/roller/m1/neutral/eighty2.wav,m1,neutral,0
speech/actual/roller/m1/neutral/eighty3.wav,m1,neutral,0
speech/actual/roller/m1/neutral/enter1.wav,m1,neutral,0
speech/actual/roller/m1/neutral/enter2.wav,m1,neutral,0
speech/actual/roller/m1/neutral/enter3.wav,m1,neutral,0
speech/actual/roller/m1/neutral/fifty1.wav,m1,neutral,0
speech/actual/roller/m1/neutral/fifty2.wav,m1,neutral,0
speech/actual/roller/m1/neutral/fifty3.wav,m1,neutral,0
speech/actual/roller/m1/neutral/fix1.wav,m1,neutral,0
speech/actual/roller/m1/neutral/fix2.wav,m1,neutral,0
speech/actual/roller/m1/neutral/fix3.wav,m1,neutral,0
speech/actual/roller/m1/neutral/freeze1.wav,m1,neutral,0
speech/actual/roller/m1/neutral/freeze2.wav,m1,neutral,0
speech/actual/roller/m1/neutral/freeze3.wav,m1,neutral,0
speech/actual/roller/m1/neutral/gain1.wav,m1,neutral,0
speech/actual/roller/m1/neutral/gain2.wav,m1,neutral,0
speech/actual/roller/m1/neutral/gain3.wav,m1,neutral,0
speech/actual/roller/m1/neutral/go1.wav,m1,neutral,0
speech/actual/roller/m1/neutral/go2.wav,m1,neutral,0
speech/actual/roller/m1/neutral/go3.wav,m1,neutral,0
speech/actual/roller/m1/neutral/hello1.wav,m1,neutral,0
speech/actual/roller/m1/neutral/hello2.wav,m1,neutral,0
speech/actual/roller/m1/neutral/hello3.wav,m1,neutral,0
speech/actual/roller/m1/neutral/help1.wav,m1,neutral,0
speech/actual/roller/m1/neutral/help2.wav,m1,neutral,0
speech/actual/roller/m1/neutral/help3.wav,m1,neutral,0
speech/actual/roller/m1/neutral/histog1.wav,m1,neutral,0
speech/actual/roller/m1/neutral/histog2.wav,m1,neutral,0
speech/actual/roller/m1/neutral/histog3.wav,m1,neutral,0
speech/actual/roller/m1/neutral/hot1.wav,m1,neutral,0
speech/actual/roller/m1/neutral/hot2.wav,m1,neutral,0
speech/actual/roller/m1/neutral/hot3.wav,m1,neutral,0
speech/actual/roller/m1/neutral/mark1.wav,m1,neutral,0
speech/actual/roller/m1/neutral/mark2.wav,m1,neutral,0
speech/actual/roller/m1/neutral/mark3.wav,m1,neutral,0
speech/actual/roller/m1/neutral/nav1.wav,m1,neutral,0
speech/actual/roller/m1/neutral/nav2.wav,m1,neutral,0
speech/actual/roller/m1/neutral/nav3.wav,m1,neutral,0
speech/actual/roller/m1/neutral/no1.wav,m1,neutral,0
speech/actual/roller/m1/neutral/no2.wav,m1,neutral,0
speech/actual/roller/m1/neutral/no3.wav,m1,neutral,0
speech/actual/roller/m1/neutral/oh1.wav,m1,neutral,0
speech/actual/roller/m1/neutral/oh2.wav,m1,neutral,0
speech/actual/roller/m1/neutral/oh3.wav,m1,neutral,0
speech/actual/roller/m1/neutral/on1.wav,m1,neutral,0
speech/actual/roller/m1/neutral/on2.wav,m1,neutral,0
speech/actual/roller/m1/neutral/on3.wav,m1,neutral,0
speech/actual/roller/m1/neutral/out1.wav,m1,neutral,0
speech/actual/roller/m1/neutral/out2.wav,m1,neutral,0
speech/actual/roller/m1/neutral/out3.wav,m1,neutral,0
speech/actual/roller/m1/neutral/point1.wav,m1,neutral,0
speech/actual/roller/m1/neutral/point2.wav,m1,neutral,0
speech/actual/roller/m1/neutral/point3.wav,m1,neutral,0
speech/actual/roller/m1/neutral/six1.wav,m1,neutral,0
speech/actual/roller/m1/neutral/six2.wav,m1,neutral,0
speech/actual/roller/m1/neutral/six3.wav,m1,neutral,0
speech/actual/roller/m1/neutral/south1.wav,m1,neutral,0
speech/actual/roller/m1/neutral/south2.wav,m1,neutral,0
speech/actual/roller/m1/neutral/south3.wav,m1,neutral,0
speech/actual/roller/m1/neutral/stand1.wav,m1,neutral,0
speech/actual/roller/m1/neutral/stand2.wav,m1,neutral,0
speech/actual/roller/m1/neutral/stand3.wav,m1,neutral,0
speech/actual/roller/m1/neutral/steer1.wav,m1,neutral,0
speech/actual/roller/m1/neutral/steer2.wav,m1,neutral,0
speech/actual/roller/m1/neutral/steer3.wav,m1,neutral,0
speech/actual/roller/m1/neutral/strafe1.wav,m1,neutral,0
speech/actual/roller/m1/neutral/strafe2.wav,m1,neutral,0
speech/actual/roller/m1/neutral/strafe3.wav,m1,neutral,0
speech/actual/roller/m1/neutral/ten1.wav,m1,neutral,0
speech/actual/roller/m1/neutral/ten2.wav,m1,neutral,0
speech/actual/roller/m1/neutral/ten3.wav,m1,neutral,0
speech/actual/roller/m1/neutral/thirty1.wav,m1,neutral,0
speech/actual/roller/m1/neutral/thirty2.wav,m1,neutral,0
speech/actual/roller/m1/neutral/thirty3.wav,m1,neutral,0
speech/actual/roller/m1/neutral/three1.wav,m1,neutral,0
speech/actual/roller/m1/neutral/three2.wav,m1,neutral,0
speech/actual/roller/m1/neutral/three3.wav,m1,neutral,0
speech/actual/roller/m1/neutral/white1.wav,m1,neutral,0
speech/actual/roller/m1/neutral/white2.wav,m1,neutral,0
speech/actual/roller/m1/neutral/white3.wav,m1,neutral,0
speech/actual/roller/m1/neutral/wide1.wav,m1,neutral,0
speech/actual/roller/m1/neutral/wide2.wav,m1,neutral,0
speech/actual/roller/m1/neutral/wide3.wav,m1,neutral,0
speech/actual/roller/m1/neutral/zero1.wav,m1,neutral,0
speech/actual/roller/m1/neutral/zero2.wav,m1,neutral,0
speech/actual/roller/m1/neutral/zero3.wav,m1,neutral,0
speech/actual/roller/m1/scre_oov_all/all1.wav,m1,scre_oov_all,2
speech/actual/roller/m1/scre_oov_all/all2.wav,m1,scre_oov_all,2
speech/actual/roller/m1/scre_oov_all/put1.wav,m1,scre_oov_all,2
speech/actual/roller/m1/scream/break1.wav,m1,scream,2
speech/actual/roller/m1/scream/break2.wav,m1,scream,2
speech/actual/roller/m1/scream/change1.wav,m1,scream,2
speech/actual/roller/m1/scream/change2.wav,m1,scream,2
speech/actual/roller/m1/scream/degree1.wav,m1,scream,2
speech/actual/roller/m1/scream/degree2.wav,m1,scream,2
speech/actual/roller/m1/scream/destin1.wav,m1,scream,2
speech/actual/roller/m1/scream/destin2.wav,m1,scream,2
speech/actual/roller/m1/scream/east1.wav,m1,scream,2
speech/actual/roller/m1/scream/eight1.wav,m1,scream,2
speech/actual/roller/m1/scream/eighty1.wav,m1,scream,2
speech/actual/roller/m1/scream/eighty2.wav,m1,scream,2
speech/actual/roller/m1/scream/enter1.wav,m1,scream,2
speech/actual/roller/m1/scream/enter2.wav,m1,scream,2
speech/actual/roller/m1/scream/fifty1.wav,m1,scream,2
speech/actual/roller/m1/scream/fix1.wav,m1,scream,2
speech/actual/roller/m1/scream/fix2.wav,m1,scream,2
speech/actual/roller/m1/scream/freeze1.wav,m1,scream,2
speech/actual/roller/m1/scream/freeze2.wav,m1,scream,2
speech/actual/roller/m1/scream/gain1.wav,m1,scream,2
speech/actual/roller/m1/scream/go1.wav,m1,scream,2
speech/actual/roller/m1/scream/hello1.wav,m1,scream,2
speech/actual/roller/m1/scream/help1.wav,m1,scream,2
speech/actual/roller/m1/scream/help2.wav,m1,scream,2
speech/actual/roller/m1/scream/hot1.wav,m1,scream,2
speech/actual/roller/m1/scream/mark1.wav,m1,scream,2
speech/actual/roller/m1/scream/nav1.wav,m1,scream,2
speech/actual/roller/m1/scream/no1.wav,m1,scream,2
speech/actual/roller/m1/scream/no2.wav,m1,scream,2
speech/actual/roller/m1/scream/oh1.wav,m1,scream,2
speech/actual/roller/m1/scream/oh2.wav,m1,scream,2
speech/actual/roller/m1/scream/on1.wav,m1,scream,2
speech/actual/roller/m1/scream/point1.wav,m1,scream,2
speech/actual/roller/m1/scream/six1.wav,m1,scream,2
speech/actual/roller/m1/scream/south1.wav,m1,scream,2
speech/actual/roller/m1/scream/stand1.wav,m1,scream,2
speech/actual/roller/m1/scream/stand2.wav,m1,scream,2
speech/actual/roller/m1/scream/steer1.wav,m1,scream,2
speech/actual/roller/m1/scream/steer2.wav,m1,scream,2
speech/actual/roller/m1/scream/strafe1.wav,m1,scream,2
speech/actual/roller/m1/scream/ten1.wav,m1,scream,2
speech/actual/roller/m1/scream/ten2.wav,m1,scream,2
speech/actual/roller/m1/scream/thirty1.wav,m1,scream,2
speech/actual/roller/m1/scream/thirty2.wav,m1,scream,2
speech/actual/roller/m2/free_oov_all/all1.wav,m2,free_oov_all,2
speech/actual/roller/m2/free_oov_all/all2.wav,m2,free_oov_all,2
speech/actual/roller/m2/free_oov_all/all3.wav,m2,free_oov_all,2
speech/actual/roller/m2/freefall/enter1.wav,m2,freefall,2
speech/actual/roller/m2/freefall/enter2.wav,m2,freefall,2
speech/actual/roller/m2/freefall/enter3.wav,m2,freefall,2
speech/actual/roller/m2/freefall/enter4.wav,m2,freefall,2
speech/actual/roller/m2/freefall/histog1.wav,m2,freefall,2
speech/actual/roller/m2/freefall/histog2.wav,m2,freefall,2
speech/actual/roller/m2/freefall/histog3.wav,m2,freefall,2
speech/actual/roller/m2/freefall/histog4.wav,m2,freefall,2
speech/actual/roller/m2/freefall/south1.wav,m2,freefall,2
speech/actual/roller/m2/freefall/south2.wav,m2,freefall,2
speech/actual/roller/m2/freefall/south3.wav,m2,freefall,2
speech/actual/roller/m2/freefall/south4.wav,m2,freefall,2
speech/actual/roller/m2/hist/break1.wav,m2,hist,2
speech/actual/roller/m2/hist/break2.wav,m2,hist,2
speech/actual/roller/m2/hist/break3.wav,m2,hist,2
speech/actual/roller/m2/hist/change1.wav,m2,hist,2
speech/actual/roller/m2/hist/change2.wav,m2,hist,2
speech/actual/roller/m2/hist/change3.wav,m2,hist,2
speech/actual/roller/m2/hist/degree1.wav,m2,hist,2
speech/actual/roller/m2/hist/degree2.wav,m2,hist,2
speech/actual/roller/m2/hist/degree3.wav,m2,hist,2
speech/actual/roller/m2/hist/destin1.wav,m2,hist,2
speech/actual/roller/m2/hist/destin2.wav,m2,hist,2
speech/actual/roller/m2/hist/destin3.wav,m2,hist,2
speech/actual/roller/m2/hist/destin4.wav,m2,hist,2
speech/actual/roller/m2/hist/destin5.wav,m2,hist,2
speech/actual/roller/m2/hist/destin6.wav,m2,hist,2
speech/actual/roller/m2/hist/east1.wav,m2,hist,2
speech/actual/roller/m2/hist/east2.wav,m2,hist,2
speech/actual/roller/m2/hist/east3.wav,m2,hist,2
speech/actual/roller/m2/hist/east4.wav,m2,hist,2
speech/actual/roller/m2/hist/east5.wav,m2,hist,2
speech/actual/roller/m2/hist/east6.wav,m2,hist,2
speech/actual/roller/m2/hist/eight1.wav,m2,hist,2
speech/actual/roller/m2/hist/eight2.wav,m2,hist,2
speech/actual/roller/m2/hist/eight3.wav,m2,hist,2
speech/actual/roller/m2/hist/eighty1.wav,m2,hist,2
speech/actual/roller/m2/hist/eighty2.wav,m2,hist,2
speech/actual/roller/m2/hist/eighty3.wav,m2,hist,2
speech/actual/roller/m2/hist/enter1.wav,m2,hist,2
speech/actual/roller/m2/hist/enter2.wav,m2,hist,2
speech/actual/roller/m2/hist/enter3.wav,m2,hist,2
speech/actual/roller/m2/hist/fifty1.wav,m2,hist,2
speech/actual/roller/m2/hist/fifty2.wav,m2,hist,2
speech/actual/roller/m2/hist/fifty3.wav,m2,hist,2
speech/actual/roller/m2/hist/fix1.wav,m2,hist,2
speech/actual/roller/m2/hist/fix2.wav,m2,hist,2
speech/actual/roller/m2/hist/fix3.wav,m2,hist,2
speech/actual/roller/m2/hist/fix4.wav,m2,hist,2
speech/actual/roller/m2/hist/fix5.wav,m2,hist,2
speech/actual/roller/m2/hist/freeze1.wav,m2,hist,2
speech/actual/roller/m2/hist/freeze2.wav,m2,hist,2
speech/actual/roller/m2/hist/freeze3.wav,m2,hist,2
speech/actual/roller/m2/hist/freeze4.wav,m2,hist,2
speech/actual/roller/m2/hist/freeze5.wav,m2,hist,2
speech/actual/roller/m2/hist/freeze6.wav,m2,hist,2
speech/actual/roller/m2/hist/gain1.wav,m2,hist,2
speech/actual/roller/m2/hist/gain2.wav,m2,hist,2
speech/actual/roller/m2/hist/gain3.wav,m2,hist,2
speech/actual/roller/m2/hist/gain4.wav,m2,hist,2
speech/actual/roller/m2/hist/gain5.wav,m2,hist,2
speech/actual/roller/m2/hist/gain6.wav,m2,hist,2
speech/actual/roller/m2/hist/go1.wav,m2,hist,2
speech/actual/roller/m2/hist/go2.wav,m2,hist,2
speech/actual/roller/m2/hist/go3.wav,m2,hist,2
speech/actual/roller/m2/hist/hello1.wav,m2,hist,2
speech/actual/roller/m2/hist/hello2.wav,m2,hist,2
speech/actual/roller/m2/hist/hello3.wav,m2,hist,2
speech/actual/roller/m2/hist/help1.wav,m2,hist,2
speech/actual/roller/m2/hist/help2.wav,m2,hist,2
speech/actual/roller/m2/hist/help3.wav,m2,hist,2
speech/actual/roller/m2/hist/histog1.wav,m2,hist,2
speech/actual/roller/m2/hist/histog2.wav,m2,hist,2
speech/actual/roller/m2/hist/histog3.wav,m2,hist,2
speech/actual/roller/m2/hist/histog4.wav,m2,hist,2
speech/actual/roller/m2/hist/histog5.wav,m2,hist,2
speech/actual/roller/m2/hist/histog6.wav,m2,hist,2
speech/actual/roller/m2/hist/histog7.wav,m2,hist,2
speech/actual/roller/m2/hist/histog8.wav,m2,hist,2
speech/actual/roller/m2/hist/histog9.wav,m2,hist,2
speech/actual/roller/m2/hist/hot1.wav,m2,hist,2
speech/actual/roller/m2/hist/hot2.wav,m2,hist,2
speech/actual/roller/m2/hist/mark1.wav,m2,hist,2
speech/actual/roller/m2/hist/mark2.wav,m2,hist,2
speech/actual/roller/m2/hist/mark3.wav,m2,hist,2
speech/actual/roller/m2/hist/mark4.wav,m2,hist,2
speech/actual/roller/m2/hist/mark5.wav,m2,hist,2
speech/actual/roller/m2/hist/mark6.wav,m2,hist,2
speech/actual/roller/m2/hist/nav1.wav,m2,hist,2
speech/actual/roller/m2/hist/nav2.wav,m2,hist,2
speech/actual/roller/m2/hist/nav3.wav,m2,hist,2
speech/actual/roller/m2/hist/no1.wav,m2,hist,2
speech/actual/roller/m2/hist/no2.wav,m2,hist,2
speech/actual/roller/m2/hist/no3.wav,m2,hist,2
speech/actual/roller/m2/hist/no4.wav,m2,hist,2
speech/actual/roller/m2/hist/no5.wav,m2,hist,2
speech/actual/roller/m2/hist/no6.wav,m2,hist,2
speech/actual/roller/m2/hist/oh1.wav,m2,hist,2
speech/actual/roller/m2/hist/oh2.wav,m2,hist,2
speech/actual/roller/m2/hist/oh3.wav,m2,hist,2
speech/actual/roller/m2/hist/oh4.wav,m2,hist,2
speech/actual/roller/m2/hist/oh5.wav,m2,hist,2
speech/actual/roller/m2/hist/oh6.wav,m2,hist,2
speech/actual/roller/m2/hist/on1.wav,m2,hist,2
speech/actual/roller/m2/hist/on2.wav,m2,hist,2
speech/actual/roller/m2/hist/on3.wav,m2,hist,2
speech/actual/roller/m2/hist/out1.wav,m2,hist,2
speech/actual/roller/m2/hist/out2.wav,m2,hist,2
speech/actual/roller/m2/hist/out3.wav,m2,hist,2
speech/actual/roller/m2/hist/point1.wav,m2,hist,2
speech/actual/roller/m2/hist/point2.wav,m2,hist,2
speech/actual/roller/m2/hist/point3.wav,m2,hist,2
speech/actual/roller/m2/hist/six1.wav,m2,hist,2
speech/actual/roller/m2/hist/six2.wav,m2,hist,2
speech/actual/roller/m2/hist/six3.wav,m2,hist,2
speech/actual/roller/m2/hist/six4.wav,m2,hist,2
speech/actual/roller/m2/hist/six5.wav,m2,hist,2
speech/actual/roller/m2/hist/south1.wav,m2,hist,2
speech/actual/roller/m2/hist/south2.wav,m2,hist,2
speech/actual/roller/m2/hist/south3.wav,m2,hist,2
speech/actual/roller/m2/hist/south4.wav,m2,hist,2
speech/actual/roller/m2/hist/south5.wav,m2,hist,2
speech/actual/roller/m2/hist/stand1.wav,m2,hist,2
speech/actual/roller/m2/hist/stand2.wav,m2,hist,2
speech/actual/roller/m2/hist/stand3.wav,m2,hist,2
speech/actual/roller/m2/hist/stand4.wav,m2,hist,2
speech/actual/roller/m2/hist/stand5.wav,m2,hist,2
speech/actual/roller/m2/hist/stand6.wav,m2,hist,2
speech/actual/roller/m2/hist/steer1.wav,m2,hist,2
speech/actual/roller/m2/hist/steer2.wav,m2,hist,2
speech/actual/roller/m2/hist/strafe1.wav,m2,hist,2
speech/actual/roller/m2/hist/strafe2.wav,m2,hist,2
speech/actual/roller/m2/hist/strafe3.wav,m2,hist,2
speech/actual/roller/m2/hist/strafe4.wav,m2,hist,2
speech/actual/roller/m2/hist/strafe5.wav,m2,hist,2
speech/actual/roller/m2/hist/strafe6.wav,m2,hist,2
speech/actual/roller/m2/hist/ten1.wav,m2,hist,2
speech/actual/roller/m2/hist/ten2.wav,m2,hist,2
speech/actual/roller/m2/hist/ten3.wav,m2,hist,2
speech/actual/roller/m2/hist/ten4.wav,m2,hist,2
speech/actual/roller/m2/hist/ten5.wav,m2,hist,2
speech/actual/roller/m2/hist/ten6.wav,m2,hist,2
speech/actual/roller/m2/hist/thirty1.wav,m2,hist,2
speech/actual/roller/m2/hist/thirty2.wav,m2,hist,2
speech/actual/roller/m2/hist/thirty3.wav,m2,hist,2
speech/actual/roller/m2/hist/thirty4.wav,m2,hist,2
speech/actual/roller/m2/hist/thirty5.wav,m2,hist,2
speech/actual/roller/m2/hist/thirty6.wav,m2,hist,2
speech/actual/roller/m2/hist/three1.wav,m2,hist,2
speech/actual/roller/m2/hist/three2.wav,m2,hist,2
speech/actual/roller/m2/hist/three3.wav,m2,hist,2
speech/actual/roller/m2/hist/three4.wav,m2,hist,2
speech/actual/roller/m2/hist/three5.wav,m2,hist,2
speech/actual/roller/m2/hist/three6.wav,m2,hist,2
speech/actual/roller/m2/hist/white1.wav,m2,hist,2
speech/actual/roller/m2/hist/white2.wav,m2,hist,2
speech/actual/roller/m2/hist/white3.wav,m2,hist,2
speech/actual/roller/m2/hist/white4.wav,m2,hist,2
speech/actual/roller/m2/hist/white5.wav,m2,hist,2
speech/actual/roller/m2/hist/white6.wav,m2,hist,2
speech/actual/roller/m2/hist/wide1.wav,m2,hist,2
speech/actual/roller/m2/hist/wide2.wav,m2,hist,2
speech/actual/roller/m2/hist/wide3.wav,m2,hist,2
speech/actual/roller/m2/hist/wide4.wav,m2,hist,2
speech/actual/roller/m2/hist/wide5.wav,m2,hist,2
speech/actual/roller/m2/hist/wide6.wav,m2,hist,2
speech/actual/roller/m2/hist/zero1.wav,m2,hist,2
speech/actual/roller/m2/hist/zero2.wav,m2,hist,2
speech/actual/roller/m2/hist/zero3.wav,m2,hist,2
speech/actual/roller/m2/hist/zero4.wav,m2,hist,2
speech/actual/roller/m2/hist/zero5.wav,m2,hist,2
speech/actual/roller/m2/hist/zero6.wav,m2,hist,2
speech/actual/roller/m2/hist_oov_all/dash1.wav,m2,hist_oov_all,2
speech/actual/roller/m2/hist_oov_all/dash2.wav,m2,hist_oov_all,2
speech/actual/roller/m2/hist_oov_all/dash3.wav,m2,hist_oov_all,2
speech/actual/roller/m2/hist_oov_all/dash4.wav,m2,hist_oov_all,2
speech/actual/roller/m2/hist_oov_all/dash5.wav,m2,hist_oov_all,2
speech/actual/roller/m2/hist_oov_all/dash6.wav,m2,hist_oov_all,2
speech/actual/roller/m2/hist_oov_all/helpme1.wav,m2,hist_oov_all,2
speech/actual/roller/m2/hist_oov_all/helpme2.wav,m2,hist_oov_all,2
speech/actual/roller/m2/hist_oov_all/helpme3.wav,m2,hist_oov_all,2
speech/actual/roller/m2/hist_oov_all/helpme4.wav,m2,hist_oov_all,2
speech/actual/roller/m2/hist_oov_all/helpme5.wav,m2,hist_oov_all,2
speech/actual/roller/m2/hist_oov_all/helpme6.wav,m2,hist_oov_all,2
speech/actual/roller/m2/hist_oov_all/mayday1.wav,m2,hist_oov_all,2
speech/actual/roller/m2/hist_oov_all/mayday2.wav,m2,hist_oov_all,2
speech/actual/roller/m2/hist_oov_all/mayday3.wav,m2,hist_oov_all,2
speech/actual/roller/m2/hist_oov_all/mayday4.wav,m2,hist_oov_all,2
speech/actual/roller/m2/hist_oov_all/mayday5.wav,m2,hist_oov_all,2
speech/actual/roller/m2/hist_oov_all/mayday6.wav,m2,hist_oov_all,2
speech/actual/roller/m2/hist_oov_all/mayday7.wav,m2,hist_oov_all,2
speech/actual/roller/m2/hist_oov_all/mayday8.wav,m2,hist_oov_all,2
speech/actual/roller/m2/hist_oov_all/mayday9.wav,m2,hist_oov_all,2
speech/actual/roller/m2/hist_oov_all/pilot1.wav,m2,hist_oov_all,2
speech/actual/roller/m2/hist_oov_all/pilot2.wav,m2,hist_oov_all,2
speech/actual/roller/m2/hist_oov_all/pilot3.wav,m2,hist_oov_all,2
speech/actual/roller/m2/hist_oov_all/pilot4.wav,m2,hist_oov_all,2
speech/actual/roller/m2/hist_oov_all/pilot5.wav,m2,hist_oov_all,2
speech/actual/roller/m2/hist_oov_all/pilot6.wav,m2,hist_oov_all,2
speech/actual/roller/m2/hist_oov_all/pilot7.wav,m2,hist_oov_all,2
speech/actual/roller/m2/hist_oov_all/pilot8.wav,m2,hist_oov_all,2
speech/actual/roller/m2/hist_oov_all/pilot9.wav,m2,hist_oov_all,2
speech/actual/roller/m2/hist_oov_all/silence.wav,m2,hist_oov_all,2
speech/actual/roller/m2/meds_oov_all/dash1.wav,m2,meds_oov_all,1
speech/actual/roller/m2/meds_oov_all/dash2.wav,m2,meds_oov_all,1
speech/actual/roller/m2/meds_oov_all/dash3.wav,m2,meds_oov_all,1
speech/actual/roller/m2/meds_oov_all/dash4.wav,m2,meds_oov_all,1
speech/actual/roller/m2/meds_oov_all/dash5.wav,m2,meds_oov_all,1
speech/actual/roller/m2/meds_oov_all/dash6.wav,m2,meds_oov_all,1
speech/actual/roller/m2/meds_oov_all/helpme1.wav,m2,meds_oov_all,1
speech/actual/roller/m2/meds_oov_all/helpme2.wav,m2,meds_oov_all,1
speech/actual/roller/m2/meds_oov_all/helpme3.wav,m2,meds_oov_all,1
speech/actual/roller/m2/meds_oov_all/helpme4.wav,m2,meds_oov_all,1
speech/actual/roller/m2/meds_oov_all/helpme5.wav,m2,meds_oov_all,1
speech/actual/roller/m2/meds_oov_all/mayday1.wav,m2,meds_oov_all,1
speech/actual/roller/m2/meds_oov_all/mayday2.wav,m2,meds_oov_all,1
speech/actual/roller/m2/meds_oov_all/mayday3.wav,m2,meds_oov_all,1
speech/actual/roller/m2/meds_oov_all/mayday4.wav,m2,meds_oov_all,1
speech/actual/roller/m2/meds_oov_all/mayday5.wav,m2,meds_oov_all,1
speech/actual/roller/m2/meds_oov_all/mayday6.wav,m2,meds_oov_all,1
speech/actual/roller/m2/meds_oov_all/mayday7.wav,m2,meds_oov_all,1
speech/actual/roller/m2/meds_oov_all/mayday8.wav,m2,meds_oov_all,1
speech/actual/roller/m2/meds_oov_all/pilot1.wav,m2,meds_oov_all,1
speech/actual/roller/m2/meds_oov_all/pilot2.wav,m2,meds_oov_all,1
speech/actual/roller/m2/meds_oov_all/pilot3.wav,m2,meds_oov_all,1
speech/actual/roller/m2/meds_oov_all/pilot4.wav,m2,meds_oov_all,1
speech/actual/roller/m2/meds_oov_all/pilot5.wav,m2,meds_oov_all,1
speech/actual/roller/m2/meds_oov_all/pilot6.wav,m2,meds_oov_all,1
speech/actual/roller/m2/meds_oov_all/pilot7.wav,m2,meds_oov_all,1
speech/actual/roller/m2/meds_oov_all/pilot8.wav,m2,meds_oov_all,1
speech/actual/roller/m2/meds_oov_all/sex1.wav,m2,meds_oov_all,1
speech/actual/roller/m2/medst/break1.wav,m2,medst,1
speech/actual/roller/m2/medst/break2.wav,m2,medst,1
speech/actual/roller/m2/medst/break3.wav,m2,medst,1
speech/actual/roller/m2/medst/change1.wav,m2,medst,1
speech/actual/roller/m2/medst/change2.wav,m2,medst,1
speech/actual/roller/m2/medst/change3.wav,m2,medst,1
speech/actual/roller/m2/medst/degree1.wav,m2,medst,1
speech/actual/roller/m2/medst/degree2.wav,m2,medst,1
speech/actual/roller/m2/medst/degree3.wav,m2,medst,1
speech/actual/roller/m2/medst/destin1.wav,m2,medst,1
speech/actual/roller/m2/medst/destin2.wav,m2,medst,1
speech/actual/roller/m2/medst/destin3.wav,m2,medst,1
speech/actual/roller/m2/medst/destin4.wav,m2,medst,1
speech/actual/roller/m2/medst/destin5.wav,m2,medst,1
speech/actual/roller/m2/medst/destin6.wav,m2,medst,1
speech/actual/roller/m2/medst/east1.wav,m2,medst,1
speech/actual/roller/m2/medst/east2.wav,m2,medst,1
speech/actual/roller/m2/medst/east3.wav,m2,medst,1
speech/actual/roller/m2/medst/east4.wav,m2,medst,1
speech/actual/roller/m2/medst/east5.wav,m2,medst,1
speech/actual/roller/m2/medst/east6.wav,m2,medst,1
speech/actual/roller/m2/medst/eight1.wav,m2,medst,1
speech/actual/roller/m2/medst/eight2.wav,m2,medst,1
speech/actual/roller/m2/medst/eight3.wav,m2,medst,1
speech/actual/roller/m2/medst/eighty1.wav,m2,medst,1
speech/actual/roller/m2/medst/eighty2.wav,m2,medst,1
speech/actual/roller/m2/medst/eighty3.wav,m2,medst,1
speech/actual/roller/m2/medst/enter1.wav,m2,medst,1
speech/actual/roller/m2/medst/enter2.wav,m2,medst,1
speech/actual/roller/m2/medst/enter3.wav,m2,medst,1
speech/actual/roller/m2/medst/fifty1.wav,m2,medst,1
speech/actual/roller/m2/medst/fifty2.wav,m2,medst,1
speech/actual/roller/m2/medst/fifty3.wav,m2,medst,1
speech/actual/roller/m2/medst/fix1.wav,m2,medst,1
speech/actual/roller/m2/medst/fix2.wav,m2,medst,1
speech/actual/roller/m2/medst/fix3.wav,m2,medst,1
speech/actual/roller/m2/medst/fix4.wav,m2,medst,1
speech/actual/roller/m2/medst/fix5.wav,m2,medst,1
speech/actual/roller/m2/medst/fix6.wav,m2,medst,1
speech/actual/roller/m2/medst/freeze1.wav,m2,medst,1
speech/actual/roller/m2/medst/freeze2.wav,m2,medst,1
speech/actual/roller/m2/medst/freeze3.wav,m2,medst,1
speech/actual/roller/m2/medst/freeze4.wav,m2,medst,1
speech/actual/roller/m2/medst/freeze5.wav,m2,medst,1
speech/actual/roller/m2/medst/freeze6.wav,m2,medst,1
speech/actual/roller/m2/medst/gain1.wav,m2,medst,1
speech/actual/roller/m2/medst/gain2.wav,m2,medst,1
speech/actual/roller/m2/medst/gain3.wav,m2,medst,1
speech/actual/roller/m2/medst/gain4.wav,m2,medst,1
speech/actual/roller/m2/medst/gain5.wav,m2,medst,1
speech/actual/roller/m2/medst/gain6.wav,m2,medst,1
speech/actual/roller/m2/medst/go1.wav,m2,medst,1
speech/actual/roller/m2/medst/go2.wav,m2,medst,1
speech/actual/roller/m2/medst/go3.wav,m2,medst,1
speech/actual/roller/m2/medst/hello1.wav,m2,medst,1
speech/actual/roller/m2/medst/hello2.wav,m2,medst,1
speech/actual/roller/m2/medst/hello3.wav,m2,medst,1
speech/actual/roller/m2/medst/help1.wav,m2,medst,1
speech/actual/roller/m2/medst/help2.wav,m2,medst,1
speech/actual/roller/m2/medst/help3.wav,m2,medst,1
speech/actual/roller/m2/medst/histog1.wav,m2,medst,1
speech/actual/roller/m2/medst/histog2.wav,m2,medst,1
speech/actual/roller/m2/medst/histog3.wav,m2,medst,1
speech/actual/roller/m2/medst/histog4.wav,m2,medst,1
speech/actual/roller/m2/medst/histog5.wav,m2,medst,1
speech/actual/roller/m2/medst/histog6.wav,m2,medst,1
speech/actual/roller/m2/medst/histog7.wav,m2,medst,1
speech/actual/roller/m2/medst/histog8.wav,m2,medst,1
speech/actual/roller/m2/medst/hot1.wav,m2,medst,1
speech/actual/roller/m2/medst/hot2.wav,m2,medst,1
speech/actual/roller/m2/medst/hot3.wav,m2,medst,1
speech/actual/roller/m2/medst/mark1.wav,m2,medst,1
speech/actual/roller/m2/medst/mark2.wav,m2,medst,1
speech/actual/roller/m2/medst/mark3.wav,m2,medst,1
speech/actual/roller/m2/medst/mark4.wav,m2,medst,1
speech/actual/roller/m2/medst/mark5.wav,m2,medst,1
speech/actual/roller/m2/medst/mark6.wav,m2,medst,1
speech/actual/roller/m2/medst/nav1.wav,m2,medst,1
speech/actual/roller/m2/medst/nav2.wav,m2,medst,1
speech/actual/roller/m2/medst/nav3.wav,m2,medst,1
speech/actual/roller/m2/medst/no1.wav,m2,medst,1
speech/actual/roller/m2/medst/no2.wav,m2,medst,1
speech/actual/roller/m2/medst/no3.wav,m2,medst,1
speech/actual/roller/m2/medst/no4.wav,m2,medst,1
speech/actual/roller/m2/medst/no5.wav,m2,medst,1
speech/actual/roller/m2/medst/no6.wav,m2,medst,1
speech/actual/roller/m2/medst/no7.wav,m2,medst,1
speech/actual/roller/m2/medst/oh1.wav,m2,medst,1
speech/actual/roller/m2/medst/oh2.wav,m2,medst,1
speech/actual/roller/m2/medst/oh3.wav,m2,medst,1
speech/actual/roller/m2/medst/oh4.wav,m2,medst,1
speech/actual/roller/m2/medst/oh5.wav,m2,medst,1
speech/actual/roller/m2/medst/oh6.wav,m2,medst,1
speech/actual/roller/m2/medst/on1.wav,m2,medst,1
speech/actual/roller/m2/medst/on2.wav,m2,medst,1
speech/actual/roller/m2/medst/on3.wav,m2,medst,1
speech/actual/roller/m2/medst/out1.wav,m2,medst,1
speech/actual/roller/m2/medst/out2.wav,m2,medst,1
speech/actual/roller/m2/medst/out3.wav,m2,medst,1
speech/actual/roller/m2/medst/point1.wav,m2,medst,1
speech/actual/roller/m2/medst/point2.wav,m2,medst,1
speech/actual/roller/m2/medst/point3.wav,m2,medst,1
speech/actual/roller/m2/medst/six1.wav,m2,medst,1
speech/actual/roller/m2/medst/six2.wav,m2,medst,1
speech/actual/roller/m2/medst/six3.wav,m2,medst,1
speech/actual/roller/m2/medst/six4.wav,m2,medst,1
speech/actual/roller/m2/medst/six5.wav,m2,medst,1
speech/actual/roller/m2/medst/six6.wav,m2,medst,1
speech/actual/roller/m2/medst/south1.wav,m2,medst,1
speech/actual/roller/m2/medst/south2.wav,m2,medst,1
speech/actual/roller/m2/medst/south3.wav,m2,medst,1
speech/actual/roller/m2/medst/south4.wav,m2,medst,1
speech/actual/roller/m2/medst/south5.wav,m2,medst,1
speech/actual/roller/m2/medst/south6.wav,m2,medst,1
speech/actual/roller/m2/medst/stand1.wav,m2,medst,1
speech/actual/roller/m2/medst/stand2.wav,m2,medst,1
speech/actual/roller/m2/medst/stand3.wav,m2,medst,1
speech/actual/roller/m2/medst/stand4.wav,m2,medst,1
speech/actual/roller/m2/medst/stand5.wav,m2,medst,1
speech/actual/roller/m2/medst/steer1.wav,m2,medst,1
speech/actual/roller/m2/medst/steer2.wav,m2,medst,1
speech/actual/roller/m2/medst/steer3.wav,m2,medst,1
speech/actual/roller/m2/medst/strafe1.wav,m2,medst,1
speech/actual/roller/m2/medst/strafe2.wav,m2,medst,1
speech/actual/roller/m2/medst/strafe3.wav,m2,medst,1
speech/actual/roller/m2/medst/strafe4.wav,m2,medst,1
speech/actual/roller/m2/medst/strafe5.wav,m2,medst,1
speech/actual/roller/m2/medst/ten1.wav,m2,medst,1
speech/actual/roller/m2/medst/ten2.wav,m2,medst,1
speech/actual/roller/m2/medst/ten3.wav,m2,medst,1
speech/actual/roller/m2/medst/ten4.wav,m2,medst,1
speech/actual/roller/m2/medst/ten5.wav,m2,medst,1
speech/actual/roller/m2/medst/ten6.wav,m2,medst,1
speech/actual/roller/m2/medst/thirty1.wav,m2,medst,1
speech/actual/roller/m2/medst/thirty2.wav,m2,medst,1
speech/actual/roller/m2/medst/thirty3.wav,m2,medst,1
speech/actual/roller/m2/medst/thirty4.wav,m2,medst,1
speech/actual/roller/m2/medst/thirty5.wav,m2,medst,1
speech/actual/roller/m2/medst/thirty6.wav,m2,medst,1
speech/actual/roller/m2/medst/three1.wav,m2,medst,1
speech/actual/roller/m2/medst/three2.wav,m2,medst,1
speech/actual/roller/m2/medst/three3.wav,m2,medst,1
speech/actual/roller/m2/medst/three4.wav,m2,medst,1
speech/actual/roller/m2/medst/three5.wav,m2,medst,1
speech/actual/roller/m2/medst/three6.wav,m2,medst,1
speech/actual/roller/m2/medst/white1.wav,m2,medst,1
speech/actual/roller/m2/medst/white2.wav,m2,medst,1
speech/actual/roller/m2/medst/white3.wav,m2,medst,1
speech/actual/roller/m2/medst/white4.wav,m2,medst,1
speech/actual/roller/m2/medst/white5.wav,m2,medst,1
speech/actual/roller/m2/medst/white6.wav,m2,medst,1
speech/actual/roller/m2/medst/wide1.wav,m2,medst,1
speech/actual/roller/m2/medst/wide2.wav,m2,medst,1
speech/actual/roller/m2/medst/wide3.wav,m2,medst,1
speech/actual/roller/m2/medst/wide4.wav,m2,medst,1
speech/actual/roller/m2/medst/wide5.wav,m2,medst,1
speech/actual/roller/m2/medst/wide6.wav,m2,medst,1
speech/actual/roller/m2/medst/zero1.wav,m2,medst,1
speech/actual/roller/m2/medst/zero2.wav,m2,medst,1
speech/actual/roller/m2/medst/zero3.wav,m2,medst,1
speech/actual/roller/m2/medst/zero4.wav,m2,medst,1
speech/actual/roller/m2/medst/zero5.wav,m2,medst,1
speech/actual/roller/m2/medst/zero6.wav,m2,medst,1
speech/actual/roller/m2/neut_oov_all/helpme1.wav,m2,neut_oov_all,0
speech/actual/roller/m2/neut_oov_all/helpme2.wav,m2,neut_oov_all,0
speech/actual/roller/m2/neut_oov_all/mayday1.wav,m2,neut_oov_all,0
speech/actual/roller/m2/neut_oov_all/mayday2.wav,m2,neut_oov_all,0
speech/actual/roller/m2/neut_oov_all/pilot1.wav,m2,neut_oov_all,0
speech/actual/roller/m2/neut_oov_all/pilot2.wav,m2,neut_oov_all,0
speech/actual/roller/m2/neut_oov_all/put1.wav,m2,neut_oov_all,0
speech/actual/roller/m2/neut_oov_all/redaler1.wav,m2,neut_oov_all,0
speech/actual/roller/m2/neutral/break1.wav,m2,neutral,0
speech/actual/roller/m2/neutral/change1.wav,m2,neutral,0
speech/actual/roller/m2/neutral/change2.wav,m2,neutral,0
speech/actual/roller/m2/neutral/degree1.wav,m2,neutral,0
speech/actual/roller/m2/neutral/degree2.wav,m2,neutral,0
speech/actual/roller/m2/neutral/destin1.wav,m2,neutral,0
speech/actual/roller/m2/neutral/east1.wav,m2,neutral,0
speech/actual/roller/m2/neutral/east2.wav,m2,neutral,0
speech/actual/roller/m2/neutral/eight1.wav,m2,neutral,0
speech/actual/roller/m2/neutral/eighty1.wav,m2,neutral,0
speech/actual/roller/m2/neutral/eighty2.wav,m2,neutral,0
speech/actual/roller/m2/neutral/enter1.wav,m2,neutral,0
speech/actual/roller/m2/neutral/fifty1.wav,m2,neutral,0
speech/actual/roller/m2/neutral/fix1.wav,m2,neutral,0
speech/actual/roller/m2/neutral/freeze1.wav,m2,neutral,0
speech/actual/roller/m2/neutral/gain1.wav,m2,neutral,0
speech/actual/roller/m2/neutral/go1.wav,m2,neutral,0
speech/actual/roller/m2/neutral/hello1.wav,m2,neutral,0
speech/actual/roller/m2/neutral/histog1.wav,m2,neutral,0
speech/actual/roller/m2/neutral/histog2.wav,m2,neutral,0
speech/actual/roller/m2/neutral/hot1.wav,m2,neutral,0
speech/actual/roller/m2/neutral/mark1.wav,m2,neutral,0
speech/actual/roller/m2/neutral/mark2.wav,m2,neutral,0
speech/actual/roller/m2/neutral/nav1.wav,m2,neutral,0
speech/actual/roller/m2/neutral/no1.wav,m2,neutral,0
speech/actual/roller/m2/neutral/no2.wav,m2,neutral,0
speech/actual/roller/m2/neutral/oh1.wav,m2,neutral,0
speech/actual/roller/m2/neutral/oh2.wav,m2,neutral,0
speech/actual/roller/m2/neutral/on1.wav,m2,neutral,0
speech/actual/roller/m2/neutral/out1.wav,m2,neutral,0
speech/actual/roller/m2/neutral/point1.wav,m2,neutral,0
speech/actual/roller/m2/neutral/six1.wav,m2,neutral,0
speech/actual/roller/m2/neutral/south1.wav,m2,neutral,0
speech/actual/roller/m2/neutral/stand1.wav,m2,neutral,0
speech/actual/roller/m2/neutral/steer1.wav,m2,neutral,0
speech/actual/roller/m2/neutral/strafe1.wav,m2,neutral,0
speech/actual/roller/m2/neutral/ten1.wav,m2,neutral,0
speech/actual/roller/m2/neutral/thirty1.wav,m2,neutral,0
speech/actual/roller/m2/neutral/three1.wav,m2,neutral,0
speech/actual/roller/m2/neutral/white1.wav,m2,neutral,0
speech/actual/roller/m2/neutral/wide1.wav,m2,neutral,0
speech/actual/roller/m2/neutral/zero1.wav,m2,neutral,0
speech/actual/roller/m2/scre_oov_all/all1.wav,m2,scre_oov_all,2
speech/actual/roller/m2/scre_oov_all/all2.wav,m2,scre_oov_all,2
speech/actual/roller/m2/scre_oov_all/another1.wav,m2,scre_oov_all,2
speech/actual/roller/m2/scre_oov_all/attheto1.wav,m2,scre_oov_all,2
speech/actual/roller/m2/scre_oov_all/five1.wav,m2,scre_oov_all,2
speech/actual/roller/m2/scre_oov_all/fourtyn1.wav,m2,scre_oov_all,2
speech/actual/roller/m2/scre_oov_all/helpme1.wav,m2,scre_oov_all,2
speech/actual/roller/m2/scre_oov_all/loop1.wav,m2,scre_oov_all,2
speech/actual/roller/m2/scre_oov_all/mama1.wav,m2,scre_oov_all,2
speech/actual/roller/m2/scre_oov_all/mayday1.wav,m2,scre_oov_all,2
speech/actual/roller/m2/scre_oov_all/mayday2.wav,m2,scre_oov_all,2
speech/actual/roller/m2/scre_oov_all/navigat1.wav,m2,scre_oov_all,2
speech/actual/roller/m2/scre_oov_all/nine1.wav,m2,scre_oov_all,2
speech/actual/roller/m2/scre_oov_all/now1.wav,m2,scre_oov_all,2
speech/actual/roller/m2/scre_oov_all/off1.wav,m2,scre_oov_all,2
speech/actual/roller/m2/scre_oov_all/okay1.wav,m2,scre_oov_all,2
speech/actual/roller/m2/scre_oov_all/okay2.wav,m2,scre_oov_all,2
speech/actual/roller/m2/scre_oov_all/okay3.wav,m2,scre_oov_all,2
speech/actual/roller/m2/scre_oov_all/okay4.wav,m2,scre_oov_all,2
speech/actual/roller/m2/scre_oov_all/one1.wav,m2,scre_oov_all,2
speech/actual/roller/m2/scre_oov_all/one2.wav,m2,scre_oov_all,2
speech/actual/roller/m2/scre_oov_all/pilot1.wav,m2,scre_oov_all,2
speech/actual/roller/m2/scre_oov_all/saveme1.wav,m2,scre_oov_all,2
speech/actual/roller/m2/scre_oov_all/seven1.wav,m2,scre_oov_all,2
speech/actual/roller/m2/scre_oov_all/seven2.wav,m2,scre_oov_all,2
speech/actual/roller/m2/scre_oov_all/silence1.wav,m2,scre_oov_all,2
speech/actual/roller/m2/scre_oov_all/silence2.wav,m2,scre_oov_all,2
speech/actual/roller/m2/scre_oov_all/silence3.wav,m2,scre_oov_all,2
speech/actual/roller/m2/scre_oov_all/silence4.wav,m2,scre_oov_all,2
speech/actual/roller/m2/scre_oov_all/top1.wav,m2,scre_oov_all,2
speech/actual/roller/m2/scre_oov_all/top2.wav,m2,scre_oov_all,2
speech/actual/roller/m2/scre_oov_all/train1.wav,m2,scre_oov_all,2
speech/actual/roller/m2/scre_oov_all/werecra1.wav,m2,scre_oov_all,2
speech/actual/roller/m2/scre_oov_all/weregoi1.wav,m2,scre_oov_all,2
speech/actual/roller/m2/scre_oov_all/while1.wav,m2,scre_oov_all,2
speech/actual/roller/m2/scre_oov_all/whoa1.wav,m2,scre_oov_all,2
speech/actual/roller/m2/scream/break1.wav,m2,scream,2
speech/actual/roller/m2/scream/break2.wav,m2,scream,2
speech/actual/roller/m2/scream/change1.wav,m2,scream,2
speech/actual/roller/m2/scream/change2.wav,m2,scream,2
speech/actual/roller/m2/scream/change3.wav,m2,scream,2
speech/actual/roller/m2/scream/degree1.wav,m2,scream,2
speech/actual/roller/m2/scream/degree2.wav,m2,scream,2
speech/actual/roller/m2/scream/destin1.wav,m2,scream,2
speech/actual/roller/m2/scream/destin2.wav,m2,scream,2
speech/actual/roller/m2/scream/destin3.wav,m2,scream,2
speech/actual/roller/m2/scream/east1.wav,m2,scream,2
speech/actual/roller/m2/scream/east2.wav,m2,scream,2
speech/actual/roller/m2/scream/east3.wav,m2,scream,2
speech/actual/roller/m2/scream/eight1.wav,m2,scream,2
speech/actual/roller/m2/scream/eight2.wav,m2,scream,2
speech/actual/roller/m2/scream/eighty1.wav,m2,scream,2
speech/actual/roller/m2/scream/eighty2.wav,m2,scream,2
speech/actual/roller/m2/scream/eighty3.wav,m2,scream,2
speech/actual/roller/m2/scream/fifty1.wav,m2,scream,2
speech/actual/roller/m2/scream/fifty2.wav,m2,scream,2
speech/actual/roller/m2/scream/fifty3.wav,m2,scream,2
speech/actual/roller/m2/scream/fix1.wav,m2,scream,2
speech/actual/roller/m2/scream/freeze1.wav,m2,scream,2
speech/actual/roller/m2/scream/hello1.wav,m2,scream,2
speech/actual/roller/m2/scream/help1.wav,m2,scream,2
speech/actual/roller/m2/scream/help2.wav,m2,scream,2
speech/actual/roller/m2/scream/histog1.wav,m2,scream,2
speech/actual/roller/m2/scream/histog2.wav,m2,scream,2
speech/actual/roller/m2/scream/histog3.wav,m2,scream,2
speech/actual/roller/m2/scream/histog4.wav,m2,scream,2
speech/actual/roller/m2/scream/hot1.wav,m2,scream,2
speech/actual/roller/m2/scream/hot2.wav,m2,scream,2
speech/actual/roller/m2/scream/mark1.wav,m2,scream,2
speech/actual/roller/m2/scream/mark2.wav,m2,scream,2
speech/actual/roller/m2/scream/mark3.wav,m2,scream,2
speech/actual/roller/m2/scream/nav1.wav,m2,scream,2
speech/actual/roller/m2/scream/nav2.wav,m2,scream,2
speech/actual/roller/m2/scream/nav3.wav,m2,scream,2
speech/actual/roller/m2/scream/no1.wav,m2,scream,2
speech/actual/roller/m2/scream/no2.wav,m2,scream,2
speech/actual/roller/m2/scream/no3.wav,m2,scream,2
speech/actual/roller/m2/scream/no4.wav,m2,scream,2
speech/actual/roller/m2/scream/no5.wav,m2,scream,2
speech/actual/roller/m2/scream/oh1.wav,m2,scream,2
speech/actual/roller/m2/scream/oh2.wav,m2,scream,2
speech/actual/roller/m2/scream/oh3.wav,m2,scream,2
speech/actual/roller/m2/scream/out1.wav,m2,scream,2
speech/actual/roller/m2/scream/out2.wav,m2,scream,2
speech/actual/roller/m2/scream/point1.wav,m2,scream,2
speech/actual/roller/m2/scream/point2.wav,m2,scream,2
speech/actual/roller/m2/scream/point3.wav,m2,scream,2
speech/actual/roller/m2/scream/six1.wav,m2,scream,2
speech/actual/roller/m2/scream/six2.wav,m2,scream,2
speech/actual/roller/m2/scream/six3.wav,m2,scream,2
speech/actual/roller/m2/scream/south1.wav,m2,scream,2
speech/actual/roller/m2/scream/stand1.wav,m2,scream,2
speech/actual/roller/m2/scream/steer1.wav,m2,scream,2
speech/actual/roller/m2/scream/steer2.wav,m2,scream,2
speech/actual/roller/m2/scream/steer3.wav,m2,scream,2
speech/actual/roller/m2/scream/strafe1.wav,m2,scream,2
speech/actual/roller/m2/scream/strafe2.wav,m2,scream,2
speech/actual/roller/m2/scream/ten1.wav,m2,scream,2
speech/actual/roller/m2/scream/ten2.wav,m2,scream,2
speech/actual/roller/m2/scream/thirty1.wav,m2,scream,2
speech/actual/roller/m2/scream/thirty2.wav,m2,scream,2
speech/actual/roller/m2/scream/wide1.wav,m2,scream,2
speech/actual/roller/m2/scream/wide2.wav,m2,scream,2
speech/actual/roller/m2/scream/wide3.wav,m2,scream,2
speech/actual/roller/m2/scream/zero1.wav,m2,scream,2
speech/actual/roller/m2/scream/zero2.wav,m2,scream,2
speech/actual/roller/m2/scream/zero3.wav,m2,scream,2
speech/actual/roller/m3/freefall/fix1.wav,m3,freefall,2
speech/actual/roller/m3/freefall/fix2.wav,m3,freefall,2
speech/actual/roller/m3/freefall/fix3.wav,m3,freefall,2
speech/actual/roller/m3/freefall/fix4.wav,m3,freefall,2
speech/actual/roller/m3/freefall/fix5.wav,m3,freefall,2
speech/actual/roller/m3/freefall/out1.wav,m3,freefall,2
speech/actual/roller/m3/freefall/out2.wav,m3,freefall,2
speech/actual/roller/m3/freefall/out3.wav,m3,freefall,2
speech/actual/roller/m3/freefall/out4.wav,m3,freefall,2
speech/actual/roller/m3/freefall/out5.wav,m3,freefall,2
speech/actual/roller/m3/freefall/wide1.wav,m3,freefall,2
speech/actual/roller/m3/freefall/zero1.wav,m3,freefall,2
speech/actual/roller/m3/freefall/zero2.wav,m3,freefall,2
speech/actual/roller/m3/freefall/zero3.wav,m3,freefall,2
speech/actual/roller/m3/hist/break1.wav,m3,hist,2
speech/actual/roller/m3/hist/break2.wav,m3,hist,2
speech/actual/roller/m3/hist/break3.wav,m3,hist,2
speech/actual/roller/m3/hist/change1.wav,m3,hist,2
speech/actual/roller/m3/hist/change2.wav,m3,hist,2
speech/actual/roller/m3/hist/change3.wav,m3,hist,2
speech/actual/roller/m3/hist/degree1.wav,m3,hist,2
speech/actual/roller/m3/hist/degree2.wav,m3,hist,2
speech/actual/roller/m3/hist/degree3.wav,m3,hist,2
speech/actual/roller/m3/hist/destin1.wav,m3,hist,2
speech/actual/roller/m3/hist/destin2.wav,m3,hist,2
speech/actual/roller/m3/hist/destin3.wav,m3,hist,2
speech/actual/roller/m3/hist/destin4.wav,m3,hist,2
speech/actual/roller/m3/hist/destin5.wav,m3,hist,2
speech/actual/roller/m3/hist/destin6.wav,m3,hist,2
speech/actual/roller/m3/hist/east1.wav,m3,hist,2
speech/actual/roller/m3/hist/east2.wav,m3,hist,2
speech/actual/roller/m3/hist/east3.wav,m3,hist,2
speech/actual/roller/m3/hist/east4.wav,m3,hist,2
speech/actual/roller/m3/hist/east5.wav,m3,hist,2
speech/actual/roller/m3/hist/east6.wav,m3,hist,2
speech/actual/roller/m3/hist/eight1.wav,m3,hist,2
speech/actual/roller/m3/hist/eight2.wav,m3,hist,2
speech/actual/roller/m3/hist/eighty1.wav,m3,hist,2
speech/actual/roller/m3/hist/eighty2.wav,m3,hist,2
speech/actual/roller/m3/hist/eighty3.wav,m3,hist,2
speech/actual/roller/m3/hist/eighty4.wav,m3,hist,2
speech/actual/roller/m3/hist/eighty5.wav,m3,hist,2
speech/actual/roller/m3/hist/eighty6.wav,m3,hist,2
speech/actual/roller/m3/hist/enter1.wav,m3,hist,2
speech/actual/roller/m3/hist/enter2.wav,m3,hist,2
speech/actual/roller/m3/hist/enter3.wav,m3,hist,2
speech/actual/roller/m3/hist/fifty1.wav,m3,hist,2
speech/actual/roller/m3/hist/fifty2.wav,m3,hist,2
speech/actual/roller/m3/hist/fifty3.wav,m3,hist,2
speech/actual/roller/m3/hist/fix1.wav,m3,hist,2
speech/actual/roller/m3/hist/fix2.wav,m3,hist,2
speech/actual/roller/m3/hist/fix3.wav,m3,hist,2
speech/actual/roller/m3/hist/fix4.wav,m3,hist,2
speech/actual/roller/m3/hist/fix5.wav,m3,hist,2
speech/actual/roller/m3/hist/fix6.wav,m3,hist,2
speech/actual/roller/m3/hist/freeze1.wav,m3,hist,2
speech/actual/roller/m3/hist/freeze2.wav,m3,hist,2
speech/actual/roller/m3/hist/freeze3.wav,m3,hist,2
speech/actual/roller/m3/hist/freeze4.wav,m3,hist,2
speech/actual/roller/m3/hist/freeze5.wav,m3,hist,2
speech/actual/roller/m3/hist/freeze6.wav,m3,hist,2
speech/actual/roller/m3/hist/gain1.wav,m3,hist,2
speech/actual/roller/m3/hist/gain2.wav,m3,hist,2
speech/actual/roller/m3/hist/go1.wav,m3,hist,2
speech/actual/roller/m3/hist/go2.wav,m3,hist,2
speech/actual/roller/m3/hist/go3.wav,m3,hist,2
speech/actual/roller/m3/hist/hello1.wav,m3,hist,2
speech/actual/roller/m3/hist/hello2.wav,m3,hist,2
speech/actual/roller/m3/hist/hello3.wav,m3,hist,2
speech/actual/roller/m3/hist/help1.wav,m3,hist,2
speech/actual/roller/m3/hist/help2.wav,m3,hist,2
speech/actual/roller/m3/hist/help3.wav,m3,hist,2
speech/actual/roller/m3/hist/histog1.wav,m3,hist,2
speech/actual/roller/m3/hist/histog2.wav,m3,hist,2
speech/actual/roller/m3/hist/histog3.wav,m3,hist,2
speech/actual/roller/m3/hist/histog4.wav,m3,hist,2
speech/actual/roller/m3/hist/histog5.wav,m3,hist,2
speech/actual/roller/m3/hist/histog6.wav,m3,hist,2
speech/actual/roller/m3/hist/hot1.wav,m3,hist,2
speech/actual/roller/m3/hist/hot2.wav,m3,hist,2
speech/actual/roller/m3/hist/mark1.wav,m3,hist,2
speech/actual/roller/m3/hist/mark2.wav,m3,hist,2
speech/actual/roller/m3/hist/mark3.wav,m3,hist,2
speech/actual/roller/m3/hist/mark4.wav,m3,hist,2
speech/actual/roller/m3/hist/mark5.wav,m3,hist,2
speech/actual/roller/m3/hist/nav1.wav,m3,hist,2
speech/actual/roller/m3/hist/nav2.wav,m3,hist,2
speech/actual/roller/m3/hist/no1.wav,m3,hist,2
speech/actual/roller/m3/hist/no2.wav,m3,hist,2
speech/actual/roller/m3/hist/no3.wav,m3,hist,2
speech/actual/roller/m3/hist/no4.wav,m3,hist,2
speech/actual/roller/m3/hist/oh1.wav,m3,hist,2
speech/actual/roller/m3/hist/oh2.wav,m3,hist,2
speech/actual/roller/m3/hist/oh3.wav,m3,hist,2
speech/actual/roller/m3/hist/oh4.wav,m3,hist,2
speech/actual/roller/m3/hist/oh5.wav,m3,hist,2
speech/actual/roller/m3/hist/oh6.wav,m3,hist,2
speech/actual/roller/m3/hist/on1.wav,m3,hist,2
speech/actual/roller/m3/hist/on2.wav,m3,hist,2
speech/actual/roller/m3/hist/on3.wav,m3,hist,2
speech/actual/roller/m3/hist/on4.wav,m3,hist,2
speech/actual/roller/m3/hist/out1.wav,m3,hist,2
speech/actual/roller/m3/hist/out2.wav,m3,hist,2
speech/actual/roller/m3/hist/out3.wav,m3,hist,2
speech/actual/roller/m3/hist/out4.wav,m3,hist,2
speech/actual/roller/m3/hist/out5.wav,m3,hist,2
speech/actual/roller/m3/hist/out6.wav,m3,hist,2
speech/actual/roller/m3/hist/point1.wav,m3,hist,2
speech/actual/roller/m3/hist/six1.wav,m3,hist,2
speech/actual/roller/m3/hist/six2.wav,m3,hist,2
speech/actual/roller/m3/hist/six3.wav,m3,hist,2
speech/actual/roller/m3/hist/six4.wav,m3,hist,2
speech/actual/roller/m3/hist/six5.wav,m3,hist,2
speech/actual/roller/m3/hist/six6.wav,m3,hist,2
speech/actual/roller/m3/hist/south1.wav,m3,hist,2
speech/actual/roller/m3/hist/south2.wav,m3,hist,2
speech/actual/roller/m3/hist/south3.wav,m3,hist,2
speech/actual/roller/m3/hist/south4.wav,m3,hist,2
speech/actual/roller/m3/hist/south5.wav,m3,hist,2
speech/actual/roller/m3/hist/south6.wav,m3,hist,2
speech/actual/roller/m3/hist/stand1.wav,m3,hist,2
speech/actual/roller/m3/hist/stand2.wav,m3,hist,2
speech/actual/roller/m3/hist/stand3.wav,m3,hist,2
speech/actual/roller/m3/hist/stand4.wav,m3,hist,2
speech/actual/roller/m3/hist/steer1.wav,m3,hist,2
speech/actual/roller/m3/hist/steer2.wav,m3,hist,2
speech/actual/roller/m3/hist/steer3.wav,m3,hist,2
speech/actual/roller/m3/hist/steer4.wav,m3,hist,2
speech/actual/roller/m3/hist/steer5.wav,m3,hist,2
speech/actual/roller/m3/hist/steer6.wav,m3,hist,2
speech/actual/roller/m3/hist/strafe1.wav,m3,hist,2
speech/actual/roller/m3/hist/strafe2.wav,m3,hist,2
speech/actual/roller/m3/hist/strafe3.wav,m3,hist,2
speech/actual/roller/m3/hist/strafe4.wav,m3,hist,2
speech/actual/roller/m3/hist/strafe5.wav,m3,hist,2
speech/actual/roller/m3/hist/strafe6.wav,m3,hist,2
speech/actual/roller/m3/hist/ten1.wav,m3,hist,2
speech/actual/roller/m3/hist/ten2.wav,m3,hist,2
speech/actual/roller/m3/hist/ten3.wav,m3,hist,2
speech/actual/roller/m3/hist/ten4.wav,m3,hist,2
speech/actual/roller/m3/hist/ten5.wav,m3,hist,2
speech/actual/roller/m3/hist/thirty1.wav,m3,hist,2
speech/actual/roller/m3/hist/thirty2.wav,m3,hist,2
speech/actual/roller/m3/hist/thirty3.wav,m3,hist,2
speech/actual/roller/m3/hist/three1.wav,m3,hist,2
speech/actual/roller/m3/hist/three2.wav,m3,hist,2
speech/actual/roller/m3/hist/three3.wav,m3,hist,2
speech/actual/roller/m3/hist/white1.wav,m3,hist,2
speech/actual/roller/m3/hist/white2.wav,m3,hist,2
speech/actual/roller/m3/hist/white3.wav,m3,hist,2
speech/actual/roller/m3/hist/wide1.wav,m3,hist,2
speech/actual/roller/m3/hist/wide2.wav,m3,hist,2
speech/actual/roller/m3/hist/wide3.wav,m3,hist,2
speech/actual/roller/m3/hist/wide4.wav,m3,hist,2
speech/actual/roller/m3/hist/wide5.wav,m3,hist,2
speech/actual/roller/m3/hist/wide6.wav,m3,hist,2
speech/actual/roller/m3/hist/zero1.wav,m3,hist,2
speech/actual/roller/m3/hist/zero2.wav,m3,hist,2
speech/actual/roller/m3/hist/zero3.wav,m3,hist,2
speech/actual/roller/m3/hist/zero4.wav,m3,hist,2
speech/actual/roller/m3/hist/zero5.wav,m3,hist,2
speech/actual/roller/m3/hist/zero6.wav,m3,hist,2
speech/actual/roller/m3/hist_oov_all/five1.wav,m3,hist_oov_all,2
speech/actual/roller/m3/hist_oov_all/five2.wav,m3,hist_oov_all,2
speech/actual/roller/m3/hist_oov_all/five3.wav,m3,hist_oov_all,2
speech/actual/roller/m3/hist_oov_all/helpme1.wav,m3,hist_oov_all,2
speech/actual/roller/m3/hist_oov_all/helpme2.wav,m3,hist_oov_all,2
speech/actual/roller/m3/hist_oov_all/helpme3.wav,m3,hist_oov_all,2
speech/actual/roller/m3/hist_oov_all/helpme4.wav,m3,hist_oov_all,2
speech/actual/roller/m3/hist_oov_all/helpme5.wav,m3,hist_oov_all,2
speech/actual/roller/m3/hist_oov_all/helpme6.wav,m3,hist_oov_all,2
speech/actual/roller/m3/hist_oov_all/pilot1.wav,m3,hist_oov_all,2
speech/actual/roller/m3/hist_oov_all/pilot2.wav,m3,hist_oov_all,2
speech/actual/roller/m3/hist_oov_all/pilot3.wav,m3,hist_oov_all,2
speech/actual/roller/m3/hist_oov_all/powerdi1.wav,m3,hist_oov_all,2
speech/actual/roller/m3/hist_oov_all/powerdi2.wav,m3,hist_oov_all,2
speech/actual/roller/m3/hist_oov_all/powerdi3.wav,m3,hist_oov_all,2
speech/actual/roller/m3/hist_oov_all/powerdi4.wav,m3,hist_oov_all,2
speech/actual/roller/m3/hist_oov_all/powerdi5.wav,m3,hist_oov_all,2
speech/actual/roller/m3/hist_oov_all/powerdi6.wav,m3,hist_oov_all,2
speech/actual/roller/m3/hist_oov_all/shoot1.wav,m3,hist_oov_all,2
speech/actual/roller/m3/hist_oov_all/shoot2.wav,m3,hist_oov_all,2
speech/actual/roller/m3/hist_oov_all/silence1.wav,m3,hist_oov_all,2
speech/actual/roller/m3/hist_oov_all/thecomm1.wav,m3,hist_oov_all,2
speech/actual/roller/m3/hist_oov_all/thecomm2.wav,m3,hist_oov_all,2
speech/actual/roller/m3/hist_oov_all/then1.wav,m3,hist_oov_all,2
speech/actual/roller/m3/hist_oov_all/turnout1.wav,m3,hist_oov_all,2
speech/actual/roller/m3/hist_oov_all/turnout2.wav,m3,hist_oov_all,2
speech/actual/roller/m3/hist_oov_all/turnout3.wav,m3,hist_oov_all,2
speech/actual/roller/m3/hist_oov_all/turnout4.wav,m3,hist_oov_all,2
speech/actual/roller/m3/hist_oov_all/turnout5.wav,m3,hist_oov_all,2
speech/actual/roller/m3/hist_oov_all/turnout6.wav,m3,hist_oov_all,2
speech/actual/roller/m3/meds_oov_all/five1.wav,m3,meds_oov_all,1
speech/actual/roller/m3/meds_oov_all/five2.wav,m3,meds_oov_all,1
speech/actual/roller/m3/meds_oov_all/five3.wav,m3,meds_oov_all,1
speech/actual/roller/m3/meds_oov_all/five4.wav,m3,meds_oov_all,1
speech/actual/roller/m3/meds_oov_all/helpme1.wav,m3,meds_oov_all,1
speech/actual/roller/m3/meds_oov_all/helpme2.wav,m3,meds_oov_all,1
speech/actual/roller/m3/meds_oov_all/helpme3.wav,m3,meds_oov_all,1
speech/actual/roller/m3/meds_oov_all/helpme4.wav,m3,meds_oov_all,1
speech/actual/roller/m3/meds_oov_all/helpme5.wav,m3,meds_oov_all,1
speech/actual/roller/m3/meds_oov_all/helpme6.wav,m3,meds_oov_all,1
speech/actual/roller/m3/meds_oov_all/pilot1.wav,m3,meds_oov_all,1
speech/actual/roller/m3/meds_oov_all/pilot2.wav,m3,meds_oov_all,1
speech/actual/roller/m3/meds_oov_all/pilot3.wav,m3,meds_oov_all,1
speech/actual/roller/m3/meds_oov_all/powerdi1.wav,m3,meds_oov_all,1
speech/actual/roller/m3/meds_oov_all/powerdi2.wav,m3,meds_oov_all,1
speech/actual/roller/m3/meds_oov_all/powerdi3.wav,m3,meds_oov_all,1
speech/actual/roller/m3/meds_oov_all/powerdi4.wav,m3,meds_oov_all,1
speech/actual/roller/m3/meds_oov_all/powerdi5.wav,m3,meds_oov_all,1
speech/actual/roller/m3/meds_oov_all/powerdi6.wav,m3,meds_oov_all,1
speech/actual/roller/m3/meds_oov_all/shoot1.wav,m3,meds_oov_all,1
speech/actual/roller/m3/meds_oov_all/shoot2.wav,m3,meds_oov_all,1
speech/actual/roller/m3/meds_oov_all/shoot3.wav,m3,meds_oov_all,1
speech/actual/roller/m3/meds_oov_all/silence1.wav,m3,meds_oov_all,1
speech/actual/roller/m3/meds_oov_all/silence2.wav,m3,meds_oov_all,1
speech/actual/roller/m3/meds_oov_all/thecomm1.wav,m3,meds_oov_all,1
speech/actual/roller/m3/meds_oov_all/thecomm2.wav,m3,meds_oov_all,1
speech/actual/roller/m3/meds_oov_all/thecomm3.wav,m3,meds_oov_all,1
speech/actual/roller/m3/meds_oov_all/turnout1.wav,m3,meds_oov_all,1
speech/actual/roller/m3/meds_oov_all/turnout2.wav,m3,meds_oov_all,1
speech/actual/roller/m3/meds_oov_all/turnout3.wav,m3,meds_oov_all,1
speech/actual/roller/m3/meds_oov_all/turnout4.wav,m3,meds_oov_all,1
speech/actual/roller/m3/meds_oov_all/turnout5.wav,m3,meds_oov_all,1
speech/actual/roller/m3/meds_oov_all/turnout6.wav,m3,meds_oov_all,1
speech/actual/roller/m3/medst/break1.wav,m3,medst,1
speech/actual/roller/m3/medst/break2.wav,m3,medst,1
speech/actual/roller/m3/medst/break3.wav,m3,medst,1
speech/actual/roller/m3/medst/change1.wav,m3,medst,1
speech/actual/roller/m3/medst/change2.wav,m3,medst,1
speech/actual/roller/m3/medst/change3.wav,m3,medst,1
speech/actual/roller/m3/medst/degree1.wav,m3,medst,1
speech/actual/roller/m3/medst/degree2.wav,m3,medst,1
speech/actual/roller/m3/medst/degree3.wav,m3,medst,1
speech/actual/roller/m3/medst/destin1.wav,m3,medst,1
speech/actual/roller/m3/medst/destin2.wav,m3,medst,1
speech/actual/roller/m3/medst/destin3.wav,m3,medst,1
speech/actual/roller/m3/medst/destin4.wav,m3,medst,1
speech/actual/roller/m3/medst/destin5.wav,m3,medst,1
speech/actual/roller/m3/medst/destin6.wav,m3,medst,1
speech/actual/roller/m3/medst/destin7.wav,m3,medst,1
speech/actual/roller/m3/medst/east1.wav,m3,medst,1
speech/actual/roller/m3/medst/east2.wav,m3,medst,1
speech/actual/roller/m3/medst/east3.wav,m3,medst,1
speech/actual/roller/m3/medst/east4.wav,m3,medst,1
speech/actual/roller/m3/medst/east5.wav,m3,medst,1
speech/actual/roller/m3/medst/east6.wav,m3,medst,1
speech/actual/roller/m3/medst/east7.wav,m3,medst,1
speech/actual/roller/m3/medst/eight1.wav,m3,medst,1
speech/actual/roller/m3/medst/eight2.wav,m3,medst,1
speech/actual/roller/m3/medst/eight3.wav,m3,medst,1
speech/actual/roller/m3/medst/eighty1.wav,m3,medst,1
speech/actual/roller/m3/medst/eighty2.wav,m3,medst,1
speech/actual/roller/m3/medst/eighty3.wav,m3,medst,1
speech/actual/roller/m3/medst/eighty4.wav,m3,medst,1
speech/actual/roller/m3/medst/eighty5.wav,m3,medst,1
speech/actual/roller/m3/medst/eighty6.wav,m3,medst,1
speech/actual/roller/m3/medst/eighty7.wav,m3,medst,1
speech/actual/roller/m3/medst/enter1.wav,m3,medst,1
speech/actual/roller/m3/medst/enter2.wav,m3,medst,1
speech/actual/roller/m3/medst/enter3.wav,m3,medst,1
speech/actual/roller/m3/medst/enter4.wav,m3,medst,1
speech/actual/roller/m3/medst/fifty1.wav,m3,medst,1
speech/actual/roller/m3/medst/fifty2.wav,m3,medst,1
speech/actual/roller/m3/medst/fifty3.wav,m3,medst,1
speech/actual/roller/m3/medst/fix1.wav,m3,medst,1
speech/actual/roller/m3/medst/fix2.wav,m3,medst,1
speech/actual/roller/m3/medst/fix3.wav,m3,medst,1
speech/actual/roller/m3/medst/fix4.wav,m3,medst,1
speech/actual/roller/m3/medst/fix5.wav,m3,medst,1
speech/actual/roller/m3/medst/fix6.wav,m3,medst,1
speech/actual/roller/m3/medst/fix7.wav,m3,medst,1
speech/actual/roller/m3/medst/freeze1.wav,m3,medst,1
speech/actual/roller/m3/medst/freeze2.wav,m3,medst,1
speech/actual/roller/m3/medst/freeze3.wav,m3,medst,1
speech/actual/roller/m3/medst/freeze4.wav,m3,medst,1
speech/actual/roller/m3/medst/freeze5.wav,m3,medst,1
speech/actual/roller/m3/medst/freeze6.wav,m3,medst,1
speech/actual/roller/m3/medst/freeze7.wav,m3,medst,1
speech/actual/roller/m3/medst/gain1.wav,m3,medst,1
speech/actual/roller/m3/medst/gain2.wav,m3,medst,1
speech/actual/roller/m3/medst/gain3.wav,m3,medst,1
speech/actual/roller/m3/medst/go1.wav,m3,medst,1
speech/actual/roller/m3/medst/go2.wav,m3,medst,1
speech/actual/roller/m3/medst/go3.wav,m3,medst,1
speech/actual/roller/m3/medst/hello1.wav,m3,medst,1
speech/actual/roller/m3/medst/hello2.wav,m3,medst,1
speech/actual/roller/m3/medst/hello3.wav,m3,medst,1
speech/actual/roller/m3/medst/help1.wav,m3,medst,1
speech/actual/roller/m3/medst/help2.wav,m3,medst,1
speech/actual/roller/m3/medst/help3.wav,m3,medst,1
speech/actual/roller/m3/medst/histog1.wav,m3,medst,1
speech/actual/roller/m3/medst/histog2.wav,m3,medst,1
speech/actual/roller/m3/medst/histog3.wav,m3,medst,1
speech/actual/roller/m3/medst/histog4.wav,m3,medst,1
speech/actual/roller/m3/medst/histog5.wav,m3,medst,1
speech/actual/roller/m3/medst/histog6.wav,m3,medst,1
speech/actual/roller/m3/medst/histog7.wav,m3,medst,1
speech/actual/roller/m3/medst/hot1.wav,m3,medst,1
speech/actual/roller/m3/medst/hot2.wav,m3,medst,1
speech/actual/roller/m3/medst/hot3.wav,m3,medst,1
speech/actual/roller/m3/medst/mark1.wav,m3,medst,1
speech/actual/roller/m3/medst/mark2.wav,m3,medst,1
speech/actual/roller/m3/medst/mark3.wav,m3,medst,1
speech/actual/roller/m3/medst/mark4.wav,m3,medst,1
speech/actual/roller/m3/medst/mark5.wav,m3,medst,1
speech/actual/roller/m3/medst/mark6.wav,m3,medst,1
speech/actual/roller/m3/medst/nav1.wav,m3,medst,1
speech/actual/roller/m3/medst/nav2.wav,m3,medst,1
speech/actual/roller/m3/medst/nav3.wav,m3,medst,1
speech/actual/roller/m3/medst/no1.wav,m3,medst,1
speech/actual/roller/m3/medst/no2.wav,m3,medst,1
speech/actual/roller/m3/medst/no3.wav,m3,medst,1
speech/actual/roller/m3/medst/no4.wav,m3,medst,1
speech/actual/roller/m3/medst/no5.wav,m3,medst,1
speech/actual/roller/m3/medst/oh1.wav,m3,medst,1
speech/actual/roller/m3/medst/oh2.wav,m3,medst,1
speech/actual/roller/m3/medst/oh3.wav,m3,medst,1
speech/actual/roller/m3/medst/oh4.wav,m3,medst,1
speech/actual/roller/m3/medst/oh5.wav,m3,medst,1
speech/actual/roller/m3/medst/oh6.wav,m3,medst,1
speech/actual/roller/m3/medst/on1.wav,m3,medst,1
speech/actual/roller/m3/medst/on2.wav,m3,medst,1
speech/actual/roller/m3/medst/on3.wav,m3,medst,1
speech/actual/roller/m3/medst/on4.wav,m3,medst,1
speech/actual/roller/m3/medst/on5.wav,m3,medst,1
speech/actual/roller/m3/medst/on6.wav,m3,medst,1
speech/actual/roller/m3/medst/out1.wav,m3,medst,1
speech/actual/roller/m3/medst/out2.wav,m3,medst,1
speech/actual/roller/m3/medst/out3.wav,m3,medst,1
speech/actual/roller/m3/medst/out4.wav,m3,medst,1
speech/actual/roller/m3/medst/out5.wav,m3,medst,1
speech/actual/roller/m3/medst/out6.wav,m3,medst,1
speech/actual/roller/m3/medst/out7.wav,m3,medst,1
speech/actual/roller/m3/medst/point1.wav,m3,medst,1
speech/actual/roller/m3/medst/point2.wav,m3,medst,1
speech/actual/roller/m3/medst/six1.wav,m3,medst,1
speech/actual/roller/m3/medst/six2.wav,m3,medst,1
speech/actual/roller/m3/medst/six3.wav,m3,medst,1
speech/actual/roller/m3/medst/six4.wav,m3,medst,1
speech/actual/roller/m3/medst/six5.wav,m3,medst,1
speech/actual/roller/m3/medst/six6.wav,m3,medst,1
speech/actual/roller/m3/medst/six7.wav,m3,medst,1
speech/actual/roller/m3/medst/south1.wav,m3,medst,1
speech/actual/roller/m3/medst/south2.wav,m3,medst,1
speech/actual/roller/m3/medst/south3.wav,m3,medst,1
speech/actual/roller/m3/medst/south4.wav,m3,medst,1
speech/actual/roller/m3/medst/south5.wav,m3,medst,1
speech/actual/roller/m3/medst/south6.wav,m3,medst,1
speech/actual/roller/m3/medst/south7.wav,m3,medst,1
speech/actual/roller/m3/medst/stand1.wav,m3,medst,1
speech/actual/roller/m3/medst/stand2.wav,m3,medst,1
speech/actual/roller/m3/medst/stand3.wav,m3,medst,1
speech/actual/roller/m3/medst/stand4.wav,m3,medst,1
speech/actual/roller/m3/medst/stand5.wav,m3,medst,1
speech/actual/roller/m3/medst/stand6.wav,m3,medst,1
speech/actual/roller/m3/medst/stand7.wav,m3,medst,1
speech/actual/roller/m3/medst/steer1.wav,m3,medst,1
speech/actual/roller/m3/medst/steer2.wav,m3,medst,1
speech/actual/roller/m3/medst/steer3.wav,m3,medst,1
speech/actual/roller/m3/medst/steer4.wav,m3,medst,1
speech/actual/roller/m3/medst/steer5.wav,m3,medst,1
speech/actual/roller/m3/medst/steer6.wav,m3,medst,1
speech/actual/roller/m3/medst/steer7.wav,m3,medst,1
speech/actual/roller/m3/medst/strafe1.wav,m3,medst,1
speech/actual/roller/m3/medst/strafe2.wav,m3,medst,1
speech/actual/roller/m3/medst/strafe3.wav,m3,medst,1
speech/actual/roller/m3/medst/strafe4.wav,m3,medst,1
speech/actual/roller/m3/medst/strafe5.wav,m3,medst,1
speech/actual/roller/m3/medst/strafe6.wav,m3,medst,1
speech/actual/roller/m3/medst/strafe7.wav,m3,medst,1
speech/actual/roller/m3/medst/ten1.wav,m3,medst,1
speech/actual/roller/m3/medst/ten2.wav,m3,medst,1
speech/actual/roller/m3/medst/ten3.wav,m3,medst,1
speech/actual/roller/m3/medst/ten4.wav,m3,medst,1
speech/actual/roller/m3/medst/ten5.wav,m3,medst,1
speech/actual/roller/m3/medst/ten6.wav,m3,medst,1
speech/actual/roller/m3/medst/ten7.wav,m3,medst,1
speech/actual/roller/m3/medst/thirty1.wav,m3,medst,1
speech/actual/roller/m3/medst/thirty2.wav,m3,medst,1
speech/actual/roller/m3/medst/thirty3.wav,m3,medst,1
speech/actual/roller/m3/medst/three1.wav,m3,medst,1
speech/actual/roller/m3/medst/three2.wav,m3,medst,1
speech/actual/roller/m3/medst/three3.wav,m3,medst,1
speech/actual/roller/m3/medst/white1.wav,m3,medst,1
speech/actual/roller/m3/medst/white2.wav,m3,medst,1
speech/actual/roller/m3/medst/white3.wav,m3,medst,1
speech/actual/roller/m3/medst/white4.wav,m3,medst,1
speech/actual/roller/m3/medst/wide1.wav,m3,medst,1
speech/actual/roller/m3/medst/wide2.wav,m3,medst,1
speech/actual/roller/m3/medst/wide3.wav,m3,medst,1
speech/actual/roller/m3/medst/wide4.wav,m3,medst,1
speech/actual/roller/m3/medst/wide5.wav,m3,medst,1
speech/actual/roller/m3/medst/wide6.wav,m3,medst,1
speech/actual/roller/m3/medst/zero1.wav,m3,medst,1
speech/actual/roller/m3/medst/zero2.wav,m3,medst,1
speech/actual/roller/m3/medst/zero3.wav,m3,medst,1
speech/actual/roller/m3/medst/zero4.wav,m3,medst,1
speech/actual/roller/m3/medst/zero5.wav,m3,medst,1
speech/actual/roller/m3/medst/zero6.wav,m3,medst,1
speech/actual/roller/m3/medst/zero7.wav,m3,medst,1
speech/actual/roller/m3/neut_oov_all/helpme1.wav,m3,neut_oov_all,0
speech/actual/roller/m3/neut_oov_all/helpme2.wav,m3,neut_oov_all,0
speech/actual/roller/m3/neut_oov_all/helpme3.wav,m3,neut_oov_all,0
speech/actual/roller/m3/neut_oov_all/helpme4.wav,m3,neut_oov_all,0
speech/actual/roller/m3/neut_oov_all/pilot1.wav,m3,neut_oov_all,0
speech/actual/roller/m3/neut_oov_all/pilot2.wav,m3,neut_oov_all,0
speech/actual/roller/m3/neut_oov_all/pilot3.wav,m3,neut_oov_all,0
speech/actual/roller/m3/neut_oov_all/powerdi1.wav,m3,neut_oov_all,0
speech/actual/roller/m3/neut_oov_all/powerdi2.wav,m3,neut_oov_all,0
speech/actual/roller/m3/neut_oov_all/powerdi3.wav,m3,neut_oov_all,0
speech/actual/roller/m3/neut_oov_all/powerdi4.wav,m3,neut_oov_all,0
speech/actual/roller/m3/neut_oov_all/powerdi5.wav,m3,neut_oov_all,0
speech/actual/roller/m3/neut_oov_all/shoot1.wav,m3,neut_oov_all,0
speech/actual/roller/m3/neut_oov_all/shoot2.wav,m3,neut_oov_all,0
speech/actual/roller/m3/neut_oov_all/shoot3.wav,m3,neut_oov_all,0
speech/actual/roller/m3/neut_oov_all/silence1.wav,m3,neut_oov_all,0
speech/actual/roller/m3/neut_oov_all/silence2.wav,m3,neut_oov_all,0
speech/actual/roller/m3/neut_oov_all/thecomm1.wav,m3,neut_oov_all,0
speech/actual/roller/m3/neut_oov_all/thecomm2.wav,m3,neut_oov_all,0
speech/actual/roller/m3/neut_oov_all/thecomm3.wav,m3,neut_oov_all,0
speech/actual/roller/m3/neut_oov_all/turnout1.wav,m3,neut_oov_all,0
speech/actual/roller/m3/neut_oov_all/turnout2.wav,m3,neut_oov_all,0
speech/actual/roller/m3/neut_oov_all/turnout3.wav,m3,neut_oov_all,0
speech/actual/roller/m3/neut_oov_all/turnout4.wav,m3,neut_oov_all,0
speech/actual/roller/m3/neut_oov_all/turnout5.wav,m3,neut_oov_all,0
speech/actual/roller/m3/neutral/break1.wav,m3,neutral,0
speech/actual/roller/m3/neutral/break2.wav,m3,neutral,0
speech/actual/roller/m3/neutral/break3.wav,m3,neutral,0
speech/actual/roller/m3/neutral/change1.wav,m3,neutral,0
speech/actual/roller/m3/neutral/change2.wav,m3,neutral,0
speech/actual/roller/m3/neutral/change3.wav,m3,neutral,0
speech/actual/roller/m3/neutral/degree1.wav,m3,neutral,0
speech/actual/roller/m3/neutral/degree2.wav,m3,neutral,0
speech/actual/roller/m3/neutral/degree3.wav,m3,neutral,0
speech/actual/roller/m3/neutral/destin1.wav,m3,neutral,0
speech/actual/roller/m3/neutral/destin2.wav,m3,neutral,0
speech/actual/roller/m3/neutral/destin3.wav,m3,neutral,0
speech/actual/roller/m3/neutral/east1.wav,m3,neutral,0
speech/actual/roller/m3/neutral/east2.wav,m3,neutral,0
speech/actual/roller/m3/neutral/eight1.wav,m3,neutral,0
speech/actual/roller/m3/neutral/eight2.wav,m3,neutral,0
speech/actual/roller/m3/neutral/eight3.wav,m3,neutral,0
speech/actual/roller/m3/neutral/eighty1.wav,m3,neutral,0
speech/actual/roller/m3/neutral/eighty2.wav,m3,neutral,0
speech/actual/roller/m3/neutral/fifty1.wav,m3,neutral,0
speech/actual/roller/m3/neutral/fifty2.wav,m3,neutral,0
speech/actual/roller/m3/neutral/fifty3.wav,m3,neutral,0
speech/actual/roller/m3/neutral/fix1.wav,m3,neutral,0
speech/actual/roller/m3/neutral/fix2.wav,m3,neutral,0
speech/actual/roller/m3/neutral/fix3.wav,m3,neutral,0
speech/actual/roller/m3/neutral/fix4.wav,m3,neutral,0
speech/actual/roller/m3/neutral/freeze1.wav,m3,neutral,0
speech/actual/roller/m3/neutral/freeze2.wav,m3,neutral,0
speech/actual/roller/m3/neutral/freeze3.wav,m3,neutral,0
speech/actual/roller/m3/neutral/gain1.wav,m3,neutral,0
speech/actual/roller/m3/neutral/gain2.wav,m3,neutral,0
speech/actual/roller/m3/neutral/gain3.wav,m3,neutral,0
speech/actual/roller/m3/neutral/go1.wav,m3,neutral,0
speech/actual/roller/m3/neutral/go2.wav,m3,neutral,0
speech/actual/roller/m3/neutral/go3.wav,m3,neutral,0
speech/actual/roller/m3/neutral/hello1.wav,m3,neutral,0
speech/actual/roller/m3/neutral/hello2.wav,m3,neutral,0
speech/actual/roller/m3/neutral/hello3.wav,m3,neutral,0
speech/actual/roller/m3/neutral/help1.wav,m3,neutral,0
speech/actual/roller/m3/neutral/help2.wav,m3,neutral,0
speech/actual/roller/m3/neutral/help3.wav,m3,neutral,0
speech/actual/roller/m3/neutral/histog1.wav,m3,neutral,0
speech/actual/roller/m3/neutral/histog2.wav,m3,neutral,0
speech/actual/roller/m3/neutral/histog3.wav,m3,neutral,0
speech/actual/roller/m3/neutral/hot1.wav,m3,neutral,0
speech/actual/roller/m3/neutral/hot2.wav,m3,neutral,0
speech/actual/roller/m3/neutral/mark1.wav,m3,neutral,0
speech/actual/roller/m3/neutral/mark2.wav,m3,neutral,0
speech/actual/roller/m3/neutral/nav1.wav,m3,neutral,0
speech/actual/roller/m3/neutral/nav2.wav,m3,neutral,0
speech/actual/roller/m3/neutral/nav3.wav,m3,neutral,0
speech/actual/roller/m3/neutral/no1.wav,m3,neutral,0
speech/actual/roller/m3/neutral/no2.wav,m3,neutral,0
speech/actual/roller/m3/neutral/no3.wav,m3,neutral,0
speech/actual/roller/m3/neutral/oh1.wav,m3,neutral,0
speech/actual/roller/m3/neutral/oh2.wav,m3,neutral,0
speech/actual/roller/m3/neutral/oh3.wav,m3,neutral,0
speech/actual/roller/m3/neutral/on1.wav,m3,neutral,0
speech/actual/roller/m3/neutral/on2.wav,m3,neutral,0
speech/actual/roller/m3/neutral/on3.wav,m3,neutral,0
speech/actual/roller/m3/neutral/on4.wav,m3,neutral,0
speech/actual/roller/m3/neutral/on5.wav,m3,neutral,0
speech/actual/roller/m3/neutral/out1.wav,m3,neutral,0
speech/actual/roller/m3/neutral/out2.wav,m3,neutral,0
speech/actual/roller/m3/neutral/out3.wav,m3,neutral,0
speech/actual/roller/m3/neutral/point1.wav,m3,neutral,0
speech/actual/roller/m3/neutral/point2.wav,m3,neutral,0
speech/actual/roller/m3/neutral/point3.wav,m3,neutral,0
speech/actual/roller/m3/neutral/six1.wav,m3,neutral,0
speech/actual/roller/m3/neutral/six2.wav,m3,neutral,0
speech/actual/roller/m3/neutral/south1.wav,m3,neutral,0
speech/actual/roller/m3/neutral/south2.wav,m3,neutral,0
speech/actual/roller/m3/neutral/south3.wav,m3,neutral,0
speech/actual/roller/m3/neutral/stand1.wav,m3,neutral,0
speech/actual/roller/m3/neutral/stand2.wav,m3,neutral,0
speech/actual/roller/m3/neutral/stand3.wav,m3,neutral,0
speech/actual/roller/m3/neutral/steer1.wav,m3,neutral,0
speech/actual/roller/m3/neutral/steer2.wav,m3,neutral,0
speech/actual/roller/m3/neutral/strafe1.wav,m3,neutral,0
speech/actual/roller/m3/neutral/strafe2.wav,m3,neutral,0
speech/actual/roller/m3/neutral/strafe3.wav,m3,neutral,0
speech/actual/roller/m3/neutral/ten1.wav,m3,neutral,0
speech/actual/roller/m3/neutral/ten2.wav,m3,neutral,0
speech/actual/roller/m3/neutral/ten3.wav,m3,neutral,0
speech/actual/roller/m3/neutral/thirty1.wav,m3,neutral,0
speech/actual/roller/m3/neutral/thirty2.wav,m3,neutral,0
speech/actual/roller/m3/neutral/thirty3.wav,m3,neutral,0
speech/actual/roller/m3/neutral/three1.wav,m3,neutral,0
speech/actual/roller/m3/neutral/three2.wav,m3,neutral,0
speech/actual/roller/m3/neutral/three3.wav,m3,neutral,0
speech/actual/roller/m3/neutral/white1.wav,m3,neutral,0
speech/actual/roller/m3/neutral/white2.wav,m3,neutral,0
speech/actual/roller/m3/neutral/white3.wav,m3,neutral,0
speech/actual/roller/m3/neutral/wide1.wav,m3,neutral,0
speech/actual/roller/m3/neutral/wide2.wav,m3,neutral,0
speech/actual/roller/m3/neutral/wide3.wav,m3,neutral,0
speech/actual/roller/m3/neutral/zero1.wav,m3,neutral,0
speech/actual/roller/m3/neutral/zero2.wav,m3,neutral,0
speech/actual/roller/m3/scre_oov_all/down1.wav,m3,scre_oov_all,2
speech/actual/roller/m3/scre_oov_all/five1.wav,m3,scre_oov_all,2
speech/actual/roller/m3/scre_oov_all/five2.wav,m3,scre_oov_all,2
speech/actual/roller/m3/scre_oov_all/powerdi1.wav,m3,scre_oov_all,2
speech/actual/roller/m3/scre_oov_all/shootth1.wav,m3,scre_oov_all,2
speech/actual/roller/m3/scre_oov_all/turnout1.wav,m3,scre_oov_all,2
speech/actual/roller/m3/scre_oov_all/turnout2.wav,m3,scre_oov_all,2
speech/actual/roller/m3/scream/fifty1.wav,m3,scream,2
speech/actual/roller/m3/scream/fix1.wav,m3,scream,2
speech/actual/roller/m3/scream/freeze1.wav,m3,scream,2
speech/actual/roller/m3/scream/gain1.wav,m3,scream,2
speech/actual/roller/m3/scream/go1.wav,m3,scream,2
speech/actual/roller/m3/scream/go2.wav,m3,scream,2
speech/actual/roller/m3/scream/hello1.wav,m3,scream,2
speech/actual/roller/m3/scream/hello2.wav,m3,scream,2
speech/actual/roller/m3/scream/help1.wav,m3,scream,2
speech/actual/roller/m3/scream/help2.wav,m3,scream,2
speech/actual/roller/m3/scream/histog1.wav,m3,scream,2
speech/actual/roller/m3/scream/histog2.wav,m3,scream,2
speech/actual/roller/m3/scream/histog3.wav,m3,scream,2
speech/actual/roller/m3/scream/hot1.wav,m3,scream,2
speech/actual/roller/m3/scream/hot2.wav,m3,scream,2
speech/actual/roller/m3/scream/hot3.wav,m3,scream,2
speech/actual/roller/m3/scream/mark1.wav,m3,scream,2
speech/actual/roller/m3/scream/mark2.wav,m3,scream,2
speech/actual/roller/m3/scream/mark3.wav,m3,scream,2
speech/actual/roller/m3/scream/nav1.wav,m3,scream,2
speech/actual/roller/m3/scream/nav2.wav,m3,scream,2
speech/actual/roller/m3/scream/nav3.wav,m3,scream,2
speech/actual/roller/m3/scream/nav4.wav,m3,scream,2
speech/actual/roller/m3/scream/no1.wav,m3,scream,2
speech/actual/roller/m3/scream/no2.wav,m3,scream,2
speech/actual/roller/m3/scream/no3.wav,m3,scream,2
speech/actual/roller/m3/scream/no4.wav,m3,scream,2
speech/actual/roller/m3/scream/oh1.wav,m3,scream,2
speech/actual/roller/m3/scream/oh2.wav,m3,scream,2
speech/actual/roller/m3/scream/oh3.wav,m3,scream,2
speech/actual/roller/m3/scream/oh4.wav,m3,scream,2
speech/actual/roller/m3/scream/out1.wav,m3,scream,2
speech/actual/roller/m3/scream/out2.wav,m3,scream,2
speech/actual/roller/m3/scream/out3.wav,m3,scream,2
speech/actual/roller/m3/scream/point1.wav,m3,scream,2
speech/actual/roller/m3/scream/six1.wav,m3,scream,2
speech/actual/roller/m3/scream/six2.wav,m3,scream,2
speech/actual/roller/m3/scream/south1.wav,m3,scream,2
speech/actual/roller/m3/scream/south2.wav,m3,scream,2
speech/actual/roller/m3/scream/stand1.wav,m3,scream,2
speech/actual/roller/m3/scream/stand2.wav,m3,scream,2
speech/actual/roller/m3/scream/steer1.wav,m3,scream,2
speech/actual/roller/m3/scream/steer2.wav,m3,scream,2
speech/actual/roller/m3/scream/strafe1.wav,m3,scream,2
speech/actual/roller/m3/scream/ten1.wav,m3,scream,2
speech/actual/roller/m3/scream/thirty1.wav,m3,scream,2
speech/actual/roller/m3/scream/thirty2.wav,m3,scream,2
speech/actual/roller/m3/scream/zero1.wav,m3,scream,2
speech/actual/roller/m4/hist/break1.wav,m4,hist,2
speech/actual/roller/m4/hist/break2.wav,m4,hist,2
speech/actual/roller/m4/hist/break3.wav,m4,hist,2
speech/actual/roller/m4/hist/break4.wav,m4,hist,2
speech/actual/roller/m4/hist/break5.wav,m4,hist,2
speech/actual/roller/m4/hist/break6.wav,m4,hist,2
speech/actual/roller/m4/hist/change1.wav,m4,hist,2
speech/actual/roller/m4/hist/change2.wav,m4,hist,2
speech/actual/roller/m4/hist/change3.wav,m4,hist,2
speech/actual/roller/m4/hist/change4.wav,m4,hist,2
speech/actual/roller/m4/hist/change5.wav,m4,hist,2
speech/actual/roller/m4/hist/change6.wav,m4,hist,2
speech/actual/roller/m4/hist/degree1.wav,m4,hist,2
speech/actual/roller/m4/hist/degree2.wav,m4,hist,2
speech/actual/roller/m4/hist/degree3.wav,m4,hist,2
speech/actual/roller/m4/hist/degree4.wav,m4,hist,2
speech/actual/roller/m4/hist/degree5.wav,m4,hist,2
speech/actual/roller/m4/hist/degree6.wav,m4,hist,2
speech/actual/roller/m4/hist/destin1.wav,m4,hist,2
speech/actual/roller/m4/hist/destin2.wav,m4,hist,2
speech/actual/roller/m4/hist/destin3.wav,m4,hist,2
speech/actual/roller/m4/hist/destin4.wav,m4,hist,2
speech/actual/roller/m4/hist/destin5.wav,m4,hist,2
speech/actual/roller/m4/hist/destin6.wav,m4,hist,2
speech/actual/roller/m4/hist/east1.wav,m4,hist,2
speech/actual/roller/m4/hist/east10.wav,m4,hist,2
speech/actual/roller/m4/hist/east11.wav,m4,hist,2
speech/actual/roller/m4/hist/east12.wav,m4,hist,2
speech/actual/roller/m4/hist/east2.wav,m4,hist,2
speech/actual/roller/m4/hist/east3.wav,m4,hist,2
speech/actual/roller/m4/hist/east4.wav,m4,hist,2
speech/actual/roller/m4/hist/east5.wav,m4,hist,2
speech/actual/roller/m4/hist/east6.wav,m4,hist,2
speech/actual/roller/m4/hist/east7.wav,m4,hist,2
speech/actual/roller/m4/hist/east8.wav,m4,hist,2
speech/actual/roller/m4/hist/east9.wav,m4,hist,2
speech/actual/roller/m4/hist/eight1.wav,m4,hist,2
speech/actual/roller/m4/hist/eight2.wav,m4,hist,2
speech/actual/roller/m4/hist/eight3.wav,m4,hist,2
speech/actual/roller/m4/hist/eighty1.wav,m4,hist,2
speech/actual/roller/m4/hist/eighty2.wav,m4,hist,2
speech/actual/roller/m4/hist/eighty3.wav,m4,hist,2
speech/actual/roller/m4/hist/eighty4.wav,m4,hist,2
speech/actual/roller/m4/hist/eighty5.wav,m4,hist,2
speech/actual/roller/m4/hist/eighty6.wav,m4,hist,2
speech/actual/roller/m4/hist/enter1.wav,m4,hist,2
speech/actual/roller/m4/hist/enter2.wav,m4,hist,2
speech/actual/roller/m4/hist/enter3.wav,m4,hist,2
speech/actual/roller/m4/hist/fifty1.wav,m4,hist,2
speech/actual/roller/m4/hist/fifty2.wav,m4,hist,2
speech/actual/roller/m4/hist/fifty3.wav,m4,hist,2
speech/actual/roller/m4/hist/fifty4.wav,m4,hist,2
speech/actual/roller/m4/hist/fifty5.wav,m4,hist,2
speech/actual/roller/m4/hist/fifty6.wav,m4,hist,2
speech/actual/roller/m4/hist/fix1.wav,m4,hist,2
speech/actual/roller/m4/hist/fix2.wav,m4,hist,2
speech/actual/roller/m4/hist/fix3.wav,m4,hist,2
speech/actual/roller/m4/hist/fix4.wav,m4,hist,2
speech/actual/roller/m4/hist/fix5.wav,m4,hist,2
speech/actual/roller/m4/hist/fix6.wav,m4,hist,2
speech/actual/roller/m4/hist/freeze1.wav,m4,hist,2
speech/actual/roller/m4/hist/freeze2.wav,m4,hist,2
speech/actual/roller/m4/hist/freeze3.wav,m4,hist,2
speech/actual/roller/m4/hist/freeze4.wav,m4,hist,2
speech/actual/roller/m4/hist/freeze5.wav,m4,hist,2
speech/actual/roller/m4/hist/freeze6.wav,m4,hist,2
speech/actual/roller/m4/hist/gain1.wav,m4,hist,2
speech/actual/roller/m4/hist/gain2.wav,m4,hist,2
speech/actual/roller/m4/hist/gain3.wav,m4,hist,2
speech/actual/roller/m4/hist/gain4.wav,m4,hist,2
speech/actual/roller/m4/hist/gain5.wav,m4,hist,2
speech/actual/roller/m4/hist/gain6.wav,m4,hist,2
speech/actual/roller/m4/hist/go1.wav,m4,hist,2
speech/actual/roller/m4/hist/go2.wav,m4,hist,2
speech/actual/roller/m4/hist/go3.wav,m4,hist,2
speech/actual/roller/m4/hist/go4.wav,m4,hist,2
speech/actual/roller/m4/hist/go5.wav,m4,hist,2
speech/actual/roller/m4/hist/go6.wav,m4,hist,2
speech/actual/roller/m4/hist/go7.wav,m4,hist,2
speech/actual/roller/m4/hist/go8.wav,m4,hist,2
speech/actual/roller/m4/hist/go9.wav,m4,hist,2
speech/actual/roller/m4/hist/hello1.wav,m4,hist,2
speech/actual/roller/m4/hist/hello2.wav,m4,hist,2
speech/actual/roller/m4/hist/hello3.wav,m4,hist,2
speech/actual/roller/m4/hist/hello4.wav,m4,hist,2
speech/actual/roller/m4/hist/hello5.wav,m4,hist,2
speech/actual/roller/m4/hist/hello6.wav,m4,hist,2
speech/actual/roller/m4/hist/hello7.wav,m4,hist,2
speech/actual/roller/m4/hist/hello8.wav,m4,hist,2
speech/actual/roller/m4/hist/hello9.wav,m4,hist,2
speech/actual/roller/m4/hist/help1.wav,m4,hist,2
speech/actual/roller/m4/hist/help2.wav,m4,hist,2
speech/actual/roller/m4/hist/help3.wav,m4,hist,2
speech/actual/roller/m4/hist/help4.wav,m4,hist,2
speech/actual/roller/m4/hist/help5.wav,m4,hist,2
speech/actual/roller/m4/hist/help6.wav,m4,hist,2
speech/actual/roller/m4/hist/histog1.wav,m4,hist,2
speech/actual/roller/m4/hist/histog2.wav,m4,hist,2
speech/actual/roller/m4/hist/histog3.wav,m4,hist,2
speech/actual/roller/m4/hist/histog4.wav,m4,hist,2
speech/actual/roller/m4/hist/histog5.wav,m4,hist,2
speech/actual/roller/m4/hist/histog6.wav,m4,hist,2
speech/actual/roller/m4/hist/hot1.wav,m4,hist,2
speech/actual/roller/m4/hist/hot2.wav,m4,hist,2
speech/actual/roller/m4/hist/hot3.wav,m4,hist,2
speech/actual/roller/m4/hist/mark1.wav,m4,hist,2
speech/actual/roller/m4/hist/mark2.wav,m4,hist,2
speech/actual/roller/m4/hist/mark3.wav,m4,hist,2
speech/actual/roller/m4/hist/nav1.wav,m4,hist,2
speech/actual/roller/m4/hist/nav2.wav,m4,hist,2
speech/actual/roller/m4/hist/nav3.wav,m4,hist,2
speech/actual/roller/m4/hist/nav4.wav,m4,hist,2
speech/actual/roller/m4/hist/nav5.wav,m4,hist,2
speech/actual/roller/m4/hist/nav6.wav,m4,hist,2
speech/actual/roller/m4/hist/no1.wav,m4,hist,2
speech/actual/roller/m4/hist/no2.wav,m4,hist,2
speech/actual/roller/m4/hist/no3.wav,m4,hist,2
speech/actual/roller/m4/hist/no4.wav,m4,hist,2
speech/actual/roller/m4/hist/no5.wav,m4,hist,2
speech/actual/roller/m4/hist/no6.wav,m4,hist,2
speech/actual/roller/m4/hist/oh1.wav,m4,hist,2
speech/actual/roller/m4/hist/oh2.wav,m4,hist,2
speech/actual/roller/m4/hist/oh3.wav,m4,hist,2
speech/actual/roller/m4/hist/oh4.wav,m4,hist,2
speech/actual/roller/m4/hist/oh5.wav,m4,hist,2
speech/actual/roller/m4/hist/oh6.wav,m4,hist,2
speech/actual/roller/m4/hist/on1.wav,m4,hist,2
speech/actual/roller/m4/hist/on2.wav,m4,hist,2
speech/actual/roller/m4/hist/on3.wav,m4,hist,2
speech/actual/roller/m4/hist/out1.wav,m4,hist,2
speech/actual/roller/m4/hist/out2.wav,m4,hist,2
speech/actual/roller/m4/hist/out3.wav,m4,hist,2
speech/actual/roller/m4/hist/point1.wav,m4,hist,2
speech/actual/roller/m4/hist/point2.wav,m4,hist,2
speech/actual/roller/m4/hist/point3.wav,m4,hist,2
speech/actual/roller/m4/hist/point4.wav,m4,hist,2
speech/actual/roller/m4/hist/point5.wav,m4,hist,2
speech/actual/roller/m4/hist/point6.wav,m4,hist,2
speech/actual/roller/m4/hist/six1.wav,m4,hist,2
speech/actual/roller/m4/hist/six2.wav,m4,hist,2
speech/actual/roller/m4/hist/six3.wav,m4,hist,2
speech/actual/roller/m4/hist/six4.wav,m4,hist,2
speech/actual/roller/m4/hist/six5.wav,m4,hist,2
speech/actual/roller/m4/hist/six6.wav,m4,hist,2
speech/actual/roller/m4/hist/south1.wav,m4,hist,2
speech/actual/roller/m4/hist/south2.wav,m4,hist,2
speech/actual/roller/m4/hist/south3.wav,m4,hist,2
speech/actual/roller/m4/hist/stand1.wav,m4,hist,2
speech/actual/roller/m4/hist/stand2.wav,m4,hist,2
speech/actual/roller/m4/hist/stand3.wav,m4,hist,2
speech/actual/roller/m4/hist/steer1.wav,m4,hist,2
speech/actual/roller/m4/hist/steer2.wav,m4,hist,2
speech/actual/roller/m4/hist/steer3.wav,m4,hist,2
speech/actual/roller/m4/hist/strafe1.wav,m4,hist,2
speech/actual/roller/m4/hist/strafe2.wav,m4,hist,2
speech/actual/roller/m4/hist/strafe3.wav,m4,hist,2
speech/actual/roller/m4/hist/ten1.wav,m4,hist,2
speech/actual/roller/m4/hist/ten2.wav,m4,hist,2
speech/actual/roller/m4/hist/ten3.wav,m4,hist,2
speech/actual/roller/m4/hist/ten4.wav,m4,hist,2
speech/actual/roller/m4/hist/ten5.wav,m4,hist,2
speech/actual/roller/m4/hist/ten6.wav,m4,hist,2
speech/actual/roller/m4/hist/thirty1.wav,m4,hist,2
speech/actual/roller/m4/hist/thirty2.wav,m4,hist,2
speech/actual/roller/m4/hist/thirty3.wav,m4,hist,2
speech/actual/roller/m4/hist/thirty4.wav,m4,hist,2
speech/actual/roller/m4/hist/thirty5.wav,m4,hist,2
speech/actual/roller/m4/hist/thirty6.wav,m4,hist,2
speech/actual/roller/m4/hist/three1.wav,m4,hist,2
speech/actual/roller/m4/hist/three2.wav,m4,hist,2
speech/actual/roller/m4/hist/three3.wav,m4,hist,2
speech/actual/roller/m4/hist/white1.wav,m4,hist,2
speech/actual/roller/m4/hist/white2.wav,m4,hist,2
speech/actual/roller/m4/hist/white3.wav,m4,hist,2
speech/actual/roller/m4/hist/white4.wav,m4,hist,2
speech/actual/roller/m4/hist/white5.wav,m4,hist,2
speech/actual/roller/m4/hist/wide1.wav,m4,hist,2
speech/actual/roller/m4/hist/wide2.wav,m4,hist,2
speech/actual/roller/m4/hist/wide3.wav,m4,hist,2
speech/actual/roller/m4/hist/wide4.wav,m4,hist,2
speech/actual/roller/m4/hist/wide5.wav,m4,hist,2
speech/actual/roller/m4/hist/zero1.wav,m4,hist,2
speech/actual/roller/m4/hist/zero2.wav,m4,hist,2
speech/actual/roller/m4/hist/zero3.wav,m4,hist,2
speech/actual/roller/m4/hist_oov_all/silence1.wav,m4,hist_oov_all,2
speech/actual/roller/m4/meds_oov_all/mayday1.wav,m4,meds_oov_all,1
speech/actual/roller/m4/meds_oov_all/mayday2.wav,m4,meds_oov_all,1
speech/actual/roller/m4/meds_oov_all/redaler1.wav,m4,meds_oov_all,1
speech/actual/roller/m4/meds_oov_all/silence1.wav,m4,meds_oov_all,1
speech/actual/roller/m4/meds_oov_all/silence2.wav,m4,meds_oov_all,1
speech/actual/roller/m4/medst/break1.wav,m4,medst,1
speech/actual/roller/m4/medst/break10.wav,m4,medst,1
speech/actual/roller/m4/medst/break2.wav,m4,medst,1
speech/actual/roller/m4/medst/break3.wav,m4,medst,1
speech/actual/roller/m4/medst/break4.wav,m4,medst,1
speech/actual/roller/m4/medst/break5.wav,m4,medst,1
speech/actual/roller/m4/medst/break6.wav,m4,medst,1
speech/actual/roller/m4/medst/break7.wav,m4,medst,1
speech/actual/roller/m4/medst/break8.wav,m4,medst,1
speech/actual/roller/m4/medst/break9.wav,m4,medst,1
speech/actual/roller/m4/medst/change1.wav,m4,medst,1
speech/actual/roller/m4/medst/change2.wav,m4,medst,1
speech/actual/roller/m4/medst/change3.wav,m4,medst,1
speech/actual/roller/m4/medst/change4.wav,m4,medst,1
speech/actual/roller/m4/medst/change5.wav,m4,medst,1
speech/actual/roller/m4/medst/change7.wav,m4,medst,1
speech/actual/roller/m4/medst/change8.wav,m4,medst,1
speech/actual/roller/m4/medst/degree1.wav,m4,medst,1
speech/actual/roller/m4/medst/degree2.wav,m4,medst,1
speech/actual/roller/m4/medst/degree3.wav,m4,medst,1
speech/actual/roller/m4/medst/degree4.wav,m4,medst,1
speech/actual/roller/m4/medst/degree5.wav,m4,medst,1
speech/actual/roller/m4/medst/degree6.wav,m4,medst,1
speech/actual/roller/m4/medst/destin1.wav,m4,medst,1
speech/actual/roller/m4/medst/destin2.wav,m4,medst,1
speech/actual/roller/m4/medst/destin3.wav,m4,medst,1
speech/actual/roller/m4/medst/destin4.wav,m4,medst,1
speech/actual/roller/m4/medst/destin5.wav,m4,medst,1
speech/actual/roller/m4/medst/destin6.wav,m4,medst,1
speech/actual/roller/m4/medst/destin7.wav,m4,medst,1
speech/actual/roller/m4/medst/east1.wav,m4,medst,1
speech/actual/roller/m4/medst/east10.wav,m4,medst,1
speech/actual/roller/m4/medst/east11.wav,m4,medst,1
speech/actual/roller/m4/medst/east12.wav,m4,medst,1
speech/actual/roller/m4/medst/east13.wav,m4,medst,1
speech/actual/roller/m4/medst/east14.wav,m4,medst,1
speech/actual/roller/m4/medst/east15.wav,m4,medst,1
speech/actual/roller/m4/medst/east2.wav,m4,medst,1
speech/actual/roller/m4/medst/east3.wav,m4,medst,1
speech/actual/roller/m4/medst/east4.wav,m4,medst,1
speech/actual/roller/m4/medst/east5.wav,m4,medst,1
speech/actual/roller/m4/medst/east6.wav,m4,medst,1
speech/actual/roller/m4/medst/east7.wav,m4,medst,1
speech/actual/roller/m4/medst/east8.wav,m4,medst,1
speech/actual/roller/m4/medst/east9.wav,m4,medst,1
speech/actual/roller/m4/medst/eight1.wav,m4,medst,1
speech/actual/roller/m4/medst/eight2.wav,m4,medst,1
speech/actual/roller/m4/medst/eight3.wav,m4,medst,1
speech/actual/roller/m4/medst/eight4.wav,m4,medst,1
speech/actual/roller/m4/medst/eighty1.wav,m4,medst,1
speech/actual/roller/m4/medst/eighty2.wav,m4,medst,1
speech/actual/roller/m4/medst/eighty3.wav,m4,medst,1
speech/actual/roller/m4/medst/eighty4.wav,m4,medst,1
speech/actual/roller/m4/medst/eighty5.wav,m4,medst,1
speech/actual/roller/m4/medst/eighty6.wav,m4,medst,1
speech/actual/roller/m4/medst/eighty7.wav,m4,medst,1
speech/actual/roller/m4/medst/eighty8.wav,m4,medst,1
speech/actual/roller/m4/medst/enter1.wav,m4,medst,1
speech/actual/roller/m4/medst/enter2.wav,m4,medst,1
speech/actual/roller/m4/medst/enter3.wav,m4,medst,1
speech/actual/roller/m4/medst/fifty1.wav,m4,medst,1
speech/actual/roller/m4/medst/fifty2.wav,m4,medst,1
speech/actual/roller/m4/medst/fifty3.wav,m4,medst,1
speech/actual/roller/m4/medst/fifty4.wav,m4,medst,1
speech/actual/roller/m4/medst/fifty5.wav,m4,medst,1
speech/actual/roller/m4/medst/fifty6.wav,m4,medst,1
speech/actual/roller/m4/medst/fix1.wav,m4,medst,1
speech/actual/roller/m4/medst/fix2.wav,m4,medst,1
speech/actual/roller/m4/medst/fix3.wav,m4,medst,1
speech/actual/roller/m4/medst/fix4.wav,m4,medst,1
speech/actual/roller/m4/medst/fix5.wav,m4,medst,1
speech/actual/roller/m4/medst/fix6.wav,m4,medst,1
speech/actual/roller/m4/medst/freeze1.wav,m4,medst,1
speech/actual/roller/m4/medst/freeze2.wav,m4,medst,1
speech/actual/roller/m4/medst/freeze3.wav,m4,medst,1
speech/actual/roller/m4/medst/freeze4.wav,m4,medst,1
speech/actual/roller/m4/medst/freeze5.wav,m4,medst,1
speech/actual/roller/m4/medst/freeze6.wav,m4,medst,1
speech/actual/roller/m4/medst/freeze7.wav,m4,medst,1
speech/actual/roller/m4/medst/freeze8.wav,m4,medst,1
speech/actual/roller/m4/medst/gain1.wav,m4,medst,1
speech/actual/roller/m4/medst/gain2.wav,m4,medst,1
speech/actual/roller/m4/medst/gain3.wav,m4,medst,1
speech/actual/roller/m4/medst/gain4.wav,m4,medst,1
speech/actual/roller/m4/medst/gain5.wav,m4,medst,1
speech/actual/roller/m4/medst/gain6.wav,m4,medst,1
speech/actual/roller/m4/medst/gain7.wav,m4,medst,1
speech/actual/roller/m4/medst/gain8.wav,m4,medst,1
speech/actual/roller/m4/medst/go1.wav,m4,medst,1
speech/actual/roller/m4/medst/go10.wav,m4,medst,1
speech/actual/roller/m4/medst/go11.wav,m4,medst,1
speech/actual/roller/m4/medst/go12.wav,m4,medst,1
speech/actual/roller/m4/medst/go13.wav,m4,medst,1
speech/actual/roller/m4/medst/go2.wav,m4,medst,1
speech/actual/roller/m4/medst/go3.wav,m4,medst,1
speech/actual/roller/m4/medst/go4.wav,m4,medst,1
speech/actual/roller/m4/medst/go5.wav,m4,medst,1
speech/actual/roller/m4/medst/go6.wav,m4,medst,1
speech/actual/roller/m4/medst/go7.wav,m4,medst,1
speech/actual/roller/m4/medst/go8.wav,m4,medst,1
speech/actual/roller/m4/medst/go9.wav,m4,medst,1
speech/actual/roller/m4/medst/hello1.wav,m4,medst,1
speech/actual/roller/m4/medst/hello10.wav,m4,medst,1
speech/actual/roller/m4/medst/hello2.wav,m4,medst,1
speech/actual/roller/m4/medst/hello3.wav,m4,medst,1
speech/actual/roller/m4/medst/hello4.wav,m4,medst,1
speech/actual/roller/m4/medst/hello5.wav,m4,medst,1
speech/actual/roller/m4/medst/hello6.wav,m4,medst,1
speech/actual/roller/m4/medst/hello7.wav,m4,medst,1
speech/actual/roller/m4/medst/hello8.wav,m4,medst,1
speech/actual/roller/m4/medst/hello9.wav,m4,medst,1
speech/actual/roller/m4/medst/help1.wav,m4,medst,1
speech/actual/roller/m4/medst/help2.wav,m4,medst,1
speech/actual/roller/m4/medst/help3.wav,m4,medst,1
speech/actual/roller/m4/medst/help4.wav,m4,medst,1
speech/actual/roller/m4/medst/help5.wav,m4,medst,1
speech/actual/roller/m4/medst/help6.wav,m4,medst,1
speech/actual/roller/m4/medst/help7.wav,m4,medst,1
speech/actual/roller/m4/medst/histog1.wav,m4,medst,1
speech/actual/roller/m4/medst/histog2.wav,m4,medst,1
speech/actual/roller/m4/medst/histog3.wav,m4,medst,1
speech/actual/roller/m4/medst/histog4.wav,m4,medst,1
speech/actual/roller/m4/medst/histog5.wav,m4,medst,1
speech/actual/roller/m4/medst/histog6.wav,m4,medst,1
speech/actual/roller/m4/medst/hot1.wav,m4,medst,1
speech/actual/roller/m4/medst/hot2.wav,m4,medst,1
speech/actual/roller/m4/medst/mark1.wav,m4,medst,1
speech/actual/roller/m4/medst/mark2.wav,m4,medst,1
speech/actual/roller/m4/medst/mark3.wav,m4,medst,1
speech/actual/roller/m4/medst/mark4.wav,m4,medst,1
speech/actual/roller/m4/medst/nav1.wav,m4,medst,1
speech/actual/roller/m4/medst/nav2.wav,m4,medst,1
speech/actual/roller/m4/medst/nav3.wav,m4,medst,1
speech/actual/roller/m4/medst/nav4.wav,m4,medst,1
speech/actual/roller/m4/medst/nav5.wav,m4,medst,1
speech/actual/roller/m4/medst/nav6.wav,m4,medst,1
speech/actual/roller/m4/medst/no1.wav,m4,medst,1
speech/actual/roller/m4/medst/no2.wav,m4,medst,1
speech/actual/roller/m4/medst/no3.wav,m4,medst,1
speech/actual/roller/m4/medst/no4.wav,m4,medst,1
speech/actual/roller/m4/medst/no5.wav,m4,medst,1
speech/actual/roller/m4/medst/no6.wav,m4,medst,1
speech/actual/roller/m4/medst/no7.wav,m4,medst,1
speech/actual/roller/m4/medst/oh1.wav,m4,medst,1
speech/actual/roller/m4/medst/oh2.wav,m4,medst,1
speech/actual/roller/m4/medst/oh3.wav,m4,medst,1
speech/actual/roller/m4/medst/oh4.wav,m4,medst,1
speech/actual/roller/m4/medst/oh5.wav,m4,medst,1
speech/actual/roller/m4/medst/oh6.wav,m4,medst,1
speech/actual/roller/m4/medst/on1.wav,m4,medst,1
speech/actual/roller/m4/medst/on2.wav,m4,medst,1
speech/actual/roller/m4/medst/on3.wav,m4,medst,1
speech/actual/roller/m4/medst/on4.wav,m4,medst,1
speech/actual/roller/m4/medst/out1.wav,m4,medst,1
speech/actual/roller/m4/medst/out2.wav,m4,medst,1
speech/actual/roller/m4/medst/out3.wav,m4,medst,1
speech/actual/roller/m4/medst/out4.wav,m4,medst,1
speech/actual/roller/m4/medst/out5.wav,m4,medst,1
speech/actual/roller/m4/medst/point1.wav,m4,medst,1
speech/actual/roller/m4/medst/point2.wav,m4,medst,1
speech/actual/roller/m4/medst/point3.wav,m4,medst,1
speech/actual/roller/m4/medst/point4.wav,m4,medst,1
speech/actual/roller/m4/medst/point5.wav,m4,medst,1
speech/actual/roller/m4/medst/point6.wav,m4,medst,1
speech/actual/roller/m4/medst/six1.wav,m4,medst,1
speech/actual/roller/m4/medst/six2.wav,m4,medst,1
speech/actual/roller/m4/medst/six3.wav,m4,medst,1
speech/actual/roller/m4/medst/six4.wav,m4,medst,1
speech/actual/roller/m4/medst/six5.wav,m4,medst,1
speech/actual/roller/m4/medst/six6.wav,m4,medst,1
speech/actual/roller/m4/medst/south1.wav,m4,medst,1
speech/actual/roller/m4/medst/south2.wav,m4,medst,1
speech/actual/roller/m4/medst/south3.wav,m4,medst,1
speech/actual/roller/m4/medst/south4.wav,m4,medst,1
speech/actual/roller/m4/medst/stand1.wav,m4,medst,1
speech/actual/roller/m4/medst/stand2.wav,m4,medst,1
speech/actual/roller/m4/medst/stand3.wav,m4,medst,1
speech/actual/roller/m4/medst/steer1.wav,m4,medst,1
speech/actual/roller/m4/medst/steer2.wav,m4,medst,1
speech/actual/roller/m4/medst/steer3.wav,m4,medst,1
speech/actual/roller/m4/medst/strafe1.wav,m4,medst,1
speech/actual/roller/m4/medst/strafe2.wav,m4,medst,1
speech/actual/roller/m4/medst/strafe3.wav,m4,medst,1
speech/actual/roller/m4/medst/strafe4.wav,m4,medst,1
speech/actual/roller/m4/medst/ten1.wav,m4,medst,1
speech/actual/roller/m4/medst/ten2.wav,m4,medst,1
speech/actual/roller/m4/medst/ten3.wav,m4,medst,1
speech/actual/roller/m4/medst/ten4.wav,m4,medst,1
speech/actual/roller/m4/medst/ten5.wav,m4,medst,1
speech/actual/roller/m4/medst/thirty1.wav,m4,medst,1
speech/actual/roller/m4/medst/thirty2.wav,m4,medst,1
speech/actual/roller/m4/medst/thirty3.wav,m4,medst,1
speech/actual/roller/m4/medst/thirty4.wav,m4,medst,1
speech/actual/roller/m4/medst/thirty5.wav,m4,medst,1
speech/actual/roller/m4/medst/thirty6.wav,m4,medst,1
speech/actual/roller/m4/medst/three1.wav,m4,medst,1
speech/actual/roller/m4/medst/three2.wav,m4,medst,1
speech/actual/roller/m4/medst/three3.wav,m4,medst,1
speech/actual/roller/m4/medst/white1.wav,m4,medst,1
speech/actual/roller/m4/medst/white2.wav,m4,medst,1
speech/actual/roller/m4/medst/white3.wav,m4,medst,1
speech/actual/roller/m4/medst/white4.wav,m4,medst,1
speech/actual/roller/m4/medst/white5.wav,m4,medst,1
speech/actual/roller/m4/medst/white6.wav,m4,medst,1
speech/actual/roller/m4/medst/white7.wav,m4,medst,1
speech/actual/roller/m4/medst/wide1.wav,m4,medst,1
speech/actual/roller/m4/medst/wide2.wav,m4,medst,1
speech/actual/roller/m4/medst/wide3.wav,m4,medst,1
speech/actual/roller/m4/medst/wide4.wav,m4,medst,1
speech/actual/roller/m4/medst/wide5.wav,m4,medst,1
speech/actual/roller/m4/medst/wide6.wav,m4,medst,1
speech/actual/roller/m4/medst/wide7.wav,m4,medst,1
speech/actual/roller/m4/medst/zero1.wav,m4,medst,1
speech/actual/roller/m4/medst/zero2.wav,m4,medst,1
speech/actual/roller/m4/medst/zero3.wav,m4,medst,1
speech/actual/roller/m4/medst/zero4.wav,m4,medst,1
speech/actual/roller/m4/medst/zero5.wav,m4,medst,1
speech/actual/roller/m4/medst/zero6.wav,m4,medst,1
speech/actual/roller/m4/medst/zero7.wav,m4,medst,1
speech/actual/roller/m4/neut_oov_all/navigat1.wav,m4,neut_oov_all,0
speech/actual/roller/m4/neut_oov_all/silence1.wav,m4,neut_oov_all,0
speech/actual/roller/m4/neut_oov_all/silence2.wav,m4,neut_oov_all,0
speech/actual/roller/m4/neutral/break1.wav,m4,neutral,0
speech/actual/roller/m4/neutral/break2.wav,m4,neutral,0
speech/actual/roller/m4/neutral/break3.wav,m4,neutral,0
speech/actual/roller/m4/neutral/break4.wav,m4,neutral,0
speech/actual/roller/m4/neutral/change1.wav,m4,neutral,0
speech/actual/roller/m4/neutral/change2.wav,m4,neutral,0
speech/actual/roller/m4/neutral/change3.wav,m4,neutral,0
speech/actual/roller/m4/neutral/change4.wav,m4,neutral,0
speech/actual/roller/m4/neutral/degree1.wav,m4,neutral,0
speech/actual/roller/m4/neutral/degree2.wav,m4,neutral,0
speech/actual/roller/m4/neutral/degree3.wav,m4,neutral,0
speech/actual/roller/m4/neutral/degree4.wav,m4,neutral,0
speech/actual/roller/m4/neutral/destin1.wav,m4,neutral,0
speech/actual/roller/m4/neutral/destin2.wav,m4,neutral,0
speech/actual/roller/m4/neutral/destin3.wav,m4,neutral,0
speech/actual/roller/m4/neutral/destin4.wav,m4,neutral,0
speech/actual/roller/m4/neutral/east1.wav,m4,neutral,0
speech/actual/roller/m4/neutral/east2.wav,m4,neutral,0
speech/actual/roller/m4/neutral/east3.wav,m4,neutral,0
speech/actual/roller/m4/neutral/east4.wav,m4,neutral,0
speech/actual/roller/m4/neutral/eight1.wav,m4,neutral,0
speech/actual/roller/m4/neutral/eight2.wav,m4,neutral,0
speech/actual/roller/m4/neutral/eight3.wav,m4,neutral,0
speech/actual/roller/m4/neutral/eight4.wav,m4,neutral,0
speech/actual/roller/m4/neutral/eighty1.wav,m4,neutral,0
speech/actual/roller/m4/neutral/eighty2.wav,m4,neutral,0
speech/actual/roller/m4/neutral/eighty3.wav,m4,neutral,0
speech/actual/roller/m4/neutral/eighty4.wav,m4,neutral,0
speech/actual/roller/m4/neutral/enter1.wav,m4,neutral,0
speech/actual/roller/m4/neutral/enter2.wav,m4,neutral,0
speech/actual/roller/m4/neutral/enter3.wav,m4,neutral,0
speech/actual/roller/m4/neutral/enter4.wav,m4,neutral,0
speech/actual/roller/m4/neutral/fifty1.wav,m4,neutral,0
speech/actual/roller/m4/neutral/fifty2.wav,m4,neutral,0
speech/actual/roller/m4/neutral/fifty3.wav,m4,neutral,0
speech/actual/roller/m4/neutral/fifty4.wav,m4,neutral,0
speech/actual/roller/m4/neutral/fix1.wav,m4,neutral,0
speech/actual/roller/m4/neutral/fix2.wav,m4,neutral,0
speech/actual/roller/m4/neutral/fix3.wav,m4,neutral,0
speech/actual/roller/m4/neutral/fix4.wav,m4,neutral,0
speech/actual/roller/m4/neutral/freeze1.wav,m4,neutral,0
speech/actual/roller/m4/neutral/freeze2.wav,m4,neutral,0
speech/actual/roller/m4/neutral/freeze3.wav,m4,neutral,0
speech/actual/roller/m4/neutral/freeze4.wav,m4,neutral,0
speech/actual/roller/m4/neutral/gain1.wav,m4,neutral,0
speech/actual/roller/m4/neutral/gain2.wav,m4,neutral,0
speech/actual/roller/m4/neutral/gain3.wav,m4,neutral,0
speech/actual/roller/m4/neutral/gain4.wav,m4,neutral,0
speech/actual/roller/m4/neutral/go1.wav,m4,neutral,0
speech/actual/roller/m4/neutral/go2.wav,m4,neutral,0
speech/actual/roller/m4/neutral/go3.wav,m4,neutral,0
speech/actual/roller/m4/neutral/go4.wav,m4,neutral,0
speech/actual/roller/m4/neutral/hello1.wav,m4,neutral,0
speech/actual/roller/m4/neutral/hello2.wav,m4,neutral,0
speech/actual/roller/m4/neutral/hello3.wav,m4,neutral,0
speech/actual/roller/m4/neutral/hello4.wav,m4,neutral,0
speech/actual/roller/m4/neutral/help1.wav,m4,neutral,0
speech/actual/roller/m4/neutral/help2.wav,m4,neutral,0
speech/actual/roller/m4/neutral/help3.wav,m4,neutral,0
speech/actual/roller/m4/neutral/help4.wav,m4,neutral,0
speech/actual/roller/m4/neutral/histog1.wav,m4,neutral,0
speech/actual/roller/m4/neutral/histog2.wav,m4,neutral,0
speech/actual/roller/m4/neutral/histog3.wav,m4,neutral,0
speech/actual/roller/m4/neutral/histog4.wav,m4,neutral,0
speech/actual/roller/m4/neutral/hot1.wav,m4,neutral,0
speech/actual/roller/m4/neutral/hot2.wav,m4,neutral,0
speech/actual/roller/m4/neutral/hot3.wav,m4,neutral,0
speech/actual/roller/m4/neutral/mark1.wav,m4,neutral,0
speech/actual/roller/m4/neutral/mark2.wav,m4,neutral,0
speech/actual/roller/m4/neutral/mark3.wav,m4,neutral,0
speech/actual/roller/m4/neutral/mark4.wav,m4,neutral,0
speech/actual/roller/m4/neutral/nav1.wav,m4,neutral,0
speech/actual/roller/m4/neutral/nav2.wav,m4,neutral,0
speech/actual/roller/m4/neutral/nav3.wav,m4,neutral,0
speech/actual/roller/m4/neutral/no1.wav,m4,neutral,0
speech/actual/roller/m4/neutral/no2.wav,m4,neutral,0
speech/actual/roller/m4/neutral/no3.wav,m4,neutral,0
speech/actual/roller/m4/neutral/no4.wav,m4,neutral,0
speech/actual/roller/m4/neutral/oh1.wav,m4,neutral,0
speech/actual/roller/m4/neutral/oh2.wav,m4,neutral,0
speech/actual/roller/m4/neutral/oh3.wav,m4,neutral,0
speech/actual/roller/m4/neutral/oh4.wav,m4,neutral,0
speech/actual/roller/m4/neutral/on1.wav,m4,neutral,0
speech/actual/roller/m4/neutral/on2.wav,m4,neutral,0
speech/actual/roller/m4/neutral/on3.wav,m4,neutral,0
speech/actual/roller/m4/neutral/on4.wav,m4,neutral,0
speech/actual/roller/m4/neutral/out1.wav,m4,neutral,0
speech/actual/roller/m4/neutral/out2.wav,m4,neutral,0
speech/actual/roller/m4/neutral/out3.wav,m4,neutral,0
speech/actual/roller/m4/neutral/out4.wav,m4,neutral,0
speech/actual/roller/m4/neutral/point1.wav,m4,neutral,0
speech/actual/roller/m4/neutral/point2.wav,m4,neutral,0
speech/actual/roller/m4/neutral/point3.wav,m4,neutral,0
speech/actual/roller/m4/neutral/point4.wav,m4,neutral,0
speech/actual/roller/m4/neutral/six1.wav,m4,neutral,0
speech/actual/roller/m4/neutral/six2.wav,m4,neutral,0
speech/actual/roller/m4/neutral/six3.wav,m4,neutral,0
speech/actual/roller/m4/neutral/six4.wav,m4,neutral,0
speech/actual/roller/m4/neutral/six5.wav,m4,neutral,0
speech/actual/roller/m4/neutral/south1.wav,m4,neutral,0
speech/actual/roller/m4/neutral/south2.wav,m4,neutral,0
speech/actual/roller/m4/neutral/south3.wav,m4,neutral,0
speech/actual/roller/m4/neutral/south4.wav,m4,neutral,0
speech/actual/roller/m4/neutral/stand1.wav,m4,neutral,0
speech/actual/roller/m4/neutral/stand2.wav,m4,neutral,0
speech/actual/roller/m4/neutral/stand3.wav,m4,neutral,0
speech/actual/roller/m4/neutral/steer1.wav,m4,neutral,0
speech/actual/roller/m4/neutral/steer2.wav,m4,neutral,0
speech/actual/roller/m4/neutral/steer3.wav,m4,neutral,0
speech/actual/roller/m4/neutral/steer4.wav,m4,neutral,0
speech/actual/roller/m4/neutral/strafe1.wav,m4,neutral,0
speech/actual/roller/m4/neutral/strafe2.wav,m4,neutral,0
speech/actual/roller/m4/neutral/strafe3.wav,m4,neutral,0
speech/actual/roller/m4/neutral/strafe4.wav,m4,neutral,0
speech/actual/roller/m4/neutral/ten1.wav,m4,neutral,0
speech/actual/roller/m4/neutral/ten2.wav,m4,neutral,0
speech/actual/roller/m4/neutral/ten3.wav,m4,neutral,0
speech/actual/roller/m4/neutral/ten4.wav,m4,neutral,0
speech/actual/roller/m4/neutral/thirty1.wav,m4,neutral,0
speech/actual/roller/m4/neutral/thirty2.wav,m4,neutral,0
speech/actual/roller/m4/neutral/thirty3.wav,m4,neutral,0
speech/actual/roller/m4/neutral/thirty4.wav,m4,neutral,0
speech/actual/roller/m4/neutral/three1.wav,m4,neutral,0
speech/actual/roller/m4/neutral/three2.wav,m4,neutral,0
speech/actual/roller/m4/neutral/three3.wav,m4,neutral,0
speech/actual/roller/m4/neutral/three4.wav,m4,neutral,0
speech/actual/roller/m4/neutral/white1.wav,m4,neutral,0
speech/actual/roller/m4/neutral/white2.wav,m4,neutral,0
speech/actual/roller/m4/neutral/white3.wav,m4,neutral,0
speech/actual/roller/m4/neutral/white4.wav,m4,neutral,0
speech/actual/roller/m4/neutral/wide1.wav,m4,neutral,0
speech/actual/roller/m4/neutral/wide2.wav,m4,neutral,0
speech/actual/roller/m4/neutral/wide3.wav,m4,neutral,0
speech/actual/roller/m4/neutral/wide4.wav,m4,neutral,0
speech/actual/roller/m4/neutral/zero1.wav,m4,neutral,0
speech/actual/roller/m4/neutral/zero2.wav,m4,neutral,0
speech/actual/roller/m4/neutral/zero3.wav,m4,neutral,0
speech/actual/roller/m4/neutral/zero4.wav,m4,neutral,0
speech/actual/roller/m4/scre_oov_all/all.wav,m4,scre_oov_all,2
speech/actual/roller/m4/scre_oov_all/silence1.wav,m4,scre_oov_all,2
speech/actual/roller/m4/scre_oov_all/void1.wav,m4,scre_oov_all,2
speech/actual/roller/m4/scream/break1.wav,m4,scream,2
speech/actual/roller/m4/scream/change1.wav,m4,scream,2
speech/actual/roller/m4/scream/degree1.wav,m4,scream,2
speech/actual/roller/m4/scream/destin1.wav,m4,scream,2
speech/actual/roller/m4/scream/east1.wav,m4,scream,2
speech/actual/roller/m4/scream/eight1.wav,m4,scream,2
speech/actual/roller/m4/scream/eighty1.wav,m4,scream,2
speech/actual/roller/m4/scream/fifty1.wav,m4,scream,2
speech/actual/roller/m4/scream/fix1.wav,m4,scream,2
speech/actual/roller/m4/scream/freeze1.wav,m4,scream,2
speech/actual/roller/m4/scream/gain1.wav,m4,scream,2
speech/actual/roller/m4/scream/go1.wav,m4,scream,2
speech/actual/roller/m4/scream/hello1.wav,m4,scream,2
speech/actual/roller/m4/scream/histog1.wav,m4,scream,2
speech/actual/roller/m4/scream/hot1.wav,m4,scream,2
speech/actual/roller/m4/scream/mark1.wav,m4,scream,2
speech/actual/roller/m4/scream/nav1.wav,m4,scream,2
speech/actual/roller/m4/scream/no1.wav,m4,scream,2
speech/actual/roller/m4/scream/six1.wav,m4,scream,2
speech/actual/roller/m4/scream/six2.wav,m4,scream,2
speech/actual/roller/m4/scream/south1.wav,m4,scream,2
speech/actual/roller/m4/scream/south2.wav,m4,scream,2
speech/actual/roller/m4/scream/stand1.wav,m4,scream,2
speech/actual/roller/m4/scream/steer1.wav,m4,scream,2
speech/actual/roller/m4/scream/strafe1.wav,m4,scream,2
speech/sim/boston1/angry/break1.wav,boston1,angry,2
speech/sim/boston1/angry/break2.wav,boston1,angry,2
speech/sim/boston1/angry/change1.wav,boston1,angry,2
speech/sim/boston1/angry/change2.wav,boston1,angry,2
speech/sim/boston1/angry/degree1.wav,boston1,angry,2
speech/sim/boston1/angry/degree2.wav,boston1,angry,2
speech/sim/boston1/angry/destin1.wav,boston1,angry,2
speech/sim/boston1/angry/destin2.wav,boston1,angry,2
speech/sim/boston1/angry/east1.wav,boston1,angry,2
speech/sim/boston1/angry/east2.wav,boston1,angry,2
speech/sim/boston1/angry/eight1.wav,boston1,angry,2
speech/sim/boston1/angry/eight2.wav,boston1,angry,2
speech/sim/boston1/angry/eighty1.wav,boston1,angry,2
speech/sim/boston1/angry/eighty2.wav,boston1,angry,2
speech/sim/boston1/angry/enter1.wav,boston1,angry,2
speech/sim/boston1/angry/enter2.wav,boston1,angry,2
speech/sim/boston1/angry/fifty1.wav,boston1,angry,2
speech/sim/boston1/angry/fifty2.wav,boston1,angry,2
speech/sim/boston1/angry/fix1.wav,boston1,angry,2
speech/sim/boston1/angry/fix2.wav,boston1,angry,2
speech/sim/boston1/angry/freeze1.wav,boston1,angry,2
speech/sim/boston1/angry/freeze2.wav,boston1,angry,2
speech/sim/boston1/angry/gain1.wav,boston1,angry,2
speech/sim/boston1/angry/gain2.wav,boston1,angry,2
speech/sim/boston1/angry/go1.wav,boston1,angry,2
speech/sim/boston1/angry/go2.wav,boston1,angry,2
speech/sim/boston1/angry/hello1.wav,boston1,angry,2
speech/sim/boston1/angry/hello2.wav,boston1,angry,2
speech/sim/boston1/angry/help1.wav,boston1,angry,2
speech/sim/boston1/angry/help2.wav,boston1,angry,2
speech/sim/boston1/angry/histog1.wav,boston1,angry,2
speech/sim/boston1/angry/histog2.wav,boston1,angry,2
speech/sim/boston1/angry/hot1.wav,boston1,angry,2
speech/sim/boston1/angry/hot2.wav,boston1,angry,2
speech/sim/boston1/angry/mark1.wav,boston1,angry,2
speech/sim/boston1/angry/mark2.wav,boston1,angry,2
speech/sim/boston1/angry/nav1.wav,boston1,angry,2
speech/sim/boston1/angry/nav2.wav,boston1,angry,2
speech/sim/boston1/angry/no1.wav,boston1,angry,2
speech/sim/boston1/angry/no2.wav,boston1,angry,2
speech/sim/boston1/angry/oh1.wav,boston1,angry,2
speech/sim/boston1/angry/oh2.wav,boston1,angry,2
speech/sim/boston1/angry/on1.wav,boston1,angry,2
speech/sim/boston1/angry/on2.wav,boston1,angry,2
speech/sim/boston1/angry/out1.wav,boston1,angry,2
speech/sim/boston1/angry/out2.wav,boston1,angry,2
speech/sim/boston1/angry/point1.wav,boston1,angry,2
speech/sim/boston1/angry/point2.wav,boston1,angry,2
speech/sim/boston1/angry/six1.wav,boston1,angry,2
speech/sim/boston1/angry/six2.wav,boston1,angry,2
speech/sim/boston1/angry/south1.wav,boston1,angry,2
speech/sim/boston1/angry/south2.wav,boston1,angry,2
speech/sim/boston1/angry/stand1.wav,boston1,angry,2
speech/sim/boston1/angry/stand2.wav,boston1,angry,2
speech/sim/boston1/angry/steer1.wav,boston1,angry,2
speech/sim/boston1/angry/steer2.wav,boston1,angry,2
speech/sim/boston1/angry/strafe1.wav,boston1,angry,2
speech/sim/boston1/angry/strafe2.wav,boston1,angry,2
speech/sim/boston1/angry/ten1.wav,boston1,angry,2
speech/sim/boston1/angry/ten2.wav,boston1,angry,2
speech/sim/boston1/angry/thirty1.wav,boston1,angry,2
speech/sim/boston1/angry/thirty2.wav,boston1,angry,2
speech/sim/boston1/angry/three1.wav,boston1,angry,2
speech/sim/boston1/angry/three2.wav,boston1,angry,2
speech/sim/boston1/angry/white1.wav,boston1,angry,2
speech/sim/boston1/angry/white2.wav,boston1,angry,2
speech/sim/boston1/angry/wide1.wav,boston1,angry,2
speech/sim/boston1/angry/wide2.wav,boston1,angry,2
speech/sim/boston1/angry/zero1.wav,boston1,angry,2
speech/sim/boston1/angry/zero2.wav,boston1,angry,2
speech/sim/boston1/clear/break1.wav,boston1,clear,0
speech/sim/boston1/clear/break2.wav,boston1,clear,0
speech/sim/boston1/clear/change1.wav,boston1,clear,0
speech/sim/boston1/clear/change2.wav,boston1,clear,0
speech/sim/boston1/clear/degree1.wav,boston1,clear,0
speech/sim/boston1/clear/degree2.wav,boston1,clear,0
speech/sim/boston1/clear/destin1.wav,boston1,clear,0
speech/sim/boston1/clear/destin2.wav,boston1,clear,0
speech/sim/boston1/clear/east1.wav,boston1,clear,0
speech/sim/boston1/clear/east2.wav,boston1,clear,0
speech/sim/boston1/clear/eight1.wav,boston1,clear,0
speech/sim/boston1/clear/eight2.wav,boston1,clear,0
speech/sim/boston1/clear/eighty1.wav,boston1,clear,0
speech/sim/boston1/clear/eighty2.wav,boston1,clear,0
speech/sim/boston1/clear/enter1.wav,boston1,clear,0
speech/sim/boston1/clear/enter2.wav,boston1,clear,0
speech/sim/boston1/clear/fifty1.wav,boston1,clear,0
speech/sim/boston1/clear/fifty2.wav,boston1,clear,0
speech/sim/boston1/clear/fix1.wav,boston1,clear,0
speech/sim/boston1/clear/fix2.wav,boston1,clear,0
speech/sim/boston1/clear/freeze1.wav,boston1,clear,0
speech/sim/boston1/clear/freeze2.wav,boston1,clear,0
speech/sim/boston1/clear/gain1.wav,boston1,clear,0
speech/sim/boston1/clear/gain2.wav,boston1,clear,0
speech/sim/boston1/clear/go1.wav,boston1,clear,0
speech/sim/boston1/clear/go2.wav,boston1,clear,0
speech/sim/boston1/clear/hello1.wav,boston1,clear,0
speech/sim/boston1/clear/hello2.wav,boston1,clear,0
speech/sim/boston1/clear/help1.wav,boston1,clear,0
speech/sim/boston1/clear/help2.wav,boston1,clear,0
speech/sim/boston1/clear/histog1.wav,boston1,clear,0
speech/sim/boston1/clear/histog2.wav,boston1,clear,0
speech/sim/boston1/clear/hot1.wav,boston1,clear,0
speech/sim/boston1/clear/hot2.wav,boston1,clear,0
speech/sim/boston1/clear/mark1.wav,boston1,clear,0
speech/sim/boston1/clear/mark2.wav,boston1,clear,0
speech/sim/boston1/clear/nav1.wav,boston1,clear,0
speech/sim/boston1/clear/nav2.wav,boston1,clear,0
speech/sim/boston1/clear/no1.wav,boston1,clear,0
speech/sim/boston1/clear/no2.wav,boston1,clear,0
speech/sim/boston1/clear/oh1.wav,boston1,clear,0
speech/sim/boston1/clear/oh2.wav,boston1,clear,0
speech/sim/boston1/clear/on1.wav,boston1,clear,0
speech/sim/boston1/clear/on2.wav,boston1,clear,0
speech/sim/boston1/clear/out1.wav,boston1,clear,0
speech/sim/boston1/clear/out2.wav,boston1,clear,0
speech/sim/boston1/clear/point1.wav,boston1,clear,0
speech/sim/boston1/clear/point2.wav,boston1,clear,0
speech/sim/boston1/clear/six1.wav,boston1,clear,0
speech/sim/boston1/clear/six2.wav,boston1,clear,0
speech/sim/boston1/clear/south1.wav,boston1,clear,0
speech/sim/boston1/clear/south2.wav,boston1,clear,0
speech/sim/boston1/clear/stand1.wav,boston1,clear,0
speech/sim/boston1/clear/stand2.wav,boston1,clear,0
speech/sim/boston1/clear/steer1.wav,boston1,clear,0
speech/sim/boston1/clear/steer2.wav,boston1,clear,0
speech/sim/boston1/clear/strafe1.wav,boston1,clear,0
speech/sim/boston1/clear/strafe2.wav,boston1,clear,0
speech/sim/boston1/clear/ten1.wav,boston1,clear,0
speech/sim/boston1/clear/ten2.wav,boston1,clear,0
speech/sim/boston1/clear/thirty1.wav,boston1,clear,0
speech/sim/boston1/clear/thirty2.wav,boston1,clear,0
speech/sim/boston1/clear/three1.wav,boston1,clear,0
speech/sim/boston1/clear/three2.wav,boston1,clear,0
speech/sim/boston1/clear/white1.wav,boston1,clear,0
speech/sim/boston1/clear/white2.wav,boston1,clear,0
speech/sim/boston1/clear/wide1.wav,boston1,clear,0
speech/sim/boston1/clear/wide2.wav,boston1,clear,0
speech/sim/boston1/clear/zero1.wav,boston1,clear,0
speech/sim/boston1/clear/zero2.wav,boston1,clear,0
speech/sim/boston1/cond50/break1.wav,boston1,cond50,0
speech/sim/boston1/cond50/break2.wav,boston1,cond50,0
speech/sim/boston1/cond50/change1.wav,boston1,cond50,0
speech/sim/boston1/cond50/change2.wav,boston1,cond50,0
speech/sim/boston1/cond50/degree1.wav,boston1,cond50,0
speech/sim/boston1/cond50/degree2.wav,boston1,cond50,0
speech/sim/boston1/cond50/destin1.wav,boston1,cond50,0
speech/sim/boston1/cond50/destin2.wav,boston1,cond50,0
speech/sim/boston1/cond50/east1.wav,boston1,cond50,0
speech/sim/boston1/cond50/east2.wav,boston1,cond50,0
speech/sim/boston1/cond50/eight1.wav,boston1,cond50,0
speech/sim/boston1/cond50/eight2.wav,boston1,cond50,0
speech/sim/boston1/cond50/eighty1.wav,boston1,cond50,0
speech/sim/boston1/cond50/eighty2.wav,boston1,cond50,0
speech/sim/boston1/cond50/enter1.wav,boston1,cond50,0
speech/sim/boston1/cond50/enter2.wav,boston1,cond50,0
speech/sim/boston1/cond50/fifty1.wav,boston1,cond50,0
speech/sim/boston1/cond50/fifty2.wav,boston1,cond50,0
speech/sim/boston1/cond50/fix1.wav,boston1,cond50,0
speech/sim/boston1/cond50/fix2.wav,boston1,cond50,0
speech/sim/boston1/cond50/freeze1.wav,boston1,cond50,0
speech/sim/boston1/cond50/freeze2.wav,boston1,cond50,0
speech/sim/boston1/cond50/gain1.wav,boston1,cond50,0
speech/sim/boston1/cond50/gain2.wav,boston1,cond50,0
speech/sim/boston1/cond50/go1.wav,boston1,cond50,0
speech/sim/boston1/cond50/go2.wav,boston1,cond50,0
speech/sim/boston1/cond50/hello1.wav,boston1,cond50,0
speech/sim/boston1/cond50/hello2.wav,boston1,cond50,0
speech/sim/boston1/cond50/help1.wav,boston1,cond50,0
speech/sim/boston1/cond50/help2.wav,boston1,cond50,0
speech/sim/boston1/cond50/histog1.wav,boston1,cond50,0
speech/sim/boston1/cond50/histog2.wav,boston1,cond50,0
speech/sim/boston1/cond50/hot1.wav,boston1,cond50,0
speech/sim/boston1/cond50/hot2.wav,boston1,cond50,0
speech/sim/boston1/cond50/mark1.wav,boston1,cond50,0
speech/sim/boston1/cond50/mark2.wav,boston1,cond50,0
speech/sim/boston1/cond50/nav1.wav,boston1,cond50,0
speech/sim/boston1/cond50/nav2.wav,boston1,cond50,0
speech/sim/boston1/cond50/no1.wav,boston1,cond50,0
speech/sim/boston1/cond50/no2.wav,boston1,cond50,0
speech/sim/boston1/cond50/oh1.wav,boston1,cond50,0
speech/sim/boston1/cond50/oh2.wav,boston1,cond50,0
speech/sim/boston1/cond50/on1.wav,boston1,cond50,0
speech/sim/boston1/cond50/on2.wav,boston1,cond50,0
speech/sim/boston1/cond50/out1.wav,boston1,cond50,0
speech/sim/boston1/cond50/out2.wav,boston1,cond50,0
speech/sim/boston1/cond50/point1.wav,boston1,cond50,0
speech/sim/boston1/cond50/point2.wav,boston1,cond50,0
speech/sim/boston1/cond50/six1.wav,boston1,cond50,0
speech/sim/boston1/cond50/six2.wav,boston1,cond50,0
speech/sim/boston1/cond50/south1.wav,boston1,cond50,0
speech/sim/boston1/cond50/south2.wav,boston1,cond50,0
speech/sim/boston1/cond50/stand1.wav,boston1,cond50,0
speech/sim/boston1/cond50/stand2.wav,boston1,cond50,0
speech/sim/boston1/cond50/steer1.wav,boston1,cond50,0
speech/sim/boston1/cond50/steer2.wav,boston1,cond50,0
speech/sim/boston1/cond50/strafe1.wav,boston1,cond50,0
speech/sim/boston1/cond50/strafe2.wav,boston1,cond50,0
speech/sim/boston1/cond50/ten1.wav,boston1,cond50,0
speech/sim/boston1/cond50/ten2.wav,boston1,cond50,0
speech/sim/boston1/cond50/thirty1.wav,boston1,cond50,0
speech/sim/boston1/cond50/thirty2.wav,boston1,cond50,0
speech/sim/boston1/cond50/three1.wav,boston1,cond50,0
speech/sim/boston1/cond50/three2.wav,boston1,cond50,0
speech/sim/boston1/cond50/white1.wav,boston1,cond50,0
speech/sim/boston1/cond50/white2.wav,boston1,cond50,0
speech/sim/boston1/cond50/wide1.wav,boston1,cond50,0
speech/sim/boston1/cond50/wide2.wav,boston1,cond50,0
speech/sim/boston1/cond50/zero1.wav,boston1,cond50,0
speech/sim/boston1/cond50/zero2.wav,boston1,cond50,0
speech/sim/boston1/cond70/break1.wav,boston1,cond70,1
speech/sim/boston1/cond70/break2.wav,boston1,cond70,1
speech/sim/boston1/cond70/change1.wav,boston1,cond70,1
speech/sim/boston1/cond70/change2.wav,boston1,cond70,1
speech/sim/boston1/cond70/degree1.wav,boston1,cond70,1
speech/sim/boston1/cond70/degree2.wav,boston1,cond70,1
speech/sim/boston1/cond70/destin1.wav,boston1,cond70,1
speech/sim/boston1/cond70/destin2.wav,boston1,cond70,1
speech/sim/boston1/cond70/east1.wav,boston1,cond70,1
speech/sim/boston1/cond70/east2.wav,boston1,cond70,1
speech/sim/boston1/cond70/eight1.wav,boston1,cond70,1
speech/sim/boston1/cond70/eight2.wav,boston1,cond70,1
speech/sim/boston1/cond70/eighty1.wav,boston1,cond70,1
speech/sim/boston1/cond70/eighty2.wav,boston1,cond70,1
speech/sim/boston1/cond70/enter1.wav,boston1,cond70,1
speech/sim/boston1/cond70/enter2.wav,boston1,cond70,1
speech/sim/boston1/cond70/fifty1.wav,boston1,cond70,1
speech/sim/boston1/cond70/fifty2.wav,boston1,cond70,1
speech/sim/boston1/cond70/fix1.wav,boston1,cond70,1
speech/sim/boston1/cond70/fix2.wav,boston1,cond70,1
speech/sim/boston1/cond70/freeze1.wav,boston1,cond70,1
speech/sim/boston1/cond70/freeze2.wav,boston1,cond70,1
speech/sim/boston1/cond70/gain1.wav,boston1,cond70,1
speech/sim/boston1/cond70/gain2.wav,boston1,cond70,1
speech/sim/boston1/cond70/go1.wav,boston1,cond70,1
speech/sim/boston1/cond70/go2.wav,boston1,cond70,1
speech/sim/boston1/cond70/hello1.wav,boston1,cond70,1
speech/sim/boston1/cond70/hello2.wav,boston1,cond70,1
speech/sim/boston1/cond70/help1.wav,boston1,cond70,1
speech/sim/boston1/cond70/help2.wav,boston1,cond70,1
speech/sim/boston1/cond70/histog1.wav,boston1,cond70,1
speech/sim/boston1/cond70/histog2.wav,boston1,cond70,1
speech/sim/boston1/cond70/hot1.wav,boston1,cond70,1
speech/sim/boston1/cond70/hot2.wav,boston1,cond70,1
speech/sim/boston1/cond70/mark1.wav,boston1,cond70,1
speech/sim/boston1/cond70/mark2.wav,boston1,cond70,1
speech/sim/boston1/cond70/nav1.wav,boston1,cond70,1
speech/sim/boston1/cond70/nav2.wav,boston1,cond70,1
speech/sim/boston1/cond70/no1.wav,boston1,cond70,1
speech/sim/boston1/cond70/no2.wav,boston1,cond70,1
speech/sim/boston1/cond70/oh1.wav,boston1,cond70,1
speech/sim/boston1/cond70/oh2.wav,boston1,cond70,1
speech/sim/boston1/cond70/on1.wav,boston1,cond70,1
speech/sim/boston1/cond70/on2.wav,boston1,cond70,1
speech/sim/boston1/cond70/out1.wav,boston1,cond70,1
speech/sim/boston1/cond70/out2.wav,boston1,cond70,1
speech/sim/boston1/cond70/point1.wav,boston1,cond70,1
speech/sim/boston1/cond70/point2.wav,boston1,cond70,1
speech/sim/boston1/cond70/six1.wav,boston1,cond70,1
speech/sim/boston1/cond70/six2.wav,boston1,cond70,1
speech/sim/boston1/cond70/south1.wav,boston1,cond70,1
speech/sim/boston1/cond70/south2.wav,boston1,cond70,1
speech/sim/boston1/cond70/stand1.wav,boston1,cond70,1
speech/sim/boston1/cond70/stand2.wav,boston1,cond70,1
speech/sim/boston1/cond70/steer1.wav,boston1,cond70,1
speech/sim/boston1/cond70/steer2.wav,boston1,cond70,1
speech/sim/boston1/cond70/strafe1.wav,boston1,cond70,1
speech/sim/boston1/cond70/strafe2.wav,boston1,cond70,1
speech/sim/boston1/cond70/ten1.wav,boston1,cond70,1
speech/sim/boston1/cond70/ten2.wav,boston1,cond70,1
speech/sim/boston1/cond70/thirty1.wav,boston1,cond70,1
speech/sim/boston1/cond70/thirty2.wav,boston1,cond70,1
speech/sim/boston1/cond70/three1.wav,boston1,cond70,1
speech/sim/boston1/cond70/three2.wav,boston1,cond70,1
speech/sim/boston1/cond70/white1.wav,boston1,cond70,1
speech/sim/boston1/cond70/white2.wav,boston1,cond70,1
speech/sim/boston1/cond70/wide1.wav,boston1,cond70,1
speech/sim/boston1/cond70/wide2.wav,boston1,cond70,1
speech/sim/boston1/cond70/zero1.wav,boston1,cond70,1
speech/sim/boston1/cond70/zero2.wav,boston1,cond70,1
speech/sim/boston1/fast/break1.wav,boston1,fast,0
speech/sim/boston1/fast/break2.wav,boston1,fast,0
speech/sim/boston1/fast/change1.wav,boston1,fast,0
speech/sim/boston1/fast/change2.wav,boston1,fast,0
speech/sim/boston1/fast/degree1.wav,boston1,fast,0
speech/sim/boston1/fast/degree2.wav,boston1,fast,0
speech/sim/boston1/fast/destin1.wav,boston1,fast,0
speech/sim/boston1/fast/destin2.wav,boston1,fast,0
speech/sim/boston1/fast/east1.wav,boston1,fast,0
speech/sim/boston1/fast/east2.wav,boston1,fast,0
speech/sim/boston1/fast/eight1.wav,boston1,fast,0
speech/sim/boston1/fast/eight2.wav,boston1,fast,0
speech/sim/boston1/fast/eighty1.wav,boston1,fast,0
speech/sim/boston1/fast/eighty2.wav,boston1,fast,0
speech/sim/boston1/fast/enter1.wav,boston1,fast,0
speech/sim/boston1/fast/enter2.wav,boston1,fast,0
speech/sim/boston1/fast/fifty1.wav,boston1,fast,0
speech/sim/boston1/fast/fifty2.wav,boston1,fast,0
speech/sim/boston1/fast/fix1.wav,boston1,fast,0
speech/sim/boston1/fast/fix2.wav,boston1,fast,0
speech/sim/boston1/fast/freeze1.wav,boston1,fast,0
speech/sim/boston1/fast/freeze2.wav,boston1,fast,0
speech/sim/boston1/fast/gain1.wav,boston1,fast,0
speech/sim/boston1/fast/gain2.wav,boston1,fast,0
speech/sim/boston1/fast/go1.wav,boston1,fast,0
speech/sim/boston1/fast/go2.wav,boston1,fast,0
speech/sim/boston1/fast/hello1.wav,boston1,fast,0
speech/sim/boston1/fast/hello2.wav,boston1,fast,0
speech/sim/boston1/fast/help1.wav,boston1,fast,0
speech/sim/boston1/fast/help2.wav,boston1,fast,0
speech/sim/boston1/fast/histog1.wav,boston1,fast,0
speech/sim/boston1/fast/histog2.wav,boston1,fast,0
speech/sim/boston1/fast/hot1.wav,boston1,fast,0
speech/sim/boston1/fast/hot2.wav,boston1,fast,0
speech/sim/boston1/fast/mark1.wav,boston1,fast,0
speech/sim/boston1/fast/mark2.wav,boston1,fast,0
speech/sim/boston1/fast/nav1.wav,boston1,fast,0
speech/sim/boston1/fast/nav2.wav,boston1,fast,0
speech/sim/boston1/fast/no1.wav,boston1,fast,0
speech/sim/boston1/fast/no2.wav,boston1,fast,0
speech/sim/boston1/fast/oh1.wav,boston1,fast,0
speech/sim/boston1/fast/oh2.wav,boston1,fast,0
speech/sim/boston1/fast/on1.wav,boston1,fast,0
speech/sim/boston1/fast/on2.wav,boston1,fast,0
speech/sim/boston1/fast/out1.wav,boston1,fast,0
speech/sim/boston1/fast/out2.wav,boston1,fast,0
speech/sim/boston1/fast/point1.wav,boston1,fast,0
speech/sim/boston1/fast/point2.wav,boston1,fast,0
speech/sim/boston1/fast/six1.wav,boston1,fast,0
speech/sim/boston1/fast/six2.wav,boston1,fast,0
speech/sim/boston1/fast/south1.wav,boston1,fast,0
speech/sim/boston1/fast/south2.wav,boston1,fast,0
speech/sim/boston1/fast/stand1.wav,boston1,fast,0
speech/sim/boston1/fast/stand2.wav,boston1,fast,0
speech/sim/boston1/fast/steer1.wav,boston1,fast,0
speech/sim/boston1/fast/steer2.wav,boston1,fast,0
speech/sim/boston1/fast/strafe1.wav,boston1,fast,0
speech/sim/boston1/fast/strafe2.wav,boston1,fast,0
speech/sim/boston1/fast/ten1.wav,boston1,fast,0
speech/sim/boston1/fast/ten2.wav,boston1,fast,0
speech/sim/boston1/fast/thirty1.wav,boston1,fast,0
speech/sim/boston1/fast/thirty2.wav,boston1,fast,0
speech/sim/boston1/fast/three1.wav,boston1,fast,0
speech/sim/boston1/fast/three2.wav,boston1,fast,0
speech/sim/boston1/fast/white1.wav,boston1,fast,0
speech/sim/boston1/fast/white2.wav,boston1,fast,0
speech/sim/boston1/fast/wide1.wav,boston1,fast,0
speech/sim/boston1/fast/wide2.wav,boston1,fast,0
speech/sim/boston1/fast/zero1.wav,boston1,fast,0
speech/sim/boston1/fast/zero2.wav,boston1,fast,0
speech/sim/boston1/lombard/break1.wav,boston1,lombard,1
speech/sim/boston1/lombard/break2.wav,boston1,lombard,1
speech/sim/boston1/lombard/change1.wav,boston1,lombard,1
speech/sim/boston1/lombard/change2.wav,boston1,lombard,1
speech/sim/boston1/lombard/degree1.wav,boston1,lombard,1
speech/sim/boston1/lombard/degree2.wav,boston1,lombard,1
speech/sim/boston1/lombard/destin1.wav,boston1,lombard,1
speech/sim/boston1/lombard/destin2.wav,boston1,lombard,1
speech/sim/boston1/lombard/east1.wav,boston1,lombard,1
speech/sim/boston1/lombard/east2.wav,boston1,lombard,1
speech/sim/boston1/lombard/eight1.wav,boston1,lombard,1
speech/sim/boston1/lombard/eight2.wav,boston1,lombard,1
speech/sim/boston1/lombard/eighty1.wav,boston1,lombard,1
speech/sim/boston1/lombard/eighty2.wav,boston1,lombard,1
speech/sim/boston1/lombard/enter1.wav,boston1,lombard,1
speech/sim/boston1/lombard/enter2.wav,boston1,lombard,1
speech/sim/boston1/lombard/fifty1.wav,boston1,lombard,1
speech/sim/boston1/lombard/fifty2.wav,boston1,lombard,1
speech/sim/boston1/lombard/fix1.wav,boston1,lombard,1
speech/sim/boston1/lombard/fix2.wav,boston1,lombard,1
speech/sim/boston1/lombard/freeze1.wav,boston1,lombard,1
speech/sim/boston1/lombard/freeze2.wav,boston1,lombard,1
speech/sim/boston1/lombard/gain1.wav,boston1,lombard,1
speech/sim/boston1/lombard/gain2.wav,boston1,lombard,1
speech/sim/boston1/lombard/go1.wav,boston1,lombard,1
speech/sim/boston1/lombard/go2.wav,boston1,lombard,1
speech/sim/boston1/lombard/hello1.wav,boston1,lombard,1
speech/sim/boston1/lombard/hello2.wav,boston1,lombard,1
speech/sim/boston1/lombard/help1.wav,boston1,lombard,1
speech/sim/boston1/lombard/help2.wav,boston1,lombard,1
speech/sim/boston1/lombard/histog1.wav,boston1,lombard,1
speech/sim/boston1/lombard/histog2.wav,boston1,lombard,1
speech/sim/boston1/lombard/hot1.wav,boston1,lombard,1
speech/sim/boston1/lombard/hot2.wav,boston1,lombard,1
speech/sim/boston1/lombard/mark1.wav,boston1,lombard,1
speech/sim/boston1/lombard/mark2.wav,boston1,lombard,1
speech/sim/boston1/lombard/nav1.wav,boston1,lombard,1
speech/sim/boston1/lombard/nav2.wav,boston1,lombard,1
speech/sim/boston1/lombard/no1.wav,boston1,lombard,1
speech/sim/boston1/lombard/no2.wav,boston1,lombard,1
speech/sim/boston1/lombard/oh1.wav,boston1,lombard,1
speech/sim/boston1/lombard/oh2.wav,boston1,lombard,1
speech/sim/boston1/lombard/on1.wav,boston1,lombard,1
speech/sim/boston1/lombard/on2.wav,boston1,lombard,1
speech/sim/boston1/lombard/out1.wav,boston1,lombard,1
speech/sim/boston1/lombard/out2.wav,boston1,lombard,1
speech/sim/boston1/lombard/point1.wav,boston1,lombard,1
speech/sim/boston1/lombard/point2.wav,boston1,lombard,1
speech/sim/boston1/lombard/six1.wav,boston1,lombard,1
speech/sim/boston1/lombard/six2.wav,boston1,lombard,1
speech/sim/boston1/lombard/south1.wav,boston1,lombard,1
speech/sim/boston1/lombard/south2.wav,boston1,lombard,1
speech/sim/boston1/lombard/stand1.wav,boston1,lombard,1
speech/sim/boston1/lombard/stand2.wav,boston1,lombard,1
speech/sim/boston1/lombard/steer1.wav,boston1,lombard,1
speech/sim/boston1/lombard/steer2.wav,boston1,lombard,1
speech/sim/boston1/lombard/strafe1.wav,boston1,lombard,1
speech/sim/boston1/lombard/strafe2.wav,boston1,lombard,1
speech/sim/boston1/lombard/ten1.wav,boston1,lombard,1
speech/sim/boston1/lombard/ten2.wav,boston1,lombard,1
speech/sim/boston1/lombard/thirty1.wav,boston1,lombard,1
speech/sim/boston1/lombard/thirty2.wav,boston1,lombard,1
speech/sim/boston1/lombard/three1.wav,boston1,lombard,1
speech/sim/boston1/lombard/three2.wav,boston1,lombard,1
speech/sim/boston1/lombard/white1.wav,boston1,lombard,1
speech/sim/boston1/lombard/white2.wav,boston1,lombard,1
speech/sim/boston1/lombard/wide1.wav,boston1,lombard,1
speech/sim/boston1/lombard/wide2.wav,boston1,lombard,1
speech/sim/boston1/lombard/zero1.wav,boston1,lombard,1
speech/sim/boston1/lombard/zero2.wav,boston1,lombard,1
speech/sim/boston1/loud/break1.wav,boston1,loud,1
speech/sim/boston1/loud/break2.wav,boston1,loud,1
speech/sim/boston1/loud/change1.wav,boston1,loud,1
speech/sim/boston1/loud/change2.wav,boston1,loud,1
speech/sim/boston1/loud/degree1.wav,boston1,loud,1
speech/sim/boston1/loud/degree2.wav,boston1,loud,1
speech/sim/boston1/loud/destin1.wav,boston1,loud,1
speech/sim/boston1/loud/destin2.wav,boston1,loud,1
speech/sim/boston1/loud/east1.wav,boston1,loud,1
speech/sim/boston1/loud/east2.wav,boston1,loud,1
speech/sim/boston1/loud/eight1.wav,boston1,loud,1
speech/sim/boston1/loud/eight2.wav,boston1,loud,1
speech/sim/boston1/loud/eighty1.wav,boston1,loud,1
speech/sim/boston1/loud/eighty2.wav,boston1,loud,1
speech/sim/boston1/loud/enter1.wav,boston1,loud,1
speech/sim/boston1/loud/enter2.wav,boston1,loud,1
speech/sim/boston1/loud/fifty1.wav,boston1,loud,1
speech/sim/boston1/loud/fifty2.wav,boston1,loud,1
speech/sim/boston1/loud/fix1.wav,boston1,loud,1
speech/sim/boston1/loud/fix2.wav,boston1,loud,1
speech/sim/boston1/loud/freeze1.wav,boston1,loud,1
speech/sim/boston1/loud/freeze2.wav,boston1,loud,1
speech/sim/boston1/loud/gain1.wav,boston1,loud,1
speech/sim/boston1/loud/gain2.wav,boston1,loud,1
speech/sim/boston1/loud/go1.wav,boston1,loud,1
speech/sim/boston1/loud/go2.wav,boston1,loud,1
speech/sim/boston1/loud/hello1.wav,boston1,loud,1
speech/sim/boston1/loud/hello2.wav,boston1,loud,1
speech/sim/boston1/loud/help1.wav,boston1,loud,1
speech/sim/boston1/loud/help2.wav,boston1,loud,1
speech/sim/boston1/loud/histog1.wav,boston1,loud,1
speech/sim/boston1/loud/histog2.wav,boston1,loud,1
speech/sim/boston1/loud/hot1.wav,boston1,loud,1
speech/sim/boston1/loud/hot2.wav,boston1,loud,1
speech/sim/boston1/loud/mark1.wav,boston1,loud,1
speech/sim/boston1/loud/mark2.wav,boston1,loud,1
speech/sim/boston1/loud/nav1.wav,boston1,loud,1
speech/sim/boston1/loud/nav2.wav,boston1,loud,1
speech/sim/boston1/loud/no1.wav,boston1,loud,1
speech/sim/boston1/loud/no2.wav,boston1,loud,1
speech/sim/boston1/loud/oh1.wav,boston1,loud,1
speech/sim/boston1/loud/oh2.wav,boston1,loud,1
speech/sim/boston1/loud/on1.wav,boston1,loud,1
speech/sim/boston1/loud/on2.wav,boston1,loud,1
speech/sim/boston1/loud/out1.wav,boston1,loud,1
speech/sim/boston1/loud/out2.wav,boston1,loud,1
speech/sim/boston1/loud/point1.wav,boston1,loud,1
speech/sim/boston1/loud/point2.wav,boston1,loud,1
speech/sim/boston1/loud/six1.wav,boston1,loud,1
speech/sim/boston1/loud/six2.wav,boston1,loud,1
speech/sim/boston1/loud/south1.wav,boston1,loud,1
speech/sim/boston1/loud/south2.wav,boston1,loud,1
speech/sim/boston1/loud/stand1.wav,boston1,loud,1
speech/sim/boston1/loud/stand2.wav,boston1,loud,1
speech/sim/boston1/loud/steer1.wav,boston1,loud,1
speech/sim/boston1/loud/steer2.wav,boston1,loud,1
speech/sim/boston1/loud/strafe1.wav,boston1,loud,1
speech/sim/boston1/loud/strafe2.wav,boston1,loud,1
speech/sim/boston1/loud/ten1.wav,boston1,loud,1
speech/sim/boston1/loud/ten2.wav,boston1,loud,1
speech/sim/boston1/loud/thirty1.wav,boston1,loud,1
speech/sim/boston1/loud/thirty2.wav,boston1,loud,1
speech/sim/boston1/loud/three1.wav,boston1,loud,1
speech/sim/boston1/loud/three2.wav,boston1,loud,1
speech/sim/boston1/loud/white1.wav,boston1,loud,1
speech/sim/boston1/loud/white2.wav,boston1,loud,1
speech/sim/boston1/loud/wide1.wav,boston1,loud,1
speech/sim/boston1/loud/wide2.wav,boston1,loud,1
speech/sim/boston1/loud/zero1.wav,boston1,loud,1
speech/sim/boston1/loud/zero2.wav,boston1,loud,1
speech/sim/boston1/neutral/break1.wav,boston1,neutral,0
speech/sim/boston1/neutral/break2.wav,boston1,neutral,0
speech/sim/boston1/neutral/change1.wav,boston1,neutral,0
speech/sim/boston1/neutral/change2.wav,boston1,neutral,0
speech/sim/boston1/neutral/degree1.wav,boston1,neutral,0
speech/sim/boston1/neutral/degree2.wav,boston1,neutral,0
speech/sim/boston1/neutral/destin1.wav,boston1,neutral,0
speech/sim/boston1/neutral/destin2.wav,boston1,neutral,0
speech/sim/boston1/neutral/east1.wav,boston1,neutral,0
speech/sim/boston1/neutral/east2.wav,boston1,neutral,0
speech/sim/boston1/neutral/eight1.wav,boston1,neutral,0
speech/sim/boston1/neutral/eight2.wav,boston1,neutral,0
speech/sim/boston1/neutral/eighty1.wav,boston1,neutral,0
speech/sim/boston1/neutral/eighty2.wav,boston1,neutral,0
speech/sim/boston1/neutral/enter1.wav,boston1,neutral,0
speech/sim/boston1/neutral/enter2.wav,boston1,neutral,0
speech/sim/boston1/neutral/fifty1.wav,boston1,neutral,0
speech/sim/boston1/neutral/fifty2.wav,boston1,neutral,0
speech/sim/boston1/neutral/fix1.wav,boston1,neutral,0
speech/sim/boston1/neutral/fix2.wav,boston1,neutral,0
speech/sim/boston1/neutral/freeze1.wav,boston1,neutral,0
speech/sim/boston1/neutral/freeze2.wav,boston1,neutral,0
speech/sim/boston1/neutral/gain1.wav,boston1,neutral,0
speech/sim/boston1/neutral/gain2.wav,boston1,neutral,0
speech/sim/boston1/neutral/go1.wav,boston1,neutral,0
speech/sim/boston1/neutral/go2.wav,boston1,neutral,0
speech/sim/boston1/neutral/hello1.wav,boston1,neutral,0
speech/sim/boston1/neutral/hello2.wav,boston1,neutral,0
speech/sim/boston1/neutral/help1.wav,boston1,neutral,0
speech/sim/boston1/neutral/help2.wav,boston1,neutral,0
speech/sim/boston1/neutral/histog1.wav,boston1,neutral,0
speech/sim/boston1/neutral/histog2.wav,boston1,neutral,0
speech/sim/boston1/neutral/hot1.wav,boston1,neutral,0
speech/sim/boston1/neutral/hot2.wav,boston1,neutral,0
speech/sim/boston1/neutral/mark1.wav,boston1,neutral,0
speech/sim/boston1/neutral/mark2.wav,boston1,neutral,0
speech/sim/boston1/neutral/nav1.wav,boston1,neutral,0
speech/sim/boston1/neutral/nav2.wav,boston1,neutral,0
speech/sim/boston1/neutral/no1.wav,boston1,neutral,0
speech/sim/boston1/neutral/no2.wav,boston1,neutral,0
speech/sim/boston1/neutral/oh1.wav,boston1,neutral,0
speech/sim/boston1/neutral/oh2.wav,boston1,neutral,0
speech/sim/boston1/neutral/on1.wav,boston1,neutral,0
speech/sim/boston1/neutral/on2.wav,boston1,neutral,0
speech/sim/boston1/neutral/out1.wav,boston1,neutral,0
speech/sim/boston1/neutral/out2.wav,boston1,neutral,0
speech/sim/boston1/neutral/point1.wav,boston1,neutral,0
speech/sim/boston1/neutral/point2.wav,boston1,neutral,0
speech/sim/boston1/neutral/six1.wav,boston1,neutral,0
speech/sim/boston1/neutral/six2.wav,boston1,neutral,0
speech/sim/boston1/neutral/south1.wav,boston1,neutral,0
speech/sim/boston1/neutral/south2.wav,boston1,neutral,0
speech/sim/boston1/neutral/stand1.wav,boston1,neutral,0
speech/sim/boston1/neutral/stand2.wav,boston1,neutral,0
speech/sim/boston1/neutral/steer1.wav,boston1,neutral,0
speech/sim/boston1/neutral/steer2.wav,boston1,neutral,0
speech/sim/boston1/neutral/strafe1.wav,boston1,neutral,0
speech/sim/boston1/neutral/strafe2.wav,boston1,neutral,0
speech/sim/boston1/neutral/ten1.wav,boston1,neutral,0
speech/sim/boston1/neutral/ten2.wav,boston1,neutral,0
speech/sim/boston1/neutral/thirty1.wav,boston1,neutral,0
speech/sim/boston1/neutral/thirty2.wav,boston1,neutral,0
speech/sim/boston1/neutral/three1.wav,boston1,neutral,0
speech/sim/boston1/neutral/three2.wav,boston1,neutral,0
speech/sim/boston1/neutral/white1.wav,boston1,neutral,0
speech/sim/boston1/neutral/white2.wav,boston1,neutral,0
speech/sim/boston1/neutral/wide1.wav,boston1,neutral,0
speech/sim/boston1/neutral/wide2.wav,boston1,neutral,0
speech/sim/boston1/neutral/zero1.wav,boston1,neutral,0
speech/sim/boston1/neutral/zero2.wav,boston1,neutral,0
speech/sim/boston1/question/break1.wav,boston1,question,0
speech/sim/boston1/question/break2.wav,boston1,question,0
speech/sim/boston1/question/change1.wav,boston1,question,0
speech/sim/boston1/question/change2.wav,boston1,question,0
speech/sim/boston1/question/degree1.wav,boston1,question,0
speech/sim/boston1/question/degree2.wav,boston1,question,0
speech/sim/boston1/question/destin1.wav,boston1,question,0
speech/sim/boston1/question/destin2.wav,boston1,question,0
speech/sim/boston1/question/east1.wav,boston1,question,0
speech/sim/boston1/question/east2.wav,boston1,question,0
speech/sim/boston1/question/eight1.wav,boston1,question,0
speech/sim/boston1/question/eight2.wav,boston1,question,0
speech/sim/boston1/question/eighty1.wav,boston1,question,0
speech/sim/boston1/question/eighty2.wav,boston1,question,0
speech/sim/boston1/question/enter1.wav,boston1,question,0
speech/sim/boston1/question/enter2.wav,boston1,question,0
speech/sim/boston1/question/fifty1.wav,boston1,question,0
speech/sim/boston1/question/fifty2.wav,boston1,question,0
speech/sim/boston1/question/fix1.wav,boston1,question,0
speech/sim/boston1/question/fix2.wav,boston1,question,0
speech/sim/boston1/question/freeze1.wav,boston1,question,0
speech/sim/boston1/question/freeze2.wav,boston1,question,0
speech/sim/boston1/question/gain1.wav,boston1,question,0
speech/sim/boston1/question/gain2.wav,boston1,question,0
speech/sim/boston1/question/go1.wav,boston1,question,0
speech/sim/boston1/question/go2.wav,boston1,question,0
speech/sim/boston1/question/hello1.wav,boston1,question,0
speech/sim/boston1/question/hello2.wav,boston1,question,0
speech/sim/boston1/question/help1.wav,boston1,question,0
speech/sim/boston1/question/help2.wav,boston1,question,0
speech/sim/boston1/question/histog1.wav,boston1,question,0
speech/sim/boston1/question/histog2.wav,boston1,question,0
speech/sim/boston1/question/hot1.wav,boston1,question,0
speech/sim/boston1/question/hot2.wav,boston1,question,0
speech/sim/boston1/question/mark1.wav,boston1,question,0
speech/sim/boston1/question/mark2.wav,boston1,question,0
speech/sim/boston1/question/nav1.wav,boston1,question,0
speech/sim/boston1/question/nav2.wav,boston1,question,0
speech/sim/boston1/question/no1.wav,boston1,question,0
speech/sim/boston1/question/no2.wav,boston1,question,0
speech/sim/boston1/question/oh1.wav,boston1,question,0
speech/sim/boston1/question/oh2.wav,boston1,question,0
speech/sim/boston1/question/on1.wav,boston1,question,0
speech/sim/boston1/question/on2.wav,boston1,question,0
speech/sim/boston1/question/out1.wav,boston1,question,0
speech/sim/boston1/question/out2.wav,boston1,question,0
speech/sim/boston1/question/point1.wav,boston1,question,0
speech/sim/boston1/question/point2.wav,boston1,question,0
speech/sim/boston1/question/six1.wav,boston1,question,0
speech/sim/boston1/question/six2.wav,boston1,question,0
speech/sim/boston1/question/south1.wav,boston1,question,0
speech/sim/boston1/question/south2.wav,boston1,question,0
speech/sim/boston1/question/stand1.wav,boston1,question,0
speech/sim/boston1/question/stand2.wav,boston1,question,0
speech/sim/boston1/question/steer1.wav,boston1,question,0
speech/sim/boston1/question/steer2.wav,boston1,question,0
speech/sim/boston1/question/strafe1.wav,boston1,question,0
speech/sim/boston1/question/strafe2.wav,boston1,question,0
speech/sim/boston1/question/ten1.wav,boston1,question,0
speech/sim/boston1/question/ten2.wav,boston1,question,0
speech/sim/boston1/question/thirty1.wav,boston1,question,0
speech/sim/boston1/question/thirty2.wav,boston1,question,0
speech/sim/boston1/question/three1.wav,boston1,question,0
speech/sim/boston1/question/three2.wav,boston1,question,0
speech/sim/boston1/question/white1.wav,boston1,question,0
speech/sim/boston1/question/white2.wav,boston1,question,0
speech/sim/boston1/question/wide1.wav,boston1,question,0
speech/sim/boston1/question/wide2.wav,boston1,question,0
speech/sim/boston1/question/zero1.wav,boston1,question,0
speech/sim/boston1/question/zero2.wav,boston1,question,0
speech/sim/boston1/slow/break1.wav,boston1,slow,0
speech/sim/boston1/slow/break2.wav,boston1,slow,0
speech/sim/boston1/slow/change1.wav,boston1,slow,0
speech/sim/boston1/slow/change2.wav,boston1,slow,0
speech/sim/boston1/slow/degree1.wav,boston1,slow,0
speech/sim/boston1/slow/degree2.wav,boston1,slow,0
speech/sim/boston1/slow/destin1.wav,boston1,slow,0
speech/sim/boston1/slow/destin2.wav,boston1,slow,0
speech/sim/boston1/slow/east1.wav,boston1,slow,0
speech/sim/boston1/slow/east2.wav,boston1,slow,0
speech/sim/boston1/slow/eight1.wav,boston1,slow,0
speech/sim/boston1/slow/eight2.wav,boston1,slow,0
speech/sim/boston1/slow/eighty1.wav,boston1,slow,0
speech/sim/boston1/slow/eighty2.wav,boston1,slow,0
speech/sim/boston1/slow/enter1.wav,boston1,slow,0
speech/sim/boston1/slow/enter2.wav,boston1,slow,0
speech/sim/boston1/slow/fifty1.wav,boston1,slow,0
speech/sim/boston1/slow/fifty2.wav,boston1,slow,0
speech/sim/boston1/slow/fix1.wav,boston1,slow,0
speech/sim/boston1/slow/fix2.wav,boston1,slow,0
speech/sim/boston1/slow/freeze1.wav,boston1,slow,0
speech/sim/boston1/slow/freeze2.wav,boston1,slow,0
speech/sim/boston1/slow/gain1.wav,boston1,slow,0
speech/sim/boston1/slow/gain2.wav,boston1,slow,0
speech/sim/boston1/slow/go1.wav,boston1,slow,0
speech/sim/boston1/slow/go2.wav,boston1,slow,0
speech/sim/boston1/slow/hello1.wav,boston1,slow,0
speech/sim/boston1/slow/hello2.wav,boston1,slow,0
speech/sim/boston1/slow/help1.wav,boston1,slow,0
speech/sim/boston1/slow/help2.wav,boston1,slow,0
speech/sim/boston1/slow/histog1.wav,boston1,slow,0
speech/sim/boston1/slow/histog2.wav,boston1,slow,0
speech/sim/boston1/slow/hot1.wav,boston1,slow,0
speech/sim/boston1/slow/hot2.wav,boston1,slow,0
speech/sim/boston1/slow/mark1.wav,boston1,slow,0
speech/sim/boston1/slow/mark2.wav,boston1,slow,0
speech/sim/boston1/slow/nav1.wav,boston1,slow,0
speech/sim/boston1/slow/nav2.wav,boston1,slow,0
speech/sim/boston1/slow/no1.wav,boston1,slow,0
speech/sim/boston1/slow/no2.wav,boston1,slow,0
speech/sim/boston1/slow/oh1.wav,boston1,slow,0
speech/sim/boston1/slow/oh2.wav,boston1,slow,0
speech/sim/boston1/slow/on1.wav,boston1,slow,0
speech/sim/boston1/slow/on2.wav,boston1,slow,0
speech/sim/boston1/slow/out1.wav,boston1,slow,0
speech/sim/boston1/slow/out2.wav,boston1,slow,0
speech/sim/boston1/slow/point1.wav,boston1,slow,0
speech/sim/boston1/slow/point2.wav,boston1,slow,0
speech/sim/boston1/slow/six1.wav,boston1,slow,0
speech/sim/boston1/slow/six2.wav,boston1,slow,0
speech/sim/boston1/slow/south1.wav,boston1,slow,0
speech/sim/boston1/slow/south2.wav,boston1,slow,0
speech/sim/boston1/slow/stand1.wav,boston1,slow,0
speech/sim/boston1/slow/stand2.wav,boston1,slow,0
speech/sim/boston1/slow/steer1.wav,boston1,slow,0
speech/sim/boston1/slow/steer2.wav,boston1,slow,0
speech/sim/boston1/slow/strafe1.wav,boston1,slow,0
speech/sim/boston1/slow/strafe2.wav,boston1,slow,0
speech/sim/boston1/slow/ten1.wav,boston1,slow,0
speech/sim/boston1/slow/ten2.wav,boston1,slow,0
speech/sim/boston1/slow/thirty1.wav,boston1,slow,0
speech/sim/boston1/slow/thirty2.wav,boston1,slow,0
speech/sim/boston1/slow/three1.wav,boston1,slow,0
speech/sim/boston1/slow/three2.wav,boston1,slow,0
speech/sim/boston1/slow/white1.wav,boston1,slow,0
speech/sim/boston1/slow/white2.wav,boston1,slow,0
speech/sim/boston1/slow/wide1.wav,boston1,slow,0
speech/sim/boston1/slow/wide2.wav,boston1,slow,0
speech/sim/boston1/slow/zero1.wav,boston1,slow,0
speech/sim/boston1/slow/zero2.wav,boston1,slow,0
speech/sim/boston1/soft/break1.wav,boston1,soft,0
speech/sim/boston1/soft/break2.wav,boston1,soft,0
speech/sim/boston1/soft/change1.wav,boston1,soft,0
speech/sim/boston1/soft/change2.wav,boston1,soft,0
speech/sim/boston1/soft/degree1.wav,boston1,soft,0
speech/sim/boston1/soft/degree2.wav,boston1,soft,0
speech/sim/boston1/soft/destin1.wav,boston1,soft,0
speech/sim/boston1/soft/destin2.wav,boston1,soft,0
speech/sim/boston1/soft/east1.wav,boston1,soft,0
speech/sim/boston1/soft/east2.wav,boston1,soft,0
speech/sim/boston1/soft/eight1.wav,boston1,soft,0
speech/sim/boston1/soft/eight2.wav,boston1,soft,0
speech/sim/boston1/soft/eighty1.wav,boston1,soft,0
speech/sim/boston1/soft/eighty2.wav,boston1,soft,0
speech/sim/boston1/soft/enter1.wav,boston1,soft,0
speech/sim/boston1/soft/enter2.wav,boston1,soft,0
speech/sim/boston1/soft/fifty1.wav,boston1,soft,0
speech/sim/boston1/soft/fifty2.wav,boston1,soft,0
speech/sim/boston1/soft/fix1.wav,boston1,soft,0
speech/sim/boston1/soft/fix2.wav,boston1,soft,0
speech/sim/boston1/soft/freeze1.wav,boston1,soft,0
speech/sim/boston1/soft/freeze2.wav,boston1,soft,0
speech/sim/boston1/soft/gain1.wav,boston1,soft,0
speech/sim/boston1/soft/gain2.wav,boston1,soft,0
speech/sim/boston1/soft/go1.wav,boston1,soft,0
speech/sim/boston1/soft/go2.wav,boston1,soft,0
speech/sim/boston1/soft/hello1.wav,boston1,soft,0
speech/sim/boston1/soft/hello2.wav,boston1,soft,0
speech/sim/boston1/soft/help1.wav,boston1,soft,0
speech/sim/boston1/soft/help2.wav,boston1,soft,0
speech/sim/boston1/soft/histog1.wav,boston1,soft,0
speech/sim/boston1/soft/histog2.wav,boston1,soft,0
speech/sim/boston1/soft/hot1.wav,boston1,soft,0
speech/sim/boston1/soft/hot2.wav,boston1,soft,0
speech/sim/boston1/soft/mark1.wav,boston1,soft,0
speech/sim/boston1/soft/mark2.wav,boston1,soft,0
speech/sim/boston1/soft/nav1.wav,boston1,soft,0
speech/sim/boston1/soft/nav2.wav,boston1,soft,0
speech/sim/boston1/soft/no1.wav,boston1,soft,0
speech/sim/boston1/soft/no2.wav,boston1,soft,0
speech/sim/boston1/soft/oh1.wav,boston1,soft,0
speech/sim/boston1/soft/oh2.wav,boston1,soft,0
speech/sim/boston1/soft/on1.wav,boston1,soft,0
speech/sim/boston1/soft/on2.wav,boston1,soft,0
speech/sim/boston1/soft/out1.wav,boston1,soft,0
speech/sim/boston1/soft/out2.wav,boston1,soft,0
speech/sim/boston1/soft/point1.wav,boston1,soft,0
speech/sim/boston1/soft/point2.wav,boston1,soft,0
speech/sim/boston1/soft/six1.wav,boston1,soft,0
speech/sim/boston1/soft/six2.wav,boston1,soft,0
speech/sim/boston1/soft/south1.wav,boston1,soft,0
speech/sim/boston1/soft/south2.wav,boston1,soft,0
speech/sim/boston1/soft/stand1.wav,boston1,soft,0
speech/sim/boston1/soft/stand2.wav,boston1,soft,0
speech/sim/boston1/soft/steer1.wav,boston1,soft,0
speech/sim/boston1/soft/steer2.wav,boston1,soft,0
speech/sim/boston1/soft/strafe1.wav,boston1,soft,0
speech/sim/boston1/soft/strafe2.wav,boston1,soft,0
speech/sim/boston1/soft/ten1.wav,boston1,soft,0
speech/sim/boston1/soft/ten2.wav,boston1,soft,0
speech/sim/boston1/soft/thirty1.wav,boston1,soft,0
speech/sim/boston1/soft/thirty2.wav,boston1,soft,0
speech/sim/boston1/soft/three1.wav,boston1,soft,0
speech/sim/boston1/soft/three2.wav,boston1,soft,0
speech/sim/boston1/soft/white1.wav,boston1,soft,0
speech/sim/boston1/soft/white2.wav,boston1,soft,0
speech/sim/boston1/soft/wide1.wav,boston1,soft,0
speech/sim/boston1/soft/wide2.wav,boston1,soft,0
speech/sim/boston1/soft/zero1.wav,boston1,soft,0
speech/sim/boston1/soft/zero2.wav,boston1,soft,0
speech/sim/boston1/train/break1.wav,boston1,train,0
speech/sim/boston1/train/break10.wav,boston1,train,0
speech/sim/boston1/train/break11.wav,boston1,train,0
speech/sim/boston1/train/break12.wav,boston1,train,0
speech/sim/boston1/train/break2.wav,boston1,train,0
speech/sim/boston1/train/break3.wav,boston1,train,0
speech/sim/boston1/train/break4.wav,boston1,train,0
speech/sim/boston1/train/break5.wav,boston1,train,0
speech/sim/boston1/train/break6.wav,boston1,train,0
speech/sim/boston1/train/break7.wav,boston1,train,0
speech/sim/boston1/train/break8.wav,boston1,train,0
speech/sim/boston1/train/break9.wav,boston1,train,0
speech/sim/boston1/train/change1.wav,boston1,train,0
speech/sim/boston1/train/change10.wav,boston1,train,0
speech/sim/boston1/train/change11.wav,boston1,train,0
speech/sim/boston1/train/change12.wav,boston1,train,0
speech/sim/boston1/train/change2.wav,boston1,train,0
speech/sim/boston1/train/change3.wav,boston1,train,0
speech/sim/boston1/train/change4.wav,boston1,train,0
speech/sim/boston1/train/change5.wav,boston1,train,0
speech/sim/boston1/train/change6.wav,boston1,train,0
speech/sim/boston1/train/change7.wav,boston1,train,0
speech/sim/boston1/train/change8.wav,boston1,train,0
speech/sim/boston1/train/change9.wav,boston1,train,0
speech/sim/boston1/train/degree1.wav,boston1,train,0
speech/sim/boston1/train/degree10.wav,boston1,train,0
speech/sim/boston1/train/degree11.wav,boston1,train,0
speech/sim/boston1/train/degree12.wav,boston1,train,0
speech/sim/boston1/train/degree2.wav,boston1,train,0
speech/sim/boston1/train/degree3.wav,boston1,train,0
speech/sim/boston1/train/degree4.wav,boston1,train,0
speech/sim/boston1/train/degree5.wav,boston1,train,0
speech/sim/boston1/train/degree6.wav,boston1,train,0
speech/sim/boston1/train/degree7.wav,boston1,train,0
speech/sim/boston1/train/degree8.wav,boston1,train,0
speech/sim/boston1/train/degree9.wav,boston1,train,0
speech/sim/boston1/train/destin1.wav,boston1,train,0
speech/sim/boston1/train/destin10.wav,boston1,train,0
speech/sim/boston1/train/destin11.wav,boston1,train,0
speech/sim/boston1/train/destin12.wav,boston1,train,0
speech/sim/boston1/train/destin2.wav,boston1,train,0
speech/sim/boston1/train/destin3.wav,boston1,train,0
speech/sim/boston1/train/destin4.wav,boston1,train,0
speech/sim/boston1/train/destin5.wav,boston1,train,0
speech/sim/boston1/train/destin6.wav,boston1,train,0
speech/sim/boston1/train/destin7.wav,boston1,train,0
speech/sim/boston1/train/destin8.wav,boston1,train,0
speech/sim/boston1/train/destin9.wav,boston1,train,0
speech/sim/boston1/train/east1.wav,boston1,train,0
speech/sim/boston1/train/east10.wav,boston1,train,0
speech/sim/boston1/train/east11.wav,boston1,train,0
speech/sim/boston1/train/east12.wav,boston1,train,0
speech/sim/boston1/train/east2.wav,boston1,train,0
speech/sim/boston1/train/east3.wav,boston1,train,0
speech/sim/boston1/train/east4.wav,boston1,train,0
speech/sim/boston1/train/east5.wav,boston1,train,0
speech/sim/boston1/train/east6.wav,boston1,train,0
speech/sim/boston1/train/east7.wav,boston1,train,0
speech/sim/boston1/train/east8.wav,boston1,train,0
speech/sim/boston1/train/east9.wav,boston1,train,0
speech/sim/boston1/train/eight1.wav,boston1,train,0
speech/sim/boston1/train/eight10.wav,boston1,train,0
speech/sim/boston1/train/eight11.wav,boston1,train,0
speech/sim/boston1/train/eight12.wav,boston1,train,0
speech/sim/boston1/train/eight2.wav,boston1,train,0
speech/sim/boston1/train/eight3.wav,boston1,train,0
speech/sim/boston1/train/eight4.wav,boston1,train,0
speech/sim/boston1/train/eight5.wav,boston1,train,0
speech/sim/boston1/train/eight6.wav,boston1,train,0
speech/sim/boston1/train/eight7.wav,boston1,train,0
speech/sim/boston1/train/eight8.wav,boston1,train,0
speech/sim/boston1/train/eight9.wav,boston1,train,0
speech/sim/boston1/train/eighty1.wav,boston1,train,0
speech/sim/boston1/train/eighty10.wav,boston1,train,0
speech/sim/boston1/train/eighty11.wav,boston1,train,0
speech/sim/boston1/train/eighty12.wav,boston1,train,0
speech/sim/boston1/train/eighty2.wav,boston1,train,0
speech/sim/boston1/train/eighty3.wav,boston1,train,0
speech/sim/boston1/train/eighty4.wav,boston1,train,0
speech/sim/boston1/train/eighty5.wav,boston1,train,0
speech/sim/boston1/train/eighty6.wav,boston1,train,0
speech/sim/boston1/train/eighty7.wav,boston1,train,0
speech/sim/boston1/train/eighty8.wav,boston1,train,0
speech/sim/boston1/train/eighty9.wav,boston1,train,0
speech/sim/boston1/train/enter1.wav,boston1,train,0
speech/sim/boston1/train/enter10.wav,boston1,train,0
speech/sim/boston1/train/enter11.wav,boston1,train,0
speech/sim/boston1/train/enter12.wav,boston1,train,0
speech/sim/boston1/train/enter2.wav,boston1,train,0
speech/sim/boston1/train/enter3.wav,boston1,train,0
speech/sim/boston1/train/enter4.wav,boston1,train,0
speech/sim/boston1/train/enter5.wav,boston1,train,0
speech/sim/boston1/train/enter6.wav,boston1,train,0
speech/sim/boston1/train/enter7.wav,boston1,train,0
speech/sim/boston1/train/enter8.wav,boston1,train,0
speech/sim/boston1/train/enter9.wav,boston1,train,0
speech/sim/boston1/train/fifty1.wav,boston1,train,0
speech/sim/boston1/train/fifty10.wav,boston1,train,0
speech/sim/boston1/train/fifty11.wav,boston1,train,0
speech/sim/boston1/train/fifty12.wav,boston1,train,0
speech/sim/boston1/train/fifty2.wav,boston1,train,0
speech/sim/boston1/train/fifty3.wav,boston1,train,0
speech/sim/boston1/train/fifty4.wav,boston1,train,0
speech/sim/boston1/train/fifty5.wav,boston1,train,0
speech/sim/boston1/train/fifty6.wav,boston1,train,0
speech/sim/boston1/train/fifty7.wav,boston1,train,0
speech/sim/boston1/train/fifty8.wav,boston1,train,0
speech/sim/boston1/train/fifty9.wav,boston1,train,0
speech/sim/boston1/train/fix1.wav,boston1,train,0
speech/sim/boston1/train/fix10.wav,boston1,train,0
speech/sim/boston1/train/fix11.wav,boston1,train,0
speech/sim/boston1/train/fix12.wav,boston1,train,0
speech/sim/boston1/train/fix2.wav,boston1,train,0
speech/sim/boston1/train/fix3.wav,boston1,train,0
speech/sim/boston1/train/fix4.wav,boston1,train,0
speech/sim/boston1/train/fix5.wav,boston1,train,0
speech/sim/boston1/train/fix6.wav,boston1,train,0
speech/sim/boston1/train/fix7.wav,boston1,train,0
speech/sim/boston1/train/fix8.wav,boston1,train,0
speech/sim/boston1/train/fix9.wav,boston1,train,0
speech/sim/boston1/train/freeze1.wav,boston1,train,0
speech/sim/boston1/train/freeze10.wav,boston1,train,0
speech/sim/boston1/train/freeze11.wav,boston1,train,0
speech/sim/boston1/train/freeze12.wav,boston1,train,0
speech/sim/boston1/train/freeze2.wav,boston1,train,0
speech/sim/boston1/train/freeze3.wav,boston1,train,0
speech/sim/boston1/train/freeze4.wav,boston1,train,0
speech/sim/boston1/train/freeze5.wav,boston1,train,0
speech/sim/boston1/train/freeze6.wav,boston1,train,0
speech/sim/boston1/train/freeze7.wav,boston1,train,0
speech/sim/boston1/train/freeze8.wav,boston1,train,0
speech/sim/boston1/train/freeze9.wav,boston1,train,0
speech/sim/boston1/train/gain1.wav,boston1,train,0
speech/sim/boston1/train/gain10.wav,boston1,train,0
speech/sim/boston1/train/gain11.wav,boston1,train,0
speech/sim/boston1/train/gain12.wav,boston1,train,0
speech/sim/boston1/train/gain2.wav,boston1,train,0
speech/sim/boston1/train/gain3.wav,boston1,train,0
speech/sim/boston1/train/gain4.wav,boston1,train,0
speech/sim/boston1/train/gain5.wav,boston1,train,0
speech/sim/boston1/train/gain6.wav,boston1,train,0
speech/sim/boston1/train/gain7.wav,boston1,train,0
speech/sim/boston1/train/gain8.wav,boston1,train,0
speech/sim/boston1/train/gain9.wav,boston1,train,0
speech/sim/boston1/train/go1.wav,boston1,train,0
speech/sim/boston1/train/go10.wav,boston1,train,0
speech/sim/boston1/train/go11.wav,boston1,train,0
speech/sim/boston1/train/go12.wav,boston1,train,0
speech/sim/boston1/train/go2.wav,boston1,train,0
speech/sim/boston1/train/go3.wav,boston1,train,0
speech/sim/boston1/train/go4.wav,boston1,train,0
speech/sim/boston1/train/go5.wav,boston1,train,0
speech/sim/boston1/train/go6.wav,boston1,train,0
speech/sim/boston1/train/go7.wav,boston1,train,0
speech/sim/boston1/train/go8.wav,boston1,train,0
speech/sim/boston1/train/go9.wav,boston1,train,0
speech/sim/boston1/train/hello1.wav,boston1,train,0
speech/sim/boston1/train/hello10.wav,boston1,train,0
speech/sim/boston1/train/hello11.wav,boston1,train,0
speech/sim/boston1/train/hello12.wav,boston1,train,0
speech/sim/boston1/train/hello2.wav,boston1,train,0
speech/sim/boston1/train/hello3.wav,boston1,train,0
speech/sim/boston1/train/hello4.wav,boston1,train,0
speech/sim/boston1/train/hello5.wav,boston1,train,0
speech/sim/boston1/train/hello6.wav,boston1,train,0
speech/sim/boston1/train/hello7.wav,boston1,train,0
speech/sim/boston1/train/hello8.wav,boston1,train,0
speech/sim/boston1/train/hello9.wav,boston1,train,0
speech/sim/boston1/train/help1.wav,boston1,train,0
speech/sim/boston1/train/help10.wav,boston1,train,0
speech/sim/boston1/train/help11.wav,boston1,train,0
speech/sim/boston1/train/help12.wav,boston1,train,0
speech/sim/boston1/train/help2.wav,boston1,train,0
speech/sim/boston1/train/help3.wav,boston1,train,0
speech/sim/boston1/train/help4.wav,boston1,train,0
speech/sim/boston1/train/help5.wav,boston1,train,0
speech/sim/boston1/train/help6.wav,boston1,train,0
speech/sim/boston1/train/help7.wav,boston1,train,0
speech/sim/boston1/train/help8.wav,boston1,train,0
speech/sim/boston1/train/help9.wav,boston1,train,0
speech/sim/boston1/train/histog1.wav,boston1,train,0
speech/sim/boston1/train/histog10.wav,boston1,train,0
speech/sim/boston1/train/histog11.wav,boston1,train,0
speech/sim/boston1/train/histog12.wav,boston1,train,0
speech/sim/boston1/train/histog2.wav,boston1,train,0
speech/sim/boston1/train/histog3.wav,boston1,train,0
speech/sim/boston1/train/histog4.wav,boston1,train,0
speech/sim/boston1/train/histog5.wav,boston1,train,0
speech/sim/boston1/train/histog6.wav,boston1,train,0
speech/sim/boston1/train/histog7.wav,boston1,train,0
speech/sim/boston1/train/histog8.wav,boston1,train,0
speech/sim/boston1/train/histog9.wav,boston1,train,0
speech/sim/boston1/train/hot1.wav,boston1,train,0
speech/sim/boston1/train/hot10.wav,boston1,train,0
speech/sim/boston1/train/hot11.wav,boston1,train,0
speech/sim/boston1/train/hot12.wav,boston1,train,0
speech/sim/boston1/train/hot2.wav,boston1,train,0
speech/sim/boston1/train/hot3.wav,boston1,train,0
speech/sim/boston1/train/hot4.wav,boston1,train,0
speech/sim/boston1/train/hot5.wav,boston1,train,0
speech/sim/boston1/train/hot6.wav,boston1,train,0
speech/sim/boston1/train/hot7.wav,boston1,train,0
speech/sim/boston1/train/hot8.wav,boston1,train,0
speech/sim/boston1/train/hot9.wav,boston1,train,0
speech/sim/boston1/train/mark1.wav,boston1,train,0
speech/sim/boston1/train/mark10.wav,boston1,train,0
speech/sim/boston1/train/mark11.wav,boston1,train,0
speech/sim/boston1/train/mark12.wav,boston1,train,0
speech/sim/boston1/train/mark2.wav,boston1,train,0
speech/sim/boston1/train/mark3.wav,boston1,train,0
speech/sim/boston1/train/mark4.wav,boston1,train,0
speech/sim/boston1/train/mark5.wav,boston1,train,0
speech/sim/boston1/train/mark6.wav,boston1,train,0
speech/sim/boston1/train/mark7.wav,boston1,train,0
speech/sim/boston1/train/mark8.wav,boston1,train,0
speech/sim/boston1/train/mark9.wav,boston1,train,0
speech/sim/boston1/train/nav1.wav,boston1,train,0
speech/sim/boston1/train/nav10.wav,boston1,train,0
speech/sim/boston1/train/nav11.wav,boston1,train,0
speech/sim/boston1/train/nav12.wav,boston1,train,0
speech/sim/boston1/train/nav2.wav,boston1,train,0
speech/sim/boston1/train/nav3.wav,boston1,train,0
speech/sim/boston1/train/nav4.wav,boston1,train,0
speech/sim/boston1/train/nav5.wav,boston1,train,0
speech/sim/boston1/train/nav6.wav,boston1,train,0
speech/sim/boston1/train/nav7.wav,boston1,train,0
speech/sim/boston1/train/nav8.wav,boston1,train,0
speech/sim/boston1/train/nav9.wav,boston1,train,0
speech/sim/boston1/train/no1.wav,boston1,train,0
speech/sim/boston1/train/no10.wav,boston1,train,0
speech/sim/boston1/train/no11.wav,boston1,train,0
speech/sim/boston1/train/no12.wav,boston1,train,0
speech/sim/boston1/train/no2.wav,boston1,train,0
speech/sim/boston1/train/no3.wav,boston1,train,0
speech/sim/boston1/train/no4.wav,boston1,train,0
speech/sim/boston1/train/no5.wav,boston1,train,0
speech/sim/boston1/train/no6.wav,boston1,train,0
speech/sim/boston1/train/no7.wav,boston1,train,0
speech/sim/boston1/train/no8.wav,boston1,train,0
speech/sim/boston1/train/no9.wav,boston1,train,0
speech/sim/boston1/train/oh1.wav,boston1,train,0
speech/sim/boston1/train/oh10.wav,boston1,train,0
speech/sim/boston1/train/oh11.wav,boston1,train,0
speech/sim/boston1/train/oh12.wav,boston1,train,0
speech/sim/boston1/train/oh2.wav,boston1,train,0
speech/sim/boston1/train/oh3.wav,boston1,train,0
speech/sim/boston1/train/oh4.wav,boston1,train,0
speech/sim/boston1/train/oh5.wav,boston1,train,0
speech/sim/boston1/train/oh6.wav,boston1,train,0
speech/sim/boston1/train/oh7.wav,boston1,train,0
speech/sim/boston1/train/oh8.wav,boston1,train,0
speech/sim/boston1/train/oh9.wav,boston1,train,0
speech/sim/boston1/train/on1.wav,boston1,train,0
speech/sim/boston1/train/on10.wav,boston1,train,0
speech/sim/boston1/train/on11.wav,boston1,train,0
speech/sim/boston1/train/on12.wav,boston1,train,0
speech/sim/boston1/train/on2.wav,boston1,train,0
speech/sim/boston1/train/on3.wav,boston1,train,0
speech/sim/boston1/train/on4.wav,boston1,train,0
speech/sim/boston1/train/on5.wav,boston1,train,0
speech/sim/boston1/train/on6.wav,boston1,train,0
speech/sim/boston1/train/on7.wav,boston1,train,0
speech/sim/boston1/train/on8.wav,boston1,train,0
speech/sim/boston1/train/on9.wav,boston1,train,0
speech/sim/boston1/train/out1.wav,boston1,train,0
speech/sim/boston1/train/out10.wav,boston1,train,0
speech/sim/boston1/train/out11.wav,boston1,train,0
speech/sim/boston1/train/out12.wav,boston1,train,0
speech/sim/boston1/train/out2.wav,boston1,train,0
speech/sim/boston1/train/out3.wav,boston1,train,0
speech/sim/boston1/train/out4.wav,boston1,train,0
speech/sim/boston1/train/out5.wav,boston1,train,0
speech/sim/boston1/train/out6.wav,boston1,train,0
speech/sim/boston1/train/out7.wav,boston1,train,0
speech/sim/boston1/train/out8.wav,boston1,train,0
speech/sim/boston1/train/out9.wav,boston1,train,0
speech/sim/boston1/train/point1.wav,boston1,train,0
speech/sim/boston1/train/point10.wav,boston1,train,0
speech/sim/boston1/train/point11.wav,boston1,train,0
speech/sim/boston1/train/point12.wav,boston1,train,0
speech/sim/boston1/train/point2.wav,boston1,train,0
speech/sim/boston1/train/point3.wav,boston1,train,0
speech/sim/boston1/train/point4.wav,boston1,train,0
speech/sim/boston1/train/point5.wav,boston1,train,0
speech/sim/boston1/train/point6.wav,boston1,train,0
speech/sim/boston1/train/point7.wav,boston1,train,0
speech/sim/boston1/train/point8.wav,boston1,train,0
speech/sim/boston1/train/point9.wav,boston1,train,0
speech/sim/boston1/train/six1.wav,boston1,train,0
speech/sim/boston1/train/six10.wav,boston1,train,0
speech/sim/boston1/train/six11.wav,boston1,train,0
speech/sim/boston1/train/six12.wav,boston1,train,0
speech/sim/boston1/train/six2.wav,boston1,train,0
speech/sim/boston1/train/six3.wav,boston1,train,0
speech/sim/boston1/train/six4.wav,boston1,train,0
speech/sim/boston1/train/six5.wav,boston1,train,0
speech/sim/boston1/train/six6.wav,boston1,train,0
speech/sim/boston1/train/six7.wav,boston1,train,0
speech/sim/boston1/train/six8.wav,boston1,train,0
speech/sim/boston1/train/six9.wav,boston1,train,0
speech/sim/boston1/train/south1.wav,boston1,train,0
speech/sim/boston1/train/south10.wav,boston1,train,0
speech/sim/boston1/train/south11.wav,boston1,train,0
speech/sim/boston1/train/south12.wav,boston1,train,0
speech/sim/boston1/train/south2.wav,boston1,train,0
speech/sim/boston1/train/south3.wav,boston1,train,0
speech/sim/boston1/train/south4.wav,boston1,train,0
speech/sim/boston1/train/south5.wav,boston1,train,0
speech/sim/boston1/train/south6.wav,boston1,train,0
speech/sim/boston1/train/south7.wav,boston1,train,0
speech/sim/boston1/train/south8.wav,boston1,train,0
speech/sim/boston1/train/south9.wav,boston1,train,0
speech/sim/boston1/train/stand1.wav,boston1,train,0
speech/sim/boston1/train/stand10.wav,boston1,train,0
speech/sim/boston1/train/stand11.wav,boston1,train,0
speech/sim/boston1/train/stand12.wav,boston1,train,0
speech/sim/boston1/train/stand2.wav,boston1,train,0
speech/sim/boston1/train/stand3.wav,boston1,train,0
speech/sim/boston1/train/stand4.wav,boston1,train,0
speech/sim/boston1/train/stand5.wav,boston1,train,0
speech/sim/boston1/train/stand6.wav,boston1,train,0
speech/sim/boston1/train/stand7.wav,boston1,train,0
speech/sim/boston1/train/stand8.wav,boston1,train,0
speech/sim/boston1/train/stand9.wav,boston1,train,0
speech/sim/boston1/train/steer1.wav,boston1,train,0
speech/sim/boston1/train/steer10.wav,boston1,train,0
speech/sim/boston1/train/steer11.wav,boston1,train,0
speech/sim/boston1/train/steer12.wav,boston1,train,0
speech/sim/boston1/train/steer2.wav,boston1,train,0
speech/sim/boston1/train/steer3.wav,boston1,train,0
speech/sim/boston1/train/steer4.wav,boston1,train,0
speech/sim/boston1/train/steer5.wav,boston1,train,0
speech/sim/boston1/train/steer6.wav,boston1,train,0
speech/sim/boston1/train/steer7.wav,boston1,train,0
speech/sim/boston1/train/steer8.wav,boston1,train,0
speech/sim/boston1/train/steer9.wav,boston1,train,0
speech/sim/boston1/train/strafe1.wav,boston1,train,0
speech/sim/boston1/train/strafe10.wav,boston1,train,0
speech/sim/boston1/train/strafe11.wav,boston1,train,0
speech/sim/boston1/train/strafe12.wav,boston1,train,0
speech/sim/boston1/train/strafe2.wav,boston1,train,0
speech/sim/boston1/train/strafe3.wav,boston1,train,0
speech/sim/boston1/train/strafe4.wav,boston1,train,0
speech/sim/boston1/train/strafe5.wav,boston1,train,0
speech/sim/boston1/train/strafe6.wav,boston1,train,0
speech/sim/boston1/train/strafe7.wav,boston1,train,0
speech/sim/boston1/train/strafe8.wav,boston1,train,0
speech/sim/boston1/train/strafe9.wav,boston1,train,0
speech/sim/boston1/train/ten1.wav,boston1,train,0
speech/sim/boston1/train/ten10.wav,boston1,train,0
speech/sim/boston1/train/ten11.wav,boston1,train,0
speech/sim/boston1/train/ten12.wav,boston1,train,0
speech/sim/boston1/train/ten2.wav,boston1,train,0
speech/sim/boston1/train/ten3.wav,boston1,train,0
speech/sim/boston1/train/ten4.wav,boston1,train,0
speech/sim/boston1/train/ten5.wav,boston1,train,0
speech/sim/boston1/train/ten6.wav,boston1,train,0
speech/sim/boston1/train/ten7.wav,boston1,train,0
speech/sim/boston1/train/ten8.wav,boston1,train,0
speech/sim/boston1/train/ten9.wav,boston1,train,0
speech/sim/boston1/train/thirty1.wav,boston1,train,0
speech/sim/boston1/train/thirty10.wav,boston1,train,0
speech/sim/boston1/train/thirty11.wav,boston1,train,0
speech/sim/boston1/train/thirty12.wav,boston1,train,0
speech/sim/boston1/train/thirty2.wav,boston1,train,0
speech/sim/boston1/train/thirty3.wav,boston1,train,0
speech/sim/boston1/train/thirty4.wav,boston1,train,0
speech/sim/boston1/train/thirty5.wav,boston1,train,0
speech/sim/boston1/train/thirty6.wav,boston1,train,0
speech/sim/boston1/train/thirty7.wav,boston1,train,0
speech/sim/boston1/train/thirty8.wav,boston1,train,0
speech/sim/boston1/train/thirty9.wav,boston1,train,0
speech/sim/boston1/train/three1.wav,boston1,train,0
speech/sim/boston1/train/three10.wav,boston1,train,0
speech/sim/boston1/train/three11.wav,boston1,train,0
speech/sim/boston1/train/three12.wav,boston1,train,0
speech/sim/boston1/train/three2.wav,boston1,train,0
speech/sim/boston1/train/three3.wav,boston1,train,0
speech/sim/boston1/train/three4.wav,boston1,train,0
speech/sim/boston1/train/three5.wav,boston1,train,0
speech/sim/boston1/train/three6.wav,boston1,train,0
speech/sim/boston1/train/three7.wav,boston1,train,0
speech/sim/boston1/train/three8.wav,boston1,train,0
speech/sim/boston1/train/three9.wav,boston1,train,0
speech/sim/boston1/train/white1.wav,boston1,train,0
speech/sim/boston1/train/white10.wav,boston1,train,0
speech/sim/boston1/train/white11.wav,boston1,train,0
speech/sim/boston1/train/white12.wav,boston1,train,0
speech/sim/boston1/train/white2.wav,boston1,train,0
speech/sim/boston1/train/white3.wav,boston1,train,0
speech/sim/boston1/train/white4.wav,boston1,train,0
speech/sim/boston1/train/white5.wav,boston1,train,0
speech/sim/boston1/train/white6.wav,boston1,train,0
speech/sim/boston1/train/white7.wav,boston1,train,0
speech/sim/boston1/train/white8.wav,boston1,train,0
speech/sim/boston1/train/white9.wav,boston1,train,0
speech/sim/boston1/train/wide1.wav,boston1,train,0
speech/sim/boston1/train/wide10.wav,boston1,train,0
speech/sim/boston1/train/wide11.wav,boston1,train,0
speech/sim/boston1/train/wide12.wav,boston1,train,0
speech/sim/boston1/train/wide2.wav,boston1,train,0
speech/sim/boston1/train/wide3.wav,boston1,train,0
speech/sim/boston1/train/wide4.wav,boston1,train,0
speech/sim/boston1/train/wide5.wav,boston1,train,0
speech/sim/boston1/train/wide6.wav,boston1,train,0
speech/sim/boston1/train/wide7.wav,boston1,train,0
speech/sim/boston1/train/wide8.wav,boston1,train,0
speech/sim/boston1/train/wide9.wav,boston1,train,0
speech/sim/boston1/train/zero1.wav,boston1,train,0
speech/sim/boston1/train/zero10.wav,boston1,train,0
speech/sim/boston1/train/zero11.wav,boston1,train,0
speech/sim/boston1/train/zero12.wav,boston1,train,0
speech/sim/boston1/train/zero2.wav,boston1,train,0
speech/sim/boston1/train/zero3.wav,boston1,train,0
speech/sim/boston1/train/zero4.wav,boston1,train,0
speech/sim/boston1/train/zero5.wav,boston1,train,0
speech/sim/boston1/train/zero6.wav,boston1,train,0
speech/sim/boston1/train/zero7.wav,boston1,train,0
speech/sim/boston1/train/zero8.wav,boston1,train,0
speech/sim/boston1/train/zero9.wav,boston1,train,0
speech/sim/boston2/angry/break1.wav,boston2,angry,2
speech/sim/boston2/angry/break2.wav,boston2,angry,2
speech/sim/boston2/angry/change1.wav,boston2,angry,2
speech/sim/boston2/angry/change2.wav,boston2,angry,2
speech/sim/boston2/angry/degree1.wav,boston2,angry,2
speech/sim/boston2/angry/degree2.wav,boston2,angry,2
speech/sim/boston2/angry/destin1.wav,boston2,angry,2
speech/sim/boston2/angry/destin2.wav,boston2,angry,2
speech/sim/boston2/angry/east1.wav,boston2,angry,2
speech/sim/boston2/angry/east2.wav,boston2,angry,2
speech/sim/boston2/angry/eight1.wav,boston2,angry,2
speech/sim/boston2/angry/eight2.wav,boston2,angry,2
speech/sim/boston2/angry/eighty1.wav,boston2,angry,2
speech/sim/boston2/angry/eighty2.wav,boston2,angry,2
speech/sim/boston2/angry/enter1.wav,boston2,angry,2
speech/sim/boston2/angry/enter2.wav,boston2,angry,2
speech/sim/boston2/angry/fifty1.wav,boston2,angry,2
speech/sim/boston2/angry/fifty2.wav,boston2,angry,2
speech/sim/boston2/angry/fix1.wav,boston2,angry,2
speech/sim/boston2/angry/fix2.wav,boston2,angry,2
speech/sim/boston2/angry/freeze1.wav,boston2,angry,2
speech/sim/boston2/angry/freeze2.wav,boston2,angry,2
speech/sim/boston2/angry/gain1.wav,boston2,angry,2
speech/sim/boston2/angry/gain2.wav,boston2,angry,2
speech/sim/boston2/angry/go1.wav,boston2,angry,2
speech/sim/boston2/angry/go2.wav,boston2,angry,2
speech/sim/boston2/angry/hello1.wav,boston2,angry,2
speech/sim/boston2/angry/hello2.wav,boston2,angry,2
speech/sim/boston2/angry/help1.wav,boston2,angry,2
speech/sim/boston2/angry/help2.wav,boston2,angry,2
speech/sim/boston2/angry/histog1.wav,boston2,angry,2
speech/sim/boston2/angry/histog2.wav,boston2,angry,2
speech/sim/boston2/angry/hot1.wav,boston2,angry,2
speech/sim/boston2/angry/hot2.wav,boston2,angry,2
speech/sim/boston2/angry/mark1.wav,boston2,angry,2
speech/sim/boston2/angry/mark2.wav,boston2,angry,2
speech/sim/boston2/angry/nav1.wav,boston2,angry,2
speech/sim/boston2/angry/nav2.wav,boston2,angry,2
speech/sim/boston2/angry/no1.wav,boston2,angry,2
speech/sim/boston2/angry/no2.wav,boston2,angry,2
speech/sim/boston2/angry/oh1.wav,boston2,angry,2
speech/sim/boston2/angry/oh2.wav,boston2,angry,2
speech/sim/boston2/angry/on1.wav,boston2,angry,2
speech/sim/boston2/angry/on2.wav,boston2,angry,2
speech/sim/boston2/angry/out1.wav,boston2,angry,2
speech/sim/boston2/angry/out2.wav,boston2,angry,2
speech/sim/boston2/angry/point1.wav,boston2,angry,2
speech/sim/boston2/angry/point2.wav,boston2,angry,2
speech/sim/boston2/angry/six1.wav,boston2,angry,2
speech/sim/boston2/angry/six2.wav,boston2,angry,2
speech/sim/boston2/angry/south1.wav,boston2,angry,2
speech/sim/boston2/angry/south2.wav,boston2,angry,2
speech/sim/boston2/angry/stand1.wav,boston2,angry,2
speech/sim/boston2/angry/stand2.wav,boston2,angry,2
speech/sim/boston2/angry/steer1.wav,boston2,angry,2
speech/sim/boston2/angry/steer2.wav,boston2,angry,2
speech/sim/boston2/angry/strafe1.wav,boston2,angry,2
speech/sim/boston2/angry/strafe2.wav,boston2,angry,2
speech/sim/boston2/angry/ten1.wav,boston2,angry,2
speech/sim/boston2/angry/ten2.wav,boston2,angry,2
speech/sim/boston2/angry/thirty1.wav,boston2,angry,2
speech/sim/boston2/angry/thirty2.wav,boston2,angry,2
speech/sim/boston2/angry/three1.wav,boston2,angry,2
speech/sim/boston2/angry/three2.wav,boston2,angry,2
speech/sim/boston2/angry/white1.wav,boston2,angry,2
speech/sim/boston2/angry/white2.wav,boston2,angry,2
speech/sim/boston2/angry/wide1.wav,boston2,angry,2
speech/sim/boston2/angry/wide2.wav,boston2,angry,2
speech/sim/boston2/angry/zero1.wav,boston2,angry,2
speech/sim/boston2/angry/zero2.wav,boston2,angry,2
speech/sim/boston2/clear/break1.wav,boston2,clear,0
speech/sim/boston2/clear/break2.wav,boston2,clear,0
speech/sim/boston2/clear/change1.wav,boston2,clear,0
speech/sim/boston2/clear/change2.wav,boston2,clear,0
speech/sim/boston2/clear/degree1.wav,boston2,clear,0
speech/sim/boston2/clear/degree2.wav,boston2,clear,0
speech/sim/boston2/clear/destin1.wav,boston2,clear,0
speech/sim/boston2/clear/destin2.wav,boston2,clear,0
speech/sim/boston2/clear/east1.wav,boston2,clear,0
speech/sim/boston2/clear/east2.wav,boston2,clear,0
speech/sim/boston2/clear/eight1.wav,boston2,clear,0
speech/sim/boston2/clear/eight2.wav,boston2,clear,0
speech/sim/boston2/clear/eighty1.wav,boston2,clear,0
speech/sim/boston2/clear/eighty2.wav,boston2,clear,0
speech/sim/boston2/clear/enter1.wav,boston2,clear,0
speech/sim/boston2/clear/enter2.wav,boston2,clear,0
speech/sim/boston2/clear/fifty1.wav,boston2,clear,0
speech/sim/boston2/clear/fifty2.wav,boston2,clear,0
speech/sim/boston2/clear/fix1.wav,boston2,clear,0
speech/sim/boston2/clear/fix2.wav,boston2,clear,0
speech/sim/boston2/clear/freeze1.wav,boston2,clear,0
speech/sim/boston2/clear/freeze2.wav,boston2,clear,0
speech/sim/boston2/clear/gain1.wav,boston2,clear,0
speech/sim/boston2/clear/gain2.wav,boston2,clear,0
speech/sim/boston2/clear/go1.wav,boston2,clear,0
speech/sim/boston2/clear/go2.wav,boston2,clear,0
speech/sim/boston2/clear/hello1.wav,boston2,clear,0
speech/sim/boston2/clear/hello2.wav,boston2,clear,0
speech/sim/boston2/clear/help1.wav,boston2,clear,0
speech/sim/boston2/clear/help2.wav,boston2,clear,0
speech/sim/boston2/clear/histog1.wav,boston2,clear,0
speech/sim/boston2/clear/histog2.wav,boston2,clear,0
speech/sim/boston2/clear/hot1.wav,boston2,clear,0
speech/sim/boston2/clear/hot2.wav,boston2,clear,0
speech/sim/boston2/clear/mark1.wav,boston2,clear,0
speech/sim/boston2/clear/mark2.wav,boston2,clear,0
speech/sim/boston2/clear/nav1.wav,boston2,clear,0
speech/sim/boston2/clear/nav2.wav,boston2,clear,0
speech/sim/boston2/clear/no1.wav,boston2,clear,0
speech/sim/boston2/clear/no2.wav,boston2,clear,0
speech/sim/boston2/clear/oh1.wav,boston2,clear,0
speech/sim/boston2/clear/oh2.wav,boston2,clear,0
speech/sim/boston2/clear/on1.wav,boston2,clear,0
speech/sim/boston2/clear/on2.wav,boston2,clear,0
speech/sim/boston2/clear/out1.wav,boston2,clear,0
speech/sim/boston2/clear/out2.wav,boston2,clear,0
speech/sim/boston2/clear/point1.wav,boston2,clear,0
speech/sim/boston2/clear/point2.wav,boston2,clear,0
speech/sim/boston2/clear/six1.wav,boston2,clear,0
speech/sim/boston2/clear/six2.wav,boston2,clear,0
speech/sim/boston2/clear/south1.wav,boston2,clear,0
speech/sim/boston2/clear/south2.wav,boston2,clear,0
speech/sim/boston2/clear/stand1.wav,boston2,clear,0
speech/sim/boston2/clear/stand2.wav,boston2,clear,0
speech/sim/boston2/clear/steer1.wav,boston2,clear,0
speech/sim/boston2/clear/steer2.wav,boston2,clear,0
speech/sim/boston2/clear/strafe1.wav,boston2,clear,0
speech/sim/boston2/clear/strafe2.wav,boston2,clear,0
speech/sim/boston2/clear/ten1.wav,boston2,clear,0
speech/sim/boston2/clear/ten2.wav,boston2,clear,0
speech/sim/boston2/clear/thirty1.wav,boston2,clear,0
speech/sim/boston2/clear/thirty2.wav,boston2,clear,0
speech/sim/boston2/clear/three1.wav,boston2,clear,0
speech/sim/boston2/clear/three2.wav,boston2,clear,0
speech/sim/boston2/clear/white1.wav,boston2,clear,0
speech/sim/boston2/clear/white2.wav,boston2,clear,0
speech/sim/boston2/clear/wide1.wav,boston2,clear,0
speech/sim/boston2/clear/wide2.wav,boston2,clear,0
speech/sim/boston2/clear/zero1.wav,boston2,clear,0
speech/sim/boston2/clear/zero2.wav,boston2,clear,0
speech/sim/boston2/cond50/break1.wav,boston2,cond50,0
speech/sim/boston2/cond50/break2.wav,boston2,cond50,0
speech/sim/boston2/cond50/change1.wav,boston2,cond50,0
speech/sim/boston2/cond50/change2.wav,boston2,cond50,0
speech/sim/boston2/cond50/degree1.wav,boston2,cond50,0
speech/sim/boston2/cond50/degree2.wav,boston2,cond50,0
speech/sim/boston2/cond50/destin1.wav,boston2,cond50,0
speech/sim/boston2/cond50/destin2.wav,boston2,cond50,0
speech/sim/boston2/cond50/east1.wav,boston2,cond50,0
speech/sim/boston2/cond50/east2.wav,boston2,cond50,0
speech/sim/boston2/cond50/eight1.wav,boston2,cond50,0
speech/sim/boston2/cond50/eight2.wav,boston2,cond50,0
speech/sim/boston2/cond50/eighty1.wav,boston2,cond50,0
speech/sim/boston2/cond50/eighty2.wav,boston2,cond50,0
speech/sim/boston2/cond50/enter1.wav,boston2,cond50,0
speech/sim/boston2/cond50/enter2.wav,boston2,cond50,0
speech/sim/boston2/cond50/fifty1.wav,boston2,cond50,0
speech/sim/boston2/cond50/fifty2.wav,boston2,cond50,0
speech/sim/boston2/cond50/fix1.wav,boston2,cond50,0
speech/sim/boston2/cond50/fix2.wav,boston2,cond50,0
speech/sim/boston2/cond50/freeze1.wav,boston2,cond50,0
speech/sim/boston2/cond50/freeze2.wav,boston2,cond50,0
speech/sim/boston2/cond50/gain1.wav,boston2,cond50,0
speech/sim/boston2/cond50/gain2.wav,boston2,cond50,0
speech/sim/boston2/cond50/go1.wav,boston2,cond50,0
speech/sim/boston2/cond50/go2.wav,boston2,cond50,0
speech/sim/boston2/cond50/hello1.wav,boston2,cond50,0
speech/sim/boston2/cond50/hello2.wav,boston2,cond50,0
speech/sim/boston2/cond50/help1.wav,boston2,cond50,0
speech/sim/boston2/cond50/help2.wav,boston2,cond50,0
speech/sim/boston2/cond50/histog1.wav,boston2,cond50,0
speech/sim/boston2/cond50/histog2.wav,boston2,cond50,0
speech/sim/boston2/cond50/hot1.wav,boston2,cond50,0
speech/sim/boston2/cond50/hot2.wav,boston2,cond50,0
speech/sim/boston2/cond50/mark1.wav,boston2,cond50,0
speech/sim/boston2/cond50/mark2.wav,boston2,cond50,0
speech/sim/boston2/cond50/nav1.wav,boston2,cond50,0
speech/sim/boston2/cond50/nav2.wav,boston2,cond50,0
speech/sim/boston2/cond50/no1.wav,boston2,cond50,0
speech/sim/boston2/cond50/no2.wav,boston2,cond50,0
speech/sim/boston2/cond50/oh1.wav,boston2,cond50,0
speech/sim/boston2/cond50/oh2.wav,boston2,cond50,0
speech/sim/boston2/cond50/on1.wav,boston2,cond50,0
speech/sim/boston2/cond50/on2.wav,boston2,cond50,0
speech/sim/boston2/cond50/out1.wav,boston2,cond50,0
speech/sim/boston2/cond50/out2.wav,boston2,cond50,0
speech/sim/boston2/cond50/point1.wav,boston2,cond50,0
speech/sim/boston2/cond50/point2.wav,boston2,cond50,0
speech/sim/boston2/cond50/six1.wav,boston2,cond50,0
speech/sim/boston2/cond50/six2.wav,boston2,cond50,0
speech/sim/boston2/cond50/south1.wav,boston2,cond50,0
speech/sim/boston2/cond50/south2.wav,boston2,cond50,0
speech/sim/boston2/cond50/stand1.wav,boston2,cond50,0
speech/sim/boston2/cond50/stand2.wav,boston2,cond50,0
speech/sim/boston2/cond50/steer1.wav,boston2,cond50,0
speech/sim/boston2/cond50/steer2.wav,boston2,cond50,0
speech/sim/boston2/cond50/strafe1.wav,boston2,cond50,0
speech/sim/boston2/cond50/strafe2.wav,boston2,cond50,0
speech/sim/boston2/cond50/ten1.wav,boston2,cond50,0
speech/sim/boston2/cond50/ten2.wav,boston2,cond50,0
speech/sim/boston2/cond50/thirty1.wav,boston2,cond50,0
speech/sim/boston2/cond50/thirty2.wav,boston2,cond50,0
speech/sim/boston2/cond50/three1.wav,boston2,cond50,0
speech/sim/boston2/cond50/three2.wav,boston2,cond50,0
speech/sim/boston2/cond50/white1.wav,boston2,cond50,0
speech/sim/boston2/cond50/white2.wav,boston2,cond50,0
speech/sim/boston2/cond50/wide1.wav,boston2,cond50,0
speech/sim/boston2/cond50/wide2.wav,boston2,cond50,0
speech/sim/boston2/cond50/zero1.wav,boston2,cond50,0
speech/sim/boston2/cond50/zero2.wav,boston2,cond50,0
speech/sim/boston2/cond70/break1.wav,boston2,cond70,1
speech/sim/boston2/cond70/break2.wav,boston2,cond70,1
speech/sim/boston2/cond70/change1.wav,boston2,cond70,1
speech/sim/boston2/cond70/change2.wav,boston2,cond70,1
speech/sim/boston2/cond70/degree1.wav,boston2,cond70,1
speech/sim/boston2/cond70/degree2.wav,boston2,cond70,1
speech/sim/boston2/cond70/destin1.wav,boston2,cond70,1
speech/sim/boston2/cond70/destin2.wav,boston2,cond70,1
speech/sim/boston2/cond70/east1.wav,boston2,cond70,1
speech/sim/boston2/cond70/east2.wav,boston2,cond70,1
speech/sim/boston2/cond70/eight1.wav,boston2,cond70,1
speech/sim/boston2/cond70/eight2.wav,boston2,cond70,1
speech/sim/boston2/cond70/eighty1.wav,boston2,cond70,1
speech/sim/boston2/cond70/eighty2.wav,boston2,cond70,1
speech/sim/boston2/cond70/enter1.wav,boston2,cond70,1
speech/sim/boston2/cond70/enter2.wav,boston2,cond70,1
speech/sim/boston2/cond70/fifty1.wav,boston2,cond70,1
speech/sim/boston2/cond70/fifty2.wav,boston2,cond70,1
speech/sim/boston2/cond70/fix1.wav,boston2,cond70,1
speech/sim/boston2/cond70/fix2.wav,boston2,cond70,1
speech/sim/boston2/cond70/freeze1.wav,boston2,cond70,1
speech/sim/boston2/cond70/freeze2.wav,boston2,cond70,1
speech/sim/boston2/cond70/gain1.wav,boston2,cond70,1
speech/sim/boston2/cond70/gain2.wav,boston2,cond70,1
speech/sim/boston2/cond70/go1.wav,boston2,cond70,1
speech/sim/boston2/cond70/go2.wav,boston2,cond70,1
speech/sim/boston2/cond70/hello1.wav,boston2,cond70,1
speech/sim/boston2/cond70/hello2.wav,boston2,cond70,1
speech/sim/boston2/cond70/help1.wav,boston2,cond70,1
speech/sim/boston2/cond70/help2.wav,boston2,cond70,1
speech/sim/boston2/cond70/histog1.wav,boston2,cond70,1
speech/sim/boston2/cond70/histog2.wav,boston2,cond70,1
speech/sim/boston2/cond70/hot1.wav,boston2,cond70,1
speech/sim/boston2/cond70/hot2.wav,boston2,cond70,1
speech/sim/boston2/cond70/mark1.wav,boston2,cond70,1
speech/sim/boston2/cond70/mark2.wav,boston2,cond70,1
speech/sim/boston2/cond70/nav1.wav,boston2,cond70,1
speech/sim/boston2/cond70/nav2.wav,boston2,cond70,1
speech/sim/boston2/cond70/no1.wav,boston2,cond70,1
speech/sim/boston2/cond70/no2.wav,boston2,cond70,1
speech/sim/boston2/cond70/oh1.wav,boston2,cond70,1
speech/sim/boston2/cond70/oh2.wav,boston2,cond70,1
speech/sim/boston2/cond70/on1.wav,boston2,cond70,1
speech/sim/boston2/cond70/on2.wav,boston2,cond70,1
speech/sim/boston2/cond70/out1.wav,boston2,cond70,1
speech/sim/boston2/cond70/out2.wav,boston2,cond70,1
speech/sim/boston2/cond70/point1.wav,boston2,cond70,1
speech/sim/boston2/cond70/point2.wav,boston2,cond70,1
speech/sim/boston2/cond70/six1.wav,boston2,cond70,1
speech/sim/boston2/cond70/six2.wav,boston2,cond70,1
speech/sim/boston2/cond70/south1.wav,boston2,cond70,1
speech/sim/boston2/cond70/south2.wav,boston2,cond70,1
speech/sim/boston2/cond70/stand1.wav,boston2,cond70,1
speech/sim/boston2/cond70/stand2.wav,boston2,cond70,1
speech/sim/boston2/cond70/steer1.wav,boston2,cond70,1
speech/sim/boston2/cond70/steer2.wav,boston2,cond70,1
speech/sim/boston2/cond70/strafe1.wav,boston2,cond70,1
speech/sim/boston2/cond70/strafe2.wav,boston2,cond70,1
speech/sim/boston2/cond70/ten1.wav,boston2,cond70,1
speech/sim/boston2/cond70/ten2.wav,boston2,cond70,1
speech/sim/boston2/cond70/thirty1.wav,boston2,cond70,1
speech/sim/boston2/cond70/thirty2.wav,boston2,cond70,1
speech/sim/boston2/cond70/three1.wav,boston2,cond70,1
speech/sim/boston2/cond70/three2.wav,boston2,cond70,1
speech/sim/boston2/cond70/white1.wav,boston2,cond70,1
speech/sim/boston2/cond70/white2.wav,boston2,cond70,1
speech/sim/boston2/cond70/wide1.wav,boston2,cond70,1
speech/sim/boston2/cond70/wide2.wav,boston2,cond70,1
speech/sim/boston2/cond70/zero1.wav,boston2,cond70,1
speech/sim/boston2/cond70/zero2.wav,boston2,cond70,1
speech/sim/boston2/fast/break1.wav,boston2,fast,0
speech/sim/boston2/fast/break2.wav,boston2,fast,0
speech/sim/boston2/fast/change1.wav,boston2,fast,0
speech/sim/boston2/fast/change2.wav,boston2,fast,0
speech/sim/boston2/fast/degree1.wav,boston2,fast,0
speech/sim/boston2/fast/degree2.wav,boston2,fast,0
speech/sim/boston2/fast/destin1.wav,boston2,fast,0
speech/sim/boston2/fast/destin2.wav,boston2,fast,0
speech/sim/boston2/fast/east1.wav,boston2,fast,0
speech/sim/boston2/fast/east2.wav,boston2,fast,0
speech/sim/boston2/fast/eight1.wav,boston2,fast,0
speech/sim/boston2/fast/eight2.wav,boston2,fast,0
speech/sim/boston2/fast/eighty1.wav,boston2,fast,0
speech/sim/boston2/fast/eighty2.wav,boston2,fast,0
speech/sim/boston2/fast/enter1.wav,boston2,fast,0
speech/sim/boston2/fast/enter2.wav,boston2,fast,0
speech/sim/boston2/fast/fifty1.wav,boston2,fast,0
speech/sim/boston2/fast/fifty2.wav,boston2,fast,0
speech/sim/boston2/fast/fix1.wav,boston2,fast,0
speech/sim/boston2/fast/fix2.wav,boston2,fast,0
speech/sim/boston2/fast/freeze1.wav,boston2,fast,0
speech/sim/boston2/fast/freeze2.wav,boston2,fast,0
speech/sim/boston2/fast/gain1.wav,boston2,fast,0
speech/sim/boston2/fast/gain2.wav,boston2,fast,0
speech/sim/boston2/fast/go1.wav,boston2,fast,0
speech/sim/boston2/fast/go2.wav,boston2,fast,0
speech/sim/boston2/fast/hello1.wav,boston2,fast,0
speech/sim/boston2/fast/hello2.wav,boston2,fast,0
speech/sim/boston2/fast/help1.wav,boston2,fast,0
speech/sim/boston2/fast/help2.wav,boston2,fast,0
speech/sim/boston2/fast/histog1.wav,boston2,fast,0
speech/sim/boston2/fast/histog2.wav,boston2,fast,0
speech/sim/boston2/fast/hot1.wav,boston2,fast,0
speech/sim/boston2/fast/hot2.wav,boston2,fast,0
speech/sim/boston2/fast/mark1.wav,boston2,fast,0
speech/sim/boston2/fast/mark2.wav,boston2,fast,0
speech/sim/boston2/fast/nav1.wav,boston2,fast,0
speech/sim/boston2/fast/nav2.wav,boston2,fast,0
speech/sim/boston2/fast/no1.wav,boston2,fast,0
speech/sim/boston2/fast/no2.wav,boston2,fast,0
speech/sim/boston2/fast/oh1.wav,boston2,fast,0
speech/sim/boston2/fast/oh2.wav,boston2,fast,0
speech/sim/boston2/fast/on1.wav,boston2,fast,0
speech/sim/boston2/fast/on2.wav,boston2,fast,0
speech/sim/boston2/fast/out1.wav,boston2,fast,0
speech/sim/boston2/fast/out2.wav,boston2,fast,0
speech/sim/boston2/fast/point1.wav,boston2,fast,0
speech/sim/boston2/fast/point2.wav,boston2,fast,0
speech/sim/boston2/fast/six1.wav,boston2,fast,0
speech/sim/boston2/fast/six2.wav,boston2,fast,0
speech/sim/boston2/fast/south1.wav,boston2,fast,0
speech/sim/boston2/fast/south2.wav,boston2,fast,0
speech/sim/boston2/fast/stand1.wav,boston2,fast,0
speech/sim/boston2/fast/stand2.wav,boston2,fast,0
speech/sim/boston2/fast/steer1.wav,boston2,fast,0
speech/sim/boston2/fast/steer2.wav,boston2,fast,0
speech/sim/boston2/fast/strafe1.wav,boston2,fast,0
speech/sim/boston2/fast/strafe2.wav,boston2,fast,0
speech/sim/boston2/fast/ten1.wav,boston2,fast,0
speech/sim/boston2/fast/ten2.wav,boston2,fast,0
speech/sim/boston2/fast/thirty1.wav,boston2,fast,0
speech/sim/boston2/fast/thirty2.wav,boston2,fast,0
speech/sim/boston2/fast/three1.wav,boston2,fast,0
speech/sim/boston2/fast/three2.wav,boston2,fast,0
speech/sim/boston2/fast/white1.wav,boston2,fast,0
speech/sim/boston2/fast/white2.wav,boston2,fast,0
speech/sim/boston2/fast/wide1.wav,boston2,fast,0
speech/sim/boston2/fast/wide2.wav,boston2,fast,0
speech/sim/boston2/fast/zero1.wav,boston2,fast,0
speech/sim/boston2/fast/zero2.wav,boston2,fast,0
speech/sim/boston2/lombard/break1.wav,boston2,lombard,1
speech/sim/boston2/lombard/break2.wav,boston2,lombard,1
speech/sim/boston2/lombard/change1.wav,boston2,lombard,1
speech/sim/boston2/lombard/change2.wav,boston2,lombard,1
speech/sim/boston2/lombard/degree1.wav,boston2,lombard,1
speech/sim/boston2/lombard/degree2.wav,boston2,lombard,1
speech/sim/boston2/lombard/destin1.wav,boston2,lombard,1
speech/sim/boston2/lombard/destin2.wav,boston2,lombard,1
speech/sim/boston2/lombard/east1.wav,boston2,lombard,1
speech/sim/boston2/lombard/east2.wav,boston2,lombard,1
speech/sim/boston2/lombard/eight1.wav,boston2,lombard,1
speech/sim/boston2/lombard/eight2.wav,boston2,lombard,1
speech/sim/boston2/lombard/eighty1.wav,boston2,lombard,1
speech/sim/boston2/lombard/eighty2.wav,boston2,lombard,1
speech/sim/boston2/lombard/enter1.wav,boston2,lombard,1
speech/sim/boston2/lombard/enter2.wav,boston2,lombard,1
speech/sim/boston2/lombard/fifty1.wav,boston2,lombard,1
speech/sim/boston2/lombard/fifty2.wav,boston2,lombard,1
speech/sim/boston2/lombard/fix1.wav,boston2,lombard,1
speech/sim/boston2/lombard/fix2.wav,boston2,lombard,1
speech/sim/boston2/lombard/freeze1.wav,boston2,lombard,1
speech/sim/boston2/lombard/freeze2.wav,boston2,lombard,1
speech/sim/boston2/lombard/gain1.wav,boston2,lombard,1
speech/sim/boston2/lombard/gain2.wav,boston2,lombard,1
speech/sim/boston2/lombard/go1.wav,boston2,lombard,1
speech/sim/boston2/lombard/go2.wav,boston2,lombard,1
speech/sim/boston2/lombard/hello1.wav,boston2,lombard,1
speech/sim/boston2/lombard/hello2.wav,boston2,lombard,1
speech/sim/boston2/lombard/help1.wav,boston2,lombard,1
speech/sim/boston2/lombard/help2.wav,boston2,lombard,1
speech/sim/boston2/lombard/histog1.wav,boston2,lombard,1
speech/sim/boston2/lombard/histog2.wav,boston2,lombard,1
speech/sim/boston2/lombard/hot1.wav,boston2,lombard,1
speech/sim/boston2/lombard/hot2.wav,boston2,lombard,1
speech/sim/boston2/lombard/mark1.wav,boston2,lombard,1
speech/sim/boston2/lombard/mark2.wav,boston2,lombard,1
speech/sim/boston2/lombard/nav1.wav,boston2,lombard,1
speech/sim/boston2/lombard/nav2.wav,boston2,lombard,1
speech/sim/boston2/lombard/no1.wav,boston2,lombard,1
speech/sim/boston2/lombard/no2.wav,boston2,lombard,1
speech/sim/boston2/lombard/oh1.wav,boston2,lombard,1
speech/sim/boston2/lombard/oh2.wav,boston2,lombard,1
speech/sim/boston2/lombard/on1.wav,boston2,lombard,1
speech/sim/boston2/lombard/on2.wav,boston2,lombard,1
speech/sim/boston2/lombard/out1.wav,boston2,lombard,1
speech/sim/boston2/lombard/out2.wav,boston2,lombard,1
speech/sim/boston2/lombard/point1.wav,boston2,lombard,1
speech/sim/boston2/lombard/point2.wav,boston2,lombard,1
speech/sim/boston2/lombard/six1.wav,boston2,lombard,1
speech/sim/boston2/lombard/six2.wav,boston2,lombard,1
speech/sim/boston2/lombard/south1.wav,boston2,lombard,1
speech/sim/boston2/lombard/south2.wav,boston2,lombard,1
speech/sim/boston2/lombard/stand1.wav,boston2,lombard,1
speech/sim/boston2/lombard/stand2.wav,boston2,lombard,1
speech/sim/boston2/lombard/steer1.wav,boston2,lombard,1
speech/sim/boston2/lombard/steer2.wav,boston2,lombard,1
speech/sim/boston2/lombard/strafe1.wav,boston2,lombard,1
speech/sim/boston2/lombard/strafe2.wav,boston2,lombard,1
speech/sim/boston2/lombard/ten1.wav,boston2,lombard,1
speech/sim/boston2/lombard/ten2.wav,boston2,lombard,1
speech/sim/boston2/lombard/thirty1.wav,boston2,lombard,1
speech/sim/boston2/lombard/thirty2.wav,boston2,lombard,1
speech/sim/boston2/lombard/three1.wav,boston2,lombard,1
speech/sim/boston2/lombard/three2.wav,boston2,lombard,1
speech/sim/boston2/lombard/white1.wav,boston2,lombard,1
speech/sim/boston2/lombard/white2.wav,boston2,lombard,1
speech/sim/boston2/lombard/wide1.wav,boston2,lombard,1
speech/sim/boston2/lombard/wide2.wav,boston2,lombard,1
speech/sim/boston2/lombard/zero1.wav,boston2,lombard,1
speech/sim/boston2/lombard/zero2.wav,boston2,lombard,1
speech/sim/boston2/loud/break1.wav,boston2,loud,1
speech/sim/boston2/loud/break2.wav,boston2,loud,1
speech/sim/boston2/loud/change1.wav,boston2,loud,1
speech/sim/boston2/loud/change2.wav,boston2,loud,1
speech/sim/boston2/loud/degree1.wav,boston2,loud,1
speech/sim/boston2/loud/degree2.wav,boston2,loud,1
speech/sim/boston2/loud/destin1.wav,boston2,loud,1
speech/sim/boston2/loud/destin2.wav,boston2,loud,1
speech/sim/boston2/loud/east1.wav,boston2,loud,1
speech/sim/boston2/loud/east2.wav,boston2,loud,1
speech/sim/boston2/loud/eight1.wav,boston2,loud,1
speech/sim/boston2/loud/eight2.wav,boston2,loud,1
speech/sim/boston2/loud/eighty1.wav,boston2,loud,1
speech/sim/boston2/loud/eighty2.wav,boston2,loud,1
speech/sim/boston2/loud/enter1.wav,boston2,loud,1
speech/sim/boston2/loud/enter2.wav,boston2,loud,1
speech/sim/boston2/loud/fifty1.wav,boston2,loud,1
speech/sim/boston2/loud/fifty2.wav,boston2,loud,1
speech/sim/boston2/loud/fix1.wav,boston2,loud,1
speech/sim/boston2/loud/fix2.wav,boston2,loud,1
speech/sim/boston2/loud/freeze1.wav,boston2,loud,1
speech/sim/boston2/loud/freeze2.wav,boston2,loud,1
speech/sim/boston2/loud/gain1.wav,boston2,loud,1
speech/sim/boston2/loud/gain2.wav,boston2,loud,1
speech/sim/boston2/loud/go1.wav,boston2,loud,1
speech/sim/boston2/loud/go2.wav,boston2,loud,1
speech/sim/boston2/loud/hello1.wav,boston2,loud,1
speech/sim/boston2/loud/hello2.wav,boston2,loud,1
speech/sim/boston2/loud/help1.wav,boston2,loud,1
speech/sim/boston2/loud/help2.wav,boston2,loud,1
speech/sim/boston2/loud/histog1.wav,boston2,loud,1
speech/sim/boston2/loud/histog2.wav,boston2,loud,1
speech/sim/boston2/loud/hot1.wav,boston2,loud,1
speech/sim/boston2/loud/hot2.wav,boston2,loud,1
speech/sim/boston2/loud/mark1.wav,boston2,loud,1
speech/sim/boston2/loud/mark2.wav,boston2,loud,1
speech/sim/boston2/loud/nav1.wav,boston2,loud,1
speech/sim/boston2/loud/nav2.wav,boston2,loud,1
speech/sim/boston2/loud/no1.wav,boston2,loud,1
speech/sim/boston2/loud/no2.wav,boston2,loud,1
speech/sim/boston2/loud/oh1.wav,boston2,loud,1
speech/sim/boston2/loud/oh2.wav,boston2,loud,1
speech/sim/boston2/loud/on1.wav,boston2,loud,1
speech/sim/boston2/loud/on2.wav,boston2,loud,1
speech/sim/boston2/loud/out1.wav,boston2,loud,1
speech/sim/boston2/loud/out2.wav,boston2,loud,1
speech/sim/boston2/loud/point1.wav,boston2,loud,1
speech/sim/boston2/loud/point2.wav,boston2,loud,1
speech/sim/boston2/loud/six1.wav,boston2,loud,1
speech/sim/boston2/loud/six2.wav,boston2,loud,1
speech/sim/boston2/loud/south1.wav,boston2,loud,1
speech/sim/boston2/loud/south2.wav,boston2,loud,1
speech/sim/boston2/loud/stand1.wav,boston2,loud,1
speech/sim/boston2/loud/stand2.wav,boston2,loud,1
speech/sim/boston2/loud/steer1.wav,boston2,loud,1
speech/sim/boston2/loud/steer2.wav,boston2,loud,1
speech/sim/boston2/loud/strafe1.wav,boston2,loud,1
speech/sim/boston2/loud/strafe2.wav,boston2,loud,1
speech/sim/boston2/loud/ten1.wav,boston2,loud,1
speech/sim/boston2/loud/ten2.wav,boston2,loud,1
speech/sim/boston2/loud/thirty1.wav,boston2,loud,1
speech/sim/boston2/loud/thirty2.wav,boston2,loud,1
speech/sim/boston2/loud/three1.wav,boston2,loud,1
speech/sim/boston2/loud/three2.wav,boston2,loud,1
speech/sim/boston2/loud/white1.wav,boston2,loud,1
speech/sim/boston2/loud/white2.wav,boston2,loud,1
speech/sim/boston2/loud/wide1.wav,boston2,loud,1
speech/sim/boston2/loud/wide2.wav,boston2,loud,1
speech/sim/boston2/loud/zero1.wav,boston2,loud,1
speech/sim/boston2/loud/zero2.wav,boston2,loud,1
speech/sim/boston2/neutral/break1.wav,boston2,neutral,0
speech/sim/boston2/neutral/break2.wav,boston2,neutral,0
speech/sim/boston2/neutral/change1.wav,boston2,neutral,0
speech/sim/boston2/neutral/change2.wav,boston2,neutral,0
speech/sim/boston2/neutral/degree1.wav,boston2,neutral,0
speech/sim/boston2/neutral/degree2.wav,boston2,neutral,0
speech/sim/boston2/neutral/destin1.wav,boston2,neutral,0
speech/sim/boston2/neutral/destin2.wav,boston2,neutral,0
speech/sim/boston2/neutral/east1.wav,boston2,neutral,0
speech/sim/boston2/neutral/east2.wav,boston2,neutral,0
speech/sim/boston2/neutral/eight1.wav,boston2,neutral,0
speech/sim/boston2/neutral/eight2.wav,boston2,neutral,0
speech/sim/boston2/neutral/eighty1.wav,boston2,neutral,0
speech/sim/boston2/neutral/eighty2.wav,boston2,neutral,0
speech/sim/boston2/neutral/enter1.wav,boston2,neutral,0
speech/sim/boston2/neutral/enter2.wav,boston2,neutral,0
speech/sim/boston2/neutral/fifty1.wav,boston2,neutral,0
speech/sim/boston2/neutral/fifty2.wav,boston2,neutral,0
speech/sim/boston2/neutral/fix1.wav,boston2,neutral,0
speech/sim/boston2/neutral/fix2.wav,boston2,neutral,0
speech/sim/boston2/neutral/freeze1.wav,boston2,neutral,0
speech/sim/boston2/neutral/freeze2.wav,boston2,neutral,0
speech/sim/boston2/neutral/gain1.wav,boston2,neutral,0
speech/sim/boston2/neutral/gain2.wav,boston2,neutral,0
speech/sim/boston2/neutral/go1.wav,boston2,neutral,0
speech/sim/boston2/neutral/go2.wav,boston2,neutral,0
speech/sim/boston2/neutral/hello1.wav,boston2,neutral,0
speech/sim/boston2/neutral/hello2.wav,boston2,neutral,0
speech/sim/boston2/neutral/help1.wav,boston2,neutral,0
speech/sim/boston2/neutral/help2.wav,boston2,neutral,0
speech/sim/boston2/neutral/histog1.wav,boston2,neutral,0
speech/sim/boston2/neutral/histog2.wav,boston2,neutral,0
speech/sim/boston2/neutral/hot1.wav,boston2,neutral,0
speech/sim/boston2/neutral/hot2.wav,boston2,neutral,0
speech/sim/boston2/neutral/mark1.wav,boston2,neutral,0
speech/sim/boston2/neutral/mark2.wav,boston2,neutral,0
speech/sim/boston2/neutral/nav1.wav,boston2,neutral,0
speech/sim/boston2/neutral/nav2.wav,boston2,neutral,0
speech/sim/boston2/neutral/no1.wav,boston2,neutral,0
speech/sim/boston2/neutral/no2.wav,boston2,neutral,0
speech/sim/boston2/neutral/oh1.wav,boston2,neutral,0
speech/sim/boston2/neutral/oh2.wav,boston2,neutral,0
speech/sim/boston2/neutral/on1.wav,boston2,neutral,0
speech/sim/boston2/neutral/on2.wav,boston2,neutral,0
speech/sim/boston2/neutral/out1.wav,boston2,neutral,0
speech/sim/boston2/neutral/out2.wav,boston2,neutral,0
speech/sim/boston2/neutral/point1.wav,boston2,neutral,0
speech/sim/boston2/neutral/point2.wav,boston2,neutral,0
speech/sim/boston2/neutral/six1.wav,boston2,neutral,0
speech/sim/boston2/neutral/six2.wav,boston2,neutral,0
speech/sim/boston2/neutral/south1.wav,boston2,neutral,0
speech/sim/boston2/neutral/south2.wav,boston2,neutral,0
speech/sim/boston2/neutral/stand1.wav,boston2,neutral,0
speech/sim/boston2/neutral/stand2.wav,boston2,neutral,0
speech/sim/boston2/neutral/steer1.wav,boston2,neutral,0
speech/sim/boston2/neutral/steer2.wav,boston2,neutral,0
speech/sim/boston2/neutral/strafe1.wav,boston2,neutral,0
speech/sim/boston2/neutral/strafe2.wav,boston2,neutral,0
speech/sim/boston2/neutral/ten1.wav,boston2,neutral,0
speech/sim/boston2/neutral/ten2.wav,boston2,neutral,0
speech/sim/boston2/neutral/thirty1.wav,boston2,neutral,0
speech/sim/boston2/neutral/thirty2.wav,boston2,neutral,0
speech/sim/boston2/neutral/three1.wav,boston2,neutral,0
speech/sim/boston2/neutral/three2.wav,boston2,neutral,0
speech/sim/boston2/neutral/white1.wav,boston2,neutral,0
speech/sim/boston2/neutral/white2.wav,boston2,neutral,0
speech/sim/boston2/neutral/wide1.wav,boston2,neutral,0
speech/sim/boston2/neutral/wide2.wav,boston2,neutral,0
speech/sim/boston2/neutral/zero1.wav,boston2,neutral,0
speech/sim/boston2/neutral/zero2.wav,boston2,neutral,0
speech/sim/boston2/question/break1.wav,boston2,question,0
speech/sim/boston2/question/break2.wav,boston2,question,0
speech/sim/boston2/question/change1.wav,boston2,question,0
speech/sim/boston2/question/change2.wav,boston2,question,0
speech/sim/boston2/question/degree1.wav,boston2,question,0
speech/sim/boston2/question/degree2.wav,boston2,question,0
speech/sim/boston2/question/destin1.wav,boston2,question,0
speech/sim/boston2/question/destin2.wav,boston2,question,0
speech/sim/boston2/question/east1.wav,boston2,question,0
speech/sim/boston2/question/east2.wav,boston2,question,0
speech/sim/boston2/question/eight1.wav,boston2,question,0
speech/sim/boston2/question/eight2.wav,boston2,question,0
speech/sim/boston2/question/eighty1.wav,boston2,question,0
speech/sim/boston2/question/eighty2.wav,boston2,question,0
speech/sim/boston2/question/enter1.wav,boston2,question,0
speech/sim/boston2/question/enter2.wav,boston2,question,0
speech/sim/boston2/question/fifty1.wav,boston2,question,0
speech/sim/boston2/question/fifty2.wav,boston2,question,0
speech/sim/boston2/question/fix1.wav,boston2,question,0
speech/sim/boston2/question/fix2.wav,boston2,question,0
speech/sim/boston2/question/freeze1.wav,boston2,question,0
speech/sim/boston2/question/freeze2.wav,boston2,question,0
speech/sim/boston2/question/gain1.wav,boston2,question,0
speech/sim/boston2/question/gain2.wav,boston2,question,0
speech/sim/boston2/question/go1.wav,boston2,question,0
speech/sim/boston2/question/go2.wav,boston2,question,0
speech/sim/boston2/question/hello1.wav,boston2,question,0
speech/sim/boston2/question/hello2.wav,boston2,question,0
speech/sim/boston2/question/help1.wav,boston2,question,0
speech/sim/boston2/question/help2.wav,boston2,question,0
speech/sim/boston2/question/histog1.wav,boston2,question,0
speech/sim/boston2/question/histog2.wav,boston2,question,0
speech/sim/boston2/question/hot1.wav,boston2,question,0
speech/sim/boston2/question/hot2.wav,boston2,question,0
speech/sim/boston2/question/mark1.wav,boston2,question,0
speech/sim/boston2/question/mark2.wav,boston2,question,0
speech/sim/boston2/question/nav1.wav,boston2,question,0
speech/sim/boston2/question/nav2.wav,boston2,question,0
speech/sim/boston2/question/no1.wav,boston2,question,0
speech/sim/boston2/question/no2.wav,boston2,question,0
speech/sim/boston2/question/oh1.wav,boston2,question,0
speech/sim/boston2/question/oh2.wav,boston2,question,0
speech/sim/boston2/question/on1.wav,boston2,question,0
speech/sim/boston2/question/on2.wav,boston2,question,0
speech/sim/boston2/question/out1.wav,boston2,question,0
speech/sim/boston2/question/out2.wav,boston2,question,0
speech/sim/boston2/question/point1.wav,boston2,question,0
speech/sim/boston2/question/point2.wav,boston2,question,0
speech/sim/boston2/question/six1.wav,boston2,question,0
speech/sim/boston2/question/six2.wav,boston2,question,0
speech/sim/boston2/question/south1.wav,boston2,question,0
speech/sim/boston2/question/south2.wav,boston2,question,0
speech/sim/boston2/question/stand1.wav,boston2,question,0
speech/sim/boston2/question/stand2.wav,boston2,question,0
speech/sim/boston2/question/steer1.wav,boston2,question,0
speech/sim/boston2/question/steer2.wav,boston2,question,0
speech/sim/boston2/question/strafe1.wav,boston2,question,0
speech/sim/boston2/question/strafe2.wav,boston2,question,0
speech/sim/boston2/question/ten1.wav,boston2,question,0
speech/sim/boston2/question/ten2.wav,boston2,question,0
speech/sim/boston2/question/thirty1.wav,boston2,question,0
speech/sim/boston2/question/thirty2.wav,boston2,question,0
speech/sim/boston2/question/three1.wav,boston2,question,0
speech/sim/boston2/question/three2.wav,boston2,question,0
speech/sim/boston2/question/white1.wav,boston2,question,0
speech/sim/boston2/question/white2.wav,boston2,question,0
speech/sim/boston2/question/wide1.wav,boston2,question,0
speech/sim/boston2/question/wide2.wav,boston2,question,0
speech/sim/boston2/question/zero1.wav,boston2,question,0
speech/sim/boston2/question/zero2.wav,boston2,question,0
speech/sim/boston2/slow/break1.wav,boston2,slow,0
speech/sim/boston2/slow/break2.wav,boston2,slow,0
speech/sim/boston2/slow/change1.wav,boston2,slow,0
speech/sim/boston2/slow/change2.wav,boston2,slow,0
speech/sim/boston2/slow/degree1.wav,boston2,slow,0
speech/sim/boston2/slow/degree2.wav,boston2,slow,0
speech/sim/boston2/slow/destin1.wav,boston2,slow,0
speech/sim/boston2/slow/destin2.wav,boston2,slow,0
speech/sim/boston2/slow/east1.wav,boston2,slow,0
speech/sim/boston2/slow/east2.wav,boston2,slow,0
speech/sim/boston2/slow/eight1.wav,boston2,slow,0
speech/sim/boston2/slow/eight2.wav,boston2,slow,0
speech/sim/boston2/slow/eighty1.wav,boston2,slow,0
speech/sim/boston2/slow/eighty2.wav,boston2,slow,0
speech/sim/boston2/slow/enter1.wav,boston2,slow,0
speech/sim/boston2/slow/enter2.wav,boston2,slow,0
speech/sim/boston2/slow/fifty1.wav,boston2,slow,0
speech/sim/boston2/slow/fifty2.wav,boston2,slow,0
speech/sim/boston2/slow/fix1.wav,boston2,slow,0
speech/sim/boston2/slow/fix2.wav,boston2,slow,0
speech/sim/boston2/slow/freeze1.wav,boston2,slow,0
speech/sim/boston2/slow/freeze2.wav,boston2,slow,0
speech/sim/boston2/slow/gain1.wav,boston2,slow,0
speech/sim/boston2/slow/gain2.wav,boston2,slow,0
speech/sim/boston2/slow/go1.wav,boston2,slow,0
speech/sim/boston2/slow/go2.wav,boston2,slow,0
speech/sim/boston2/slow/hello1.wav,boston2,slow,0
speech/sim/boston2/slow/hello2.wav,boston2,slow,0
speech/sim/boston2/slow/help1.wav,boston2,slow,0
speech/sim/boston2/slow/help2.wav,boston2,slow,0
speech/sim/boston2/slow/histog1.wav,boston2,slow,0
speech/sim/boston2/slow/histog2.wav,boston2,slow,0
speech/sim/boston2/slow/hot1.wav,boston2,slow,0
speech/sim/boston2/slow/hot2.wav,boston2,slow,0
speech/sim/boston2/slow/mark1.wav,boston2,slow,0
speech/sim/boston2/slow/mark2.wav,boston2,slow,0
speech/sim/boston2/slow/nav1.wav,boston2,slow,0
speech/sim/boston2/slow/nav2.wav,boston2,slow,0
speech/sim/boston2/slow/no1.wav,boston2,slow,0
speech/sim/boston2/slow/no2.wav,boston2,slow,0
speech/sim/boston2/slow/oh1.wav,boston2,slow,0
speech/sim/boston2/slow/oh2.wav,boston2,slow,0
speech/sim/boston2/slow/on1.wav,boston2,slow,0
speech/sim/boston2/slow/on2.wav,boston2,slow,0
speech/sim/boston2/slow/out1.wav,boston2,slow,0
speech/sim/boston2/slow/out2.wav,boston2,slow,0
speech/sim/boston2/slow/point1.wav,boston2,slow,0
speech/sim/boston2/slow/point2.wav,boston2,slow,0
speech/sim/boston2/slow/six1.wav,boston2,slow,0
speech/sim/boston2/slow/six2.wav,boston2,slow,0
speech/sim/boston2/slow/south1.wav,boston2,slow,0
speech/sim/boston2/slow/south2.wav,boston2,slow,0
speech/sim/boston2/slow/stand1.wav,boston2,slow,0
speech/sim/boston2/slow/stand2.wav,boston2,slow,0
speech/sim/boston2/slow/steer1.wav,boston2,slow,0
speech/sim/boston2/slow/steer2.wav,boston2,slow,0
speech/sim/boston2/slow/strafe1.wav,boston2,slow,0
speech/sim/boston2/slow/strafe2.wav,boston2,slow,0
speech/sim/boston2/slow/ten1.wav,boston2,slow,0
speech/sim/boston2/slow/ten2.wav,boston2,slow,0
speech/sim/boston2/slow/thirty1.wav,boston2,slow,0
speech/sim/boston2/slow/thirty2.wav,boston2,slow,0
speech/sim/boston2/slow/three1.wav,boston2,slow,0
speech/sim/boston2/slow/three2.wav,boston2,slow,0
speech/sim/boston2/slow/white1.wav,boston2,slow,0
speech/sim/boston2/slow/white2.wav,boston2,slow,0
speech/sim/boston2/slow/wide1.wav,boston2,slow,0
speech/sim/boston2/slow/wide2.wav,boston2,slow,0
speech/sim/boston2/slow/zero1.wav,boston2,slow,0
speech/sim/boston2/slow/zero2.wav,boston2,slow,0
speech/sim/boston2/soft/break1.wav,boston2,soft,0
speech/sim/boston2/soft/break2.wav,boston2,soft,0
speech/sim/boston2/soft/change1.wav,boston2,soft,0
speech/sim/boston2/soft/change2.wav,boston2,soft,0
speech/sim/boston2/soft/degree1.wav,boston2,soft,0
speech/sim/boston2/soft/degree2.wav,boston2,soft,0
speech/sim/boston2/soft/destin1.wav,boston2,soft,0
speech/sim/boston2/soft/destin2.wav,boston2,soft,0
speech/sim/boston2/soft/east1.wav,boston2,soft,0
speech/sim/boston2/soft/east2.wav,boston2,soft,0
speech/sim/boston2/soft/eight1.wav,boston2,soft,0
speech/sim/boston2/soft/eight2.wav,boston2,soft,0
speech/sim/boston2/soft/eighty1.wav,boston2,soft,0
speech/sim/boston2/soft/eighty2.wav,boston2,soft,0
speech/sim/boston2/soft/enter1.wav,boston2,soft,0
speech/sim/boston2/soft/enter2.wav,boston2,soft,0
speech/sim/boston2/soft/fifty1.wav,boston2,soft,0
speech/sim/boston2/soft/fifty2.wav,boston2,soft,0
speech/sim/boston2/soft/fix1.wav,boston2,soft,0
speech/sim/boston2/soft/fix2.wav,boston2,soft,0
speech/sim/boston2/soft/freeze1.wav,boston2,soft,0
speech/sim/boston2/soft/freeze2.wav,boston2,soft,0
speech/sim/boston2/soft/gain1.wav,boston2,soft,0
speech/sim/boston2/soft/gain2.wav,boston2,soft,0
speech/sim/boston2/soft/go1.wav,boston2,soft,0
speech/sim/boston2/soft/go2.wav,boston2,soft,0
speech/sim/boston2/soft/hello1.wav,boston2,soft,0
speech/sim/boston2/soft/hello2.wav,boston2,soft,0
speech/sim/boston2/soft/help1.wav,boston2,soft,0
speech/sim/boston2/soft/help2.wav,boston2,soft,0
speech/sim/boston2/soft/histog1.wav,boston2,soft,0
speech/sim/boston2/soft/histog2.wav,boston2,soft,0
speech/sim/boston2/soft/hot1.wav,boston2,soft,0
speech/sim/boston2/soft/hot2.wav,boston2,soft,0
speech/sim/boston2/soft/mark1.wav,boston2,soft,0
speech/sim/boston2/soft/mark2.wav,boston2,soft,0
speech/sim/boston2/soft/nav1.wav,boston2,soft,0
speech/sim/boston2/soft/nav2.wav,boston2,soft,0
speech/sim/boston2/soft/no1.wav,boston2,soft,0
speech/sim/boston2/soft/no2.wav,boston2,soft,0
speech/sim/boston2/soft/oh1.wav,boston2,soft,0
speech/sim/boston2/soft/oh2.wav,boston2,soft,0
speech/sim/boston2/soft/on1.wav,boston2,soft,0
speech/sim/boston2/soft/on2.wav,boston2,soft,0
speech/sim/boston2/soft/out1.wav,boston2,soft,0
speech/sim/boston2/soft/out2.wav,boston2,soft,0
speech/sim/boston2/soft/point1.wav,boston2,soft,0
speech/sim/boston2/soft/point2.wav,boston2,soft,0
speech/sim/boston2/soft/six1.wav,boston2,soft,0
speech/sim/boston2/soft/six2.wav,boston2,soft,0
speech/sim/boston2/soft/south1.wav,boston2,soft,0
speech/sim/boston2/soft/south2.wav,boston2,soft,0
speech/sim/boston2/soft/stand1.wav,boston2,soft,0
speech/sim/boston2/soft/stand2.wav,boston2,soft,0
speech/sim/boston2/soft/steer1.wav,boston2,soft,0
speech/sim/boston2/soft/steer2.wav,boston2,soft,0
speech/sim/boston2/soft/strafe1.wav,boston2,soft,0
speech/sim/boston2/soft/strafe2.wav,boston2,soft,0
speech/sim/boston2/soft/ten1.wav,boston2,soft,0
speech/sim/boston2/soft/ten2.wav,boston2,soft,0
speech/sim/boston2/soft/thirty1.wav,boston2,soft,0
speech/sim/boston2/soft/thirty2.wav,boston2,soft,0
speech/sim/boston2/soft/three1.wav,boston2,soft,0
speech/sim/boston2/soft/three2.wav,boston2,soft,0
speech/sim/boston2/soft/white1.wav,boston2,soft,0
speech/sim/boston2/soft/white2.wav,boston2,soft,0
speech/sim/boston2/soft/wide1.wav,boston2,soft,0
speech/sim/boston2/soft/wide2.wav,boston2,soft,0
speech/sim/boston2/soft/zero1.wav,boston2,soft,0
speech/sim/boston2/soft/zero2.wav,boston2,soft,0
speech/sim/boston2/train/break1.wav,boston2,train,0
speech/sim/boston2/train/break10.wav,boston2,train,0
speech/sim/boston2/train/break11.wav,boston2,train,0
speech/sim/boston2/train/break12.wav,boston2,train,0
speech/sim/boston2/train/break2.wav,boston2,train,0
speech/sim/boston2/train/break3.wav,boston2,train,0
speech/sim/boston2/train/break4.wav,boston2,train,0
speech/sim/boston2/train/break5.wav,boston2,train,0
speech/sim/boston2/train/break6.wav,boston2,train,0
speech/sim/boston2/train/break7.wav,boston2,train,0
speech/sim/boston2/train/break8.wav,boston2,train,0
speech/sim/boston2/train/break9.wav,boston2,train,0
speech/sim/boston2/train/change1.wav,boston2,train,0
speech/sim/boston2/train/change10.wav,boston2,train,0
speech/sim/boston2/train/change11.wav,boston2,train,0
speech/sim/boston2/train/change12.wav,boston2,train,0
speech/sim/boston2/train/change2.wav,boston2,train,0
speech/sim/boston2/train/change3.wav,boston2,train,0
speech/sim/boston2/train/change4.wav,boston2,train,0
speech/sim/boston2/train/change5.wav,boston2,train,0
speech/sim/boston2/train/change6.wav,boston2,train,0
speech/sim/boston2/train/change7.wav,boston2,train,0
speech/sim/boston2/train/change8.wav,boston2,train,0
speech/sim/boston2/train/change9.wav,boston2,train,0
speech/sim/boston2/train/degree1.wav,boston2,train,0
speech/sim/boston2/train/degree10.wav,boston2,train,0
speech/sim/boston2/train/degree11.wav,boston2,train,0
speech/sim/boston2/train/degree12.wav,boston2,train,0
speech/sim/boston2/train/degree2.wav,boston2,train,0
speech/sim/boston2/train/degree3.wav,boston2,train,0
speech/sim/boston2/train/degree4.wav,boston2,train,0
speech/sim/boston2/train/degree5.wav,boston2,train,0
speech/sim/boston2/train/degree6.wav,boston2,train,0
speech/sim/boston2/train/degree7.wav,boston2,train,0
speech/sim/boston2/train/degree8.wav,boston2,train,0
speech/sim/boston2/train/degree9.wav,boston2,train,0
speech/sim/boston2/train/destin1.wav,boston2,train,0
speech/sim/boston2/train/destin10.wav,boston2,train,0
speech/sim/boston2/train/destin11.wav,boston2,train,0
speech/sim/boston2/train/destin12.wav,boston2,train,0
speech/sim/boston2/train/destin2.wav,boston2,train,0
speech/sim/boston2/train/destin3.wav,boston2,train,0
speech/sim/boston2/train/destin4.wav,boston2,train,0
speech/sim/boston2/train/destin5.wav,boston2,train,0
speech/sim/boston2/train/destin6.wav,boston2,train,0
speech/sim/boston2/train/destin7.wav,boston2,train,0
speech/sim/boston2/train/destin8.wav,boston2,train,0
speech/sim/boston2/train/destin9.wav,boston2,train,0
speech/sim/boston2/train/east1.wav,boston2,train,0
speech/sim/boston2/train/east10.wav,boston2,train,0
speech/sim/boston2/train/east11.wav,boston2,train,0
speech/sim/boston2/train/east12.wav,boston2,train,0
speech/sim/boston2/train/east2.wav,boston2,train,0
speech/sim/boston2/train/east3.wav,boston2,train,0
speech/sim/boston2/train/east4.wav,boston2,train,0
speech/sim/boston2/train/east5.wav,boston2,train,0
speech/sim/boston2/train/east6.wav,boston2,train,0
speech/sim/boston2/train/east7.wav,boston2,train,0
speech/sim/boston2/train/east8.wav,boston2,train,0
speech/sim/boston2/train/east9.wav,boston2,train,0
speech/sim/boston2/train/eight1.wav,boston2,train,0
speech/sim/boston2/train/eight10.wav,boston2,train,0
speech/sim/boston2/train/eight11.wav,boston2,train,0
speech/sim/boston2/train/eight12.wav,boston2,train,0
speech/sim/boston2/train/eight2.wav,boston2,train,0
speech/sim/boston2/train/eight3.wav,boston2,train,0
speech/sim/boston2/train/eight4.wav,boston2,train,0
speech/sim/boston2/train/eight5.wav,boston2,train,0
speech/sim/boston2/train/eight6.wav,boston2,train,0
speech/sim/boston2/train/eight7.wav,boston2,train,0
speech/sim/boston2/train/eight8.wav,boston2,train,0
speech/sim/boston2/train/eight9.wav,boston2,train,0
speech/sim/boston2/train/eighty1.wav,boston2,train,0
speech/sim/boston2/train/eighty10.wav,boston2,train,0
speech/sim/boston2/train/eighty11.wav,boston2,train,0
speech/sim/boston2/train/eighty12.wav,boston2,train,0
speech/sim/boston2/train/eighty2.wav,boston2,train,0
speech/sim/boston2/train/eighty3.wav,boston2,train,0
speech/sim/boston2/train/eighty4.wav,boston2,train,0
speech/sim/boston2/train/eighty5.wav,boston2,train,0
speech/sim/boston2/train/eighty6.wav,boston2,train,0
speech/sim/boston2/train/eighty7.wav,boston2,train,0
speech/sim/boston2/train/eighty8.wav,boston2,train,0
speech/sim/boston2/train/eighty9.wav,boston2,train,0
speech/sim/boston2/train/enter1.wav,boston2,train,0
speech/sim/boston2/train/enter10.wav,boston2,train,0
speech/sim/boston2/train/enter11.wav,boston2,train,0
speech/sim/boston2/train/enter12.wav,boston2,train,0
speech/sim/boston2/train/enter2.wav,boston2,train,0
speech/sim/boston2/train/enter3.wav,boston2,train,0
speech/sim/boston2/train/enter4.wav,boston2,train,0
speech/sim/boston2/train/enter5.wav,boston2,train,0
speech/sim/boston2/train/enter6.wav,boston2,train,0
speech/sim/boston2/train/enter7.wav,boston2,train,0
speech/sim/boston2/train/enter8.wav,boston2,train,0
speech/sim/boston2/train/enter9.wav,boston2,train,0
speech/sim/boston2/train/fifty1.wav,boston2,train,0
speech/sim/boston2/train/fifty10.wav,boston2,train,0
speech/sim/boston2/train/fifty11.wav,boston2,train,0
speech/sim/boston2/train/fifty12.wav,boston2,train,0
speech/sim/boston2/train/fifty2.wav,boston2,train,0
speech/sim/boston2/train/fifty3.wav,boston2,train,0
speech/sim/boston2/train/fifty4.wav,boston2,train,0
speech/sim/boston2/train/fifty5.wav,boston2,train,0
speech/sim/boston2/train/fifty6.wav,boston2,train,0
speech/sim/boston2/train/fifty7.wav,boston2,train,0
speech/sim/boston2/train/fifty8.wav,boston2,train,0
speech/sim/boston2/train/fifty9.wav,boston2,train,0
speech/sim/boston2/train/fix1.wav,boston2,train,0
speech/sim/boston2/train/fix10.wav,boston2,train,0
speech/sim/boston2/train/fix11.wav,boston2,train,0
speech/sim/boston2/train/fix12.wav,boston2,train,0
speech/sim/boston2/train/fix2.wav,boston2,train,0
speech/sim/boston2/train/fix3.wav,boston2,train,0
speech/sim/boston2/train/fix4.wav,boston2,train,0
speech/sim/boston2/train/fix5.wav,boston2,train,0
speech/sim/boston2/train/fix6.wav,boston2,train,0
speech/sim/boston2/train/fix7.wav,boston2,train,0
speech/sim/boston2/train/fix8.wav,boston2,train,0
speech/sim/boston2/train/fix9.wav,boston2,train,0
speech/sim/boston2/train/freeze1.wav,boston2,train,0
speech/sim/boston2/train/freeze10.wav,boston2,train,0
speech/sim/boston2/train/freeze11.wav,boston2,train,0
speech/sim/boston2/train/freeze12.wav,boston2,train,0
speech/sim/boston2/train/freeze2.wav,boston2,train,0
speech/sim/boston2/train/freeze3.wav,boston2,train,0
speech/sim/boston2/train/freeze4.wav,boston2,train,0
speech/sim/boston2/train/freeze5.wav,boston2,train,0
speech/sim/boston2/train/freeze6.wav,boston2,train,0
speech/sim/boston2/train/freeze7.wav,boston2,train,0
speech/sim/boston2/train/freeze8.wav,boston2,train,0
speech/sim/boston2/train/freeze9.wav,boston2,train,0
speech/sim/boston2/train/gain1.wav,boston2,train,0
speech/sim/boston2/train/gain10.wav,boston2,train,0
speech/sim/boston2/train/gain11.wav,boston2,train,0
speech/sim/boston2/train/gain12.wav,boston2,train,0
speech/sim/boston2/train/gain2.wav,boston2,train,0
speech/sim/boston2/train/gain3.wav,boston2,train,0
speech/sim/boston2/train/gain4.wav,boston2,train,0
speech/sim/boston2/train/gain5.wav,boston2,train,0
speech/sim/boston2/train/gain6.wav,boston2,train,0
speech/sim/boston2/train/gain7.wav,boston2,train,0
speech/sim/boston2/train/gain8.wav,boston2,train,0
speech/sim/boston2/train/gain9.wav,boston2,train,0
speech/sim/boston2/train/go1.wav,boston2,train,0
speech/sim/boston2/train/go10.wav,boston2,train,0
speech/sim/boston2/train/go11.wav,boston2,train,0
speech/sim/boston2/train/go12.wav,boston2,train,0
speech/sim/boston2/train/go2.wav,boston2,train,0
speech/sim/boston2/train/go3.wav,boston2,train,0
speech/sim/boston2/train/go4.wav,boston2,train,0
speech/sim/boston2/train/go5.wav,boston2,train,0
speech/sim/boston2/train/go6.wav,boston2,train,0
speech/sim/boston2/train/go7.wav,boston2,train,0
speech/sim/boston2/train/go8.wav,boston2,train,0
speech/sim/boston2/train/go9.wav,boston2,train,0
speech/sim/boston2/train/hello1.wav,boston2,train,0
speech/sim/boston2/train/hello10.wav,boston2,train,0
speech/sim/boston2/train/hello11.wav,boston2,train,0
speech/sim/boston2/train/hello12.wav,boston2,train,0
speech/sim/boston2/train/hello2.wav,boston2,train,0
speech/sim/boston2/train/hello3.wav,boston2,train,0
speech/sim/boston2/train/hello4.wav,boston2,train,0
speech/sim/boston2/train/hello5.wav,boston2,train,0
speech/sim/boston2/train/hello6.wav,boston2,train,0
speech/sim/boston2/train/hello7.wav,boston2,train,0
speech/sim/boston2/train/hello8.wav,boston2,train,0
speech/sim/boston2/train/hello9.wav,boston2,train,0
speech/sim/boston2/train/help1.wav,boston2,train,0
speech/sim/boston2/train/help10.wav,boston2,train,0
speech/sim/boston2/train/help11.wav,boston2,train,0
speech/sim/boston2/train/help12.wav,boston2,train,0
speech/sim/boston2/train/help2.wav,boston2,train,0
speech/sim/boston2/train/help3.wav,boston2,train,0
speech/sim/boston2/train/help4.wav,boston2,train,0
speech/sim/boston2/train/help5.wav,boston2,train,0
speech/sim/boston2/train/help6.wav,boston2,train,0
speech/sim/boston2/train/help7.wav,boston2,train,0
speech/sim/boston2/train/help8.wav,boston2,train,0
speech/sim/boston2/train/help9.wav,boston2,train,0
speech/sim/boston2/train/histog1.wav,boston2,train,0
speech/sim/boston2/train/histog10.wav,boston2,train,0
speech/sim/boston2/train/histog11.wav,boston2,train,0
speech/sim/boston2/train/histog12.wav,boston2,train,0
speech/sim/boston2/train/histog2.wav,boston2,train,0
speech/sim/boston2/train/histog3.wav,boston2,train,0
speech/sim/boston2/train/histog4.wav,boston2,train,0
speech/sim/boston2/train/histog5.wav,boston2,train,0
speech/sim/boston2/train/histog6.wav,boston2,train,0
speech/sim/boston2/train/histog7.wav,boston2,train,0
speech/sim/boston2/train/histog8.wav,boston2,train,0
speech/sim/boston2/train/histog9.wav,boston2,train,0
speech/sim/boston2/train/hot1.wav,boston2,train,0
speech/sim/boston2/train/hot10.wav,boston2,train,0
speech/sim/boston2/train/hot11.wav,boston2,train,0
speech/sim/boston2/train/hot12.wav,boston2,train,0
speech/sim/boston2/train/hot2.wav,boston2,train,0
speech/sim/boston2/train/hot3.wav,boston2,train,0
speech/sim/boston2/train/hot4.wav,boston2,train,0
speech/sim/boston2/train/hot5.wav,boston2,train,0
speech/sim/boston2/train/hot6.wav,boston2,train,0
speech/sim/boston2/train/hot7.wav,boston2,train,0
speech/sim/boston2/train/hot8.wav,boston2,train,0
speech/sim/boston2/train/hot9.wav,boston2,train,0
speech/sim/boston2/train/mark1.wav,boston2,train,0
speech/sim/boston2/train/mark10.wav,boston2,train,0
speech/sim/boston2/train/mark11.wav,boston2,train,0
speech/sim/boston2/train/mark12.wav,boston2,train,0
speech/sim/boston2/train/mark2.wav,boston2,train,0
speech/sim/boston2/train/mark3.wav,boston2,train,0
speech/sim/boston2/train/mark4.wav,boston2,train,0
speech/sim/boston2/train/mark5.wav,boston2,train,0
speech/sim/boston2/train/mark6.wav,boston2,train,0
speech/sim/boston2/train/mark7.wav,boston2,train,0
speech/sim/boston2/train/mark8.wav,boston2,train,0
speech/sim/boston2/train/mark9.wav,boston2,train,0
speech/sim/boston2/train/nav1.wav,boston2,train,0
speech/sim/boston2/train/nav10.wav,boston2,train,0
speech/sim/boston2/train/nav11.wav,boston2,train,0
speech/sim/boston2/train/nav12.wav,boston2,train,0
speech/sim/boston2/train/nav2.wav,boston2,train,0
speech/sim/boston2/train/nav3.wav,boston2,train,0
speech/sim/boston2/train/nav4.wav,boston2,train,0
speech/sim/boston2/train/nav5.wav,boston2,train,0
speech/sim/boston2/train/nav6.wav,boston2,train,0
speech/sim/boston2/train/nav7.wav,boston2,train,0
speech/sim/boston2/train/nav8.wav,boston2,train,0
speech/sim/boston2/train/nav9.wav,boston2,train,0
speech/sim/boston2/train/no1.wav,boston2,train,0
speech/sim/boston2/train/no10.wav,boston2,train,0
speech/sim/boston2/train/no11.wav,boston2,train,0
speech/sim/boston2/train/no12.wav,boston2,train,0
speech/sim/boston2/train/no2.wav,boston2,train,0
speech/sim/boston2/train/no3.wav,boston2,train,0
speech/sim/boston2/train/no4.wav,boston2,train,0
speech/sim/boston2/train/no5.wav,boston2,train,0
speech/sim/boston2/train/no6.wav,boston2,train,0
speech/sim/boston2/train/no7.wav,boston2,train,0
speech/sim/boston2/train/no8.wav,boston2,train,0
speech/sim/boston2/train/no9.wav,boston2,train,0
speech/sim/boston2/train/oh1.wav,boston2,train,0
speech/sim/boston2/train/oh10.wav,boston2,train,0
speech/sim/boston2/train/oh11.wav,boston2,train,0
speech/sim/boston2/train/oh12.wav,boston2,train,0
speech/sim/boston2/train/oh2.wav,boston2,train,0
speech/sim/boston2/train/oh3.wav,boston2,train,0
speech/sim/boston2/train/oh4.wav,boston2,train,0
speech/sim/boston2/train/oh5.wav,boston2,train,0
speech/sim/boston2/train/oh6.wav,boston2,train,0
speech/sim/boston2/train/oh7.wav,boston2,train,0
speech/sim/boston2/train/oh8.wav,boston2,train,0
speech/sim/boston2/train/oh9.wav,boston2,train,0
speech/sim/boston2/train/on1.wav,boston2,train,0
speech/sim/boston2/train/on10.wav,boston2,train,0
speech/sim/boston2/train/on11.wav,boston2,train,0
speech/sim/boston2/train/on12.wav,boston2,train,0
speech/sim/boston2/train/on2.wav,boston2,train,0
speech/sim/boston2/train/on3.wav,boston2,train,0
speech/sim/boston2/train/on4.wav,boston2,train,0
speech/sim/boston2/train/on5.wav,boston2,train,0
speech/sim/boston2/train/on6.wav,boston2,train,0
speech/sim/boston2/train/on7.wav,boston2,train,0
speech/sim/boston2/train/on8.wav,boston2,train,0
speech/sim/boston2/train/on9.wav,boston2,train,0
speech/sim/boston2/train/out1.wav,boston2,train,0
speech/sim/boston2/train/out10.wav,boston2,train,0
speech/sim/boston2/train/out11.wav,boston2,train,0
speech/sim/boston2/train/out12.wav,boston2,train,0
speech/sim/boston2/train/out2.wav,boston2,train,0
speech/sim/boston2/train/out3.wav,boston2,train,0
speech/sim/boston2/train/out4.wav,boston2,train,0
speech/sim/boston2/train/out5.wav,boston2,train,0
speech/sim/boston2/train/out6.wav,boston2,train,0
speech/sim/boston2/train/out7.wav,boston2,train,0
speech/sim/boston2/train/out8.wav,boston2,train,0
speech/sim/boston2/train/out9.wav,boston2,train,0
speech/sim/boston2/train/point1.wav,boston2,train,0
speech/sim/boston2/train/point10.wav,boston2,train,0
speech/sim/boston2/train/point11.wav,boston2,train,0
speech/sim/boston2/train/point12.wav,boston2,train,0
speech/sim/boston2/train/point2.wav,boston2,train,0
speech/sim/boston2/train/point3.wav,boston2,train,0
speech/sim/boston2/train/point4.wav,boston2,train,0
speech/sim/boston2/train/point5.wav,boston2,train,0
speech/sim/boston2/train/point6.wav,boston2,train,0
speech/sim/boston2/train/point7.wav,boston2,train,0
speech/sim/boston2/train/point8.wav,boston2,train,0
speech/sim/boston2/train/point9.wav,boston2,train,0
speech/sim/boston2/train/six1.wav,boston2,train,0
speech/sim/boston2/train/six10.wav,boston2,train,0
speech/sim/boston2/train/six11.wav,boston2,train,0
speech/sim/boston2/train/six12.wav,boston2,train,0
speech/sim/boston2/train/six2.wav,boston2,train,0
speech/sim/boston2/train/six3.wav,boston2,train,0
speech/sim/boston2/train/six4.wav,boston2,train,0
speech/sim/boston2/train/six5.wav,boston2,train,0
speech/sim/boston2/train/six6.wav,boston2,train,0
speech/sim/boston2/train/six7.wav,boston2,train,0
speech/sim/boston2/train/six8.wav,boston2,train,0
speech/sim/boston2/train/six9.wav,boston2,train,0
speech/sim/boston2/train/south1.wav,boston2,train,0
speech/sim/boston2/train/south10.wav,boston2,train,0
speech/sim/boston2/train/south11.wav,boston2,train,0
speech/sim/boston2/train/south12.wav,boston2,train,0
speech/sim/boston2/train/south2.wav,boston2,train,0
speech/sim/boston2/train/south3.wav,boston2,train,0
speech/sim/boston2/train/south4.wav,boston2,train,0
speech/sim/boston2/train/south5.wav,boston2,train,0
speech/sim/boston2/train/south6.wav,boston2,train,0
speech/sim/boston2/train/south7.wav,boston2,train,0
speech/sim/boston2/train/south8.wav,boston2,train,0
speech/sim/boston2/train/south9.wav,boston2,train,0
speech/sim/boston2/train/stand1.wav,boston2,train,0
speech/sim/boston2/train/stand10.wav,boston2,train,0
speech/sim/boston2/train/stand11.wav,boston2,train,0
speech/sim/boston2/train/stand12.wav,boston2,train,0
speech/sim/boston2/train/stand2.wav,boston2,train,0
speech/sim/boston2/train/stand3.wav,boston2,train,0
speech/sim/boston2/train/stand4.wav,boston2,train,0
speech/sim/boston2/train/stand5.wav,boston2,train,0
speech/sim/boston2/train/stand6.wav,boston2,train,0
speech/sim/boston2/train/stand7.wav,boston2,train,0
speech/sim/boston2/train/stand8.wav,boston2,train,0
speech/sim/boston2/train/stand9.wav,boston2,train,0
speech/sim/boston2/train/steer1.wav,boston2,train,0
speech/sim/boston2/train/steer10.wav,boston2,train,0
speech/sim/boston2/train/steer11.wav,boston2,train,0
speech/sim/boston2/train/steer12.wav,boston2,train,0
speech/sim/boston2/train/steer2.wav,boston2,train,0
speech/sim/boston2/train/steer3.wav,boston2,train,0
speech/sim/boston2/train/steer4.wav,boston2,train,0
speech/sim/boston2/train/steer5.wav,boston2,train,0
speech/sim/boston2/train/steer6.wav,boston2,train,0
speech/sim/boston2/train/steer7.wav,boston2,train,0
speech/sim/boston2/train/steer8.wav,boston2,train,0
speech/sim/boston2/train/steer9.wav,boston2,train,0
speech/sim/boston2/train/strafe1.wav,boston2,train,0
speech/sim/boston2/train/strafe10.wav,boston2,train,0
speech/sim/boston2/train/strafe11.wav,boston2,train,0
speech/sim/boston2/train/strafe12.wav,boston2,train,0
speech/sim/boston2/train/strafe2.wav,boston2,train,0
speech/sim/boston2/train/strafe3.wav,boston2,train,0
speech/sim/boston2/train/strafe4.wav,boston2,train,0
speech/sim/boston2/train/strafe5.wav,boston2,train,0
speech/sim/boston2/train/strafe6.wav,boston2,train,0
speech/sim/boston2/train/strafe7.wav,boston2,train,0
speech/sim/boston2/train/strafe8.wav,boston2,train,0
speech/sim/boston2/train/strafe9.wav,boston2,train,0
speech/sim/boston2/train/ten1.wav,boston2,train,0
speech/sim/boston2/train/ten10.wav,boston2,train,0
speech/sim/boston2/train/ten11.wav,boston2,train,0
speech/sim/boston2/train/ten12.wav,boston2,train,0
speech/sim/boston2/train/ten2.wav,boston2,train,0
speech/sim/boston2/train/ten3.wav,boston2,train,0
speech/sim/boston2/train/ten4.wav,boston2,train,0
speech/sim/boston2/train/ten5.wav,boston2,train,0
speech/sim/boston2/train/ten6.wav,boston2,train,0
speech/sim/boston2/train/ten7.wav,boston2,train,0
speech/sim/boston2/train/ten8.wav,boston2,train,0
speech/sim/boston2/train/ten9.wav,boston2,train,0
speech/sim/boston2/train/thirty1.wav,boston2,train,0
speech/sim/boston2/train/thirty10.wav,boston2,train,0
speech/sim/boston2/train/thirty11.wav,boston2,train,0
speech/sim/boston2/train/thirty12.wav,boston2,train,0
speech/sim/boston2/train/thirty2.wav,boston2,train,0
speech/sim/boston2/train/thirty3.wav,boston2,train,0
speech/sim/boston2/train/thirty4.wav,boston2,train,0
speech/sim/boston2/train/thirty5.wav,boston2,train,0
speech/sim/boston2/train/thirty6.wav,boston2,train,0
speech/sim/boston2/train/thirty7.wav,boston2,train,0
speech/sim/boston2/train/thirty8.wav,boston2,train,0
speech/sim/boston2/train/thirty9.wav,boston2,train,0
speech/sim/boston2/train/three1.wav,boston2,train,0
speech/sim/boston2/train/three10.wav,boston2,train,0
speech/sim/boston2/train/three11.wav,boston2,train,0
speech/sim/boston2/train/three12.wav,boston2,train,0
speech/sim/boston2/train/three2.wav,boston2,train,0
speech/sim/boston2/train/three3.wav,boston2,train,0
speech/sim/boston2/train/three4.wav,boston2,train,0
speech/sim/boston2/train/three5.wav,boston2,train,0
speech/sim/boston2/train/three6.wav,boston2,train,0
speech/sim/boston2/train/three7.wav,boston2,train,0
speech/sim/boston2/train/three8.wav,boston2,train,0
speech/sim/boston2/train/three9.wav,boston2,train,0
speech/sim/boston2/train/white1.wav,boston2,train,0
speech/sim/boston2/train/white10.wav,boston2,train,0
speech/sim/boston2/train/white11.wav,boston2,train,0
speech/sim/boston2/train/white12.wav,boston2,train,0
speech/sim/boston2/train/white2.wav,boston2,train,0
speech/sim/boston2/train/white3.wav,boston2,train,0
speech/sim/boston2/train/white4.wav,boston2,train,0
speech/sim/boston2/train/white5.wav,boston2,train,0
speech/sim/boston2/train/white6.wav,boston2,train,0
speech/sim/boston2/train/white7.wav,boston2,train,0
speech/sim/boston2/train/white8.wav,boston2,train,0
speech/sim/boston2/train/white9.wav,boston2,train,0
speech/sim/boston2/train/wide1.wav,boston2,train,0
speech/sim/boston2/train/wide10.wav,boston2,train,0
speech/sim/boston2/train/wide11.wav,boston2,train,0
speech/sim/boston2/train/wide12.wav,boston2,train,0
speech/sim/boston2/train/wide2.wav,boston2,train,0
speech/sim/boston2/train/wide3.wav,boston2,train,0
speech/sim/boston2/train/wide4.wav,boston2,train,0
speech/sim/boston2/train/wide5.wav,boston2,train,0
speech/sim/boston2/train/wide6.wav,boston2,train,0
speech/sim/boston2/train/wide7.wav,boston2,train,0
speech/sim/boston2/train/wide8.wav,boston2,train,0
speech/sim/boston2/train/wide9.wav,boston2,train,0
speech/sim/boston2/train/zero1.wav,boston2,train,0
speech/sim/boston2/train/zero10.wav,boston2,train,0
speech/sim/boston2/train/zero11.wav,boston2,train,0
speech/sim/boston2/train/zero12.wav,boston2,train,0
speech/sim/boston2/train/zero2.wav,boston2,train,0
speech/sim/boston2/train/zero3.wav,boston2,train,0
speech/sim/boston2/train/zero4.wav,boston2,train,0
speech/sim/boston2/train/zero5.wav,boston2,train,0
speech/sim/boston2/train/zero6.wav,boston2,train,0
speech/sim/boston2/train/zero7.wav,boston2,train,0
speech/sim/boston2/train/zero8.wav,boston2,train,0
speech/sim/boston2/train/zero9.wav,boston2,train,0
speech/sim/boston3/angry/break1.wav,boston3,angry,2
speech/sim/boston3/angry/break2.wav,boston3,angry,2
speech/sim/boston3/angry/change1.wav,boston3,angry,2
speech/sim/boston3/angry/change2.wav,boston3,angry,2
speech/sim/boston3/angry/degree1.wav,boston3,angry,2
speech/sim/boston3/angry/degree2.wav,boston3,angry,2
speech/sim/boston3/angry/destin1.wav,boston3,angry,2
speech/sim/boston3/angry/destin2.wav,boston3,angry,2
speech/sim/boston3/angry/east1.wav,boston3,angry,2
speech/sim/boston3/angry/east2.wav,boston3,angry,2
speech/sim/boston3/angry/eight1.wav,boston3,angry,2
speech/sim/boston3/angry/eight2.wav,boston3,angry,2
speech/sim/boston3/angry/eighty1.wav,boston3,angry,2
speech/sim/boston3/angry/eighty2.wav,boston3,angry,2
speech/sim/boston3/angry/enter1.wav,boston3,angry,2
speech/sim/boston3/angry/enter2.wav,boston3,angry,2
speech/sim/boston3/angry/fifty1.wav,boston3,angry,2
speech/sim/boston3/angry/fifty2.wav,boston3,angry,2
speech/sim/boston3/angry/fix1.wav,boston3,angry,2
speech/sim/boston3/angry/fix2.wav,boston3,angry,2
speech/sim/boston3/angry/freeze1.wav,boston3,angry,2
speech/sim/boston3/angry/freeze2.wav,boston3,angry,2
speech/sim/boston3/angry/gain1.wav,boston3,angry,2
speech/sim/boston3/angry/gain2.wav,boston3,angry,2
speech/sim/boston3/angry/go1.wav,boston3,angry,2
speech/sim/boston3/angry/go2.wav,boston3,angry,2
speech/sim/boston3/angry/hello1.wav,boston3,angry,2
speech/sim/boston3/angry/hello2.wav,boston3,angry,2
speech/sim/boston3/angry/help1.wav,boston3,angry,2
speech/sim/boston3/angry/help2.wav,boston3,angry,2
speech/sim/boston3/angry/histog1.wav,boston3,angry,2
speech/sim/boston3/angry/histog2.wav,boston3,angry,2
speech/sim/boston3/angry/hot1.wav,boston3,angry,2
speech/sim/boston3/angry/hot2.wav,boston3,angry,2
speech/sim/boston3/angry/mark1.wav,boston3,angry,2
speech/sim/boston3/angry/mark2.wav,boston3,angry,2
speech/sim/boston3/angry/nav1.wav,boston3,angry,2
speech/sim/boston3/angry/nav2.wav,boston3,angry,2
speech/sim/boston3/angry/no1.wav,boston3,angry,2
speech/sim/boston3/angry/no2.wav,boston3,angry,2
speech/sim/boston3/angry/oh1.wav,boston3,angry,2
speech/sim/boston3/angry/oh2.wav,boston3,angry,2
speech/sim/boston3/angry/on1.wav,boston3,angry,2
speech/sim/boston3/angry/on2.wav,boston3,angry,2
speech/sim/boston3/angry/out1.wav,boston3,angry,2
speech/sim/boston3/angry/out2.wav,boston3,angry,2
speech/sim/boston3/angry/point1.wav,boston3,angry,2
speech/sim/boston3/angry/point2.wav,boston3,angry,2
speech/sim/boston3/angry/six1.wav,boston3,angry,2
speech/sim/boston3/angry/six2.wav,boston3,angry,2
speech/sim/boston3/angry/south1.wav,boston3,angry,2
speech/sim/boston3/angry/south2.wav,boston3,angry,2
speech/sim/boston3/angry/stand1.wav,boston3,angry,2
speech/sim/boston3/angry/stand2.wav,boston3,angry,2
speech/sim/boston3/angry/steer1.wav,boston3,angry,2
speech/sim/boston3/angry/steer2.wav,boston3,angry,2
speech/sim/boston3/angry/strafe1.wav,boston3,angry,2
speech/sim/boston3/angry/strafe2.wav,boston3,angry,2
speech/sim/boston3/angry/ten1.wav,boston3,angry,2
speech/sim/boston3/angry/ten2.wav,boston3,angry,2
speech/sim/boston3/angry/thirty1.wav,boston3,angry,2
speech/sim/boston3/angry/thirty2.wav,boston3,angry,2
speech/sim/boston3/angry/three1.wav,boston3,angry,2
speech/sim/boston3/angry/three2.wav,boston3,angry,2
speech/sim/boston3/angry/white1.wav,boston3,angry,2
speech/sim/boston3/angry/white2.wav,boston3,angry,2
speech/sim/boston3/angry/wide1.wav,boston3,angry,2
speech/sim/boston3/angry/wide2.wav,boston3,angry,2
speech/sim/boston3/angry/zero1.wav,boston3,angry,2
speech/sim/boston3/angry/zero2.wav,boston3,angry,2
speech/sim/boston3/clear/break1.wav,boston3,clear,0
speech/sim/boston3/clear/break2.wav,boston3,clear,0
speech/sim/boston3/clear/change1.wav,boston3,clear,0
speech/sim/boston3/clear/change2.wav,boston3,clear,0
speech/sim/boston3/clear/degree1.wav,boston3,clear,0
speech/sim/boston3/clear/degree2.wav,boston3,clear,0
speech/sim/boston3/clear/destin1.wav,boston3,clear,0
speech/sim/boston3/clear/destin2.wav,boston3,clear,0
speech/sim/boston3/clear/east1.wav,boston3,clear,0
speech/sim/boston3/clear/east2.wav,boston3,clear,0
speech/sim/boston3/clear/eight1.wav,boston3,clear,0
speech/sim/boston3/clear/eight2.wav,boston3,clear,0
speech/sim/boston3/clear/eighty1.wav,boston3,clear,0
speech/sim/boston3/clear/eighty2.wav,boston3,clear,0
speech/sim/boston3/clear/enter1.wav,boston3,clear,0
speech/sim/boston3/clear/enter2.wav,boston3,clear,0
speech/sim/boston3/clear/fifty1.wav,boston3,clear,0
speech/sim/boston3/clear/fifty2.wav,boston3,clear,0
speech/sim/boston3/clear/fix1.wav,boston3,clear,0
speech/sim/boston3/clear/fix2.wav,boston3,clear,0
speech/sim/boston3/clear/freeze1.wav,boston3,clear,0
speech/sim/boston3/clear/freeze2.wav,boston3,clear,0
speech/sim/boston3/clear/gain1.wav,boston3,clear,0
speech/sim/boston3/clear/gain2.wav,boston3,clear,0
speech/sim/boston3/clear/go1.wav,boston3,clear,0
speech/sim/boston3/clear/go2.wav,boston3,clear,0
speech/sim/boston3/clear/hello1.wav,boston3,clear,0
speech/sim/boston3/clear/hello2.wav,boston3,clear,0
speech/sim/boston3/clear/help1.wav,boston3,clear,0
speech/sim/boston3/clear/help2.wav,boston3,clear,0
speech/sim/boston3/clear/histog1.wav,boston3,clear,0
speech/sim/boston3/clear/histog2.wav,boston3,clear,0
speech/sim/boston3/clear/hot1.wav,boston3,clear,0
speech/sim/boston3/clear/hot2.wav,boston3,clear,0
speech/sim/boston3/clear/mark1.wav,boston3,clear,0
speech/sim/boston3/clear/mark2.wav,boston3,clear,0
speech/sim/boston3/clear/nav1.wav,boston3,clear,0
speech/sim/boston3/clear/nav2.wav,boston3,clear,0
speech/sim/boston3/clear/no1.wav,boston3,clear,0
speech/sim/boston3/clear/no2.wav,boston3,clear,0
speech/sim/boston3/clear/oh1.wav,boston3,clear,0
speech/sim/boston3/clear/oh2.wav,boston3,clear,0
speech/sim/boston3/clear/on1.wav,boston3,clear,0
speech/sim/boston3/clear/on2.wav,boston3,clear,0
speech/sim/boston3/clear/out1.wav,boston3,clear,0
speech/sim/boston3/clear/out2.wav,boston3,clear,0
speech/sim/boston3/clear/point1.wav,boston3,clear,0
speech/sim/boston3/clear/point2.wav,boston3,clear,0
speech/sim/boston3/clear/six1.wav,boston3,clear,0
speech/sim/boston3/clear/six2.wav,boston3,clear,0
speech/sim/boston3/clear/south1.wav,boston3,clear,0
speech/sim/boston3/clear/south2.wav,boston3,clear,0
speech/sim/boston3/clear/stand1.wav,boston3,clear,0
speech/sim/boston3/clear/stand2.wav,boston3,clear,0
speech/sim/boston3/clear/steer1.wav,boston3,clear,0
speech/sim/boston3/clear/steer2.wav,boston3,clear,0
speech/sim/boston3/clear/strafe1.wav,boston3,clear,0
speech/sim/boston3/clear/strafe2.wav,boston3,clear,0
speech/sim/boston3/clear/ten1.wav,boston3,clear,0
speech/sim/boston3/clear/ten2.wav,boston3,clear,0
speech/sim/boston3/clear/thirty1.wav,boston3,clear,0
speech/sim/boston3/clear/thirty2.wav,boston3,clear,0
speech/sim/boston3/clear/three1.wav,boston3,clear,0
speech/sim/boston3/clear/three2.wav,boston3,clear,0
speech/sim/boston3/clear/white1.wav,boston3,clear,0
speech/sim/boston3/clear/white2.wav,boston3,clear,0
speech/sim/boston3/clear/wide1.wav,boston3,clear,0
speech/sim/boston3/clear/wide2.wav,boston3,clear,0
speech/sim/boston3/clear/zero1.wav,boston3,clear,0
speech/sim/boston3/clear/zero2.wav,boston3,clear,0
speech/sim/boston3/cond50/break1.wav,boston3,cond50,0
speech/sim/boston3/cond50/break2.wav,boston3,cond50,0
speech/sim/boston3/cond50/change1.wav,boston3,cond50,0
speech/sim/boston3/cond50/change2.wav,boston3,cond50,0
speech/sim/boston3/cond50/degree1.wav,boston3,cond50,0
speech/sim/boston3/cond50/degree2.wav,boston3,cond50,0
speech/sim/boston3/cond50/destin1.wav,boston3,cond50,0
speech/sim/boston3/cond50/destin2.wav,boston3,cond50,0
speech/sim/boston3/cond50/east1.wav,boston3,cond50,0
speech/sim/boston3/cond50/east2.wav,boston3,cond50,0
speech/sim/boston3/cond50/eight1.wav,boston3,cond50,0
speech/sim/boston3/cond50/eight2.wav,boston3,cond50,0
speech/sim/boston3/cond50/eighty1.wav,boston3,cond50,0
speech/sim/boston3/cond50/eighty2.wav,boston3,cond50,0
speech/sim/boston3/cond50/enter1.wav,boston3,cond50,0
speech/sim/boston3/cond50/enter2.wav,boston3,cond50,0
speech/sim/boston3/cond50/fifty1.wav,boston3,cond50,0
speech/sim/boston3/cond50/fifty2.wav,boston3,cond50,0
speech/sim/boston3/cond50/fix1.wav,boston3,cond50,0
speech/sim/boston3/cond50/fix2.wav,boston3,cond50,0
speech/sim/boston3/cond50/freeze1.wav,boston3,cond50,0
speech/sim/boston3/cond50/freeze2.wav,boston3,cond50,0
speech/sim/boston3/cond50/gain1.wav,boston3,cond50,0
speech/sim/boston3/cond50/gain2.wav,boston3,cond50,0
speech/sim/boston3/cond50/go1.wav,boston3,cond50,0
speech/sim/boston3/cond50/go2.wav,boston3,cond50,0
speech/sim/boston3/cond50/hello1.wav,boston3,cond50,0
speech/sim/boston3/cond50/hello2.wav,boston3,cond50,0
speech/sim/boston3/cond50/help1.wav,boston3,cond50,0
speech/sim/boston3/cond50/help2.wav,boston3,cond50,0
speech/sim/boston3/cond50/histog1.wav,boston3,cond50,0
speech/sim/boston3/cond50/histog2.wav,boston3,cond50,0
speech/sim/boston3/cond50/hot1.wav,boston3,cond50,0
speech/sim/boston3/cond50/hot2.wav,boston3,cond50,0
speech/sim/boston3/cond50/mark1.wav,boston3,cond50,0
speech/sim/boston3/cond50/mark2.wav,boston3,cond50,0
speech/sim/boston3/cond50/nav1.wav,boston3,cond50,0
speech/sim/boston3/cond50/nav2.wav,boston3,cond50,0
speech/sim/boston3/cond50/no1.wav,boston3,cond50,0
speech/sim/boston3/cond50/no2.wav,boston3,cond50,0
speech/sim/boston3/cond50/oh1.wav,boston3,cond50,0
speech/sim/boston3/cond50/oh2.wav,boston3,cond50,0
speech/sim/boston3/cond50/on1.wav,boston3,cond50,0
speech/sim/boston3/cond50/on2.wav,boston3,cond50,0
speech/sim/boston3/cond50/out1.wav,boston3,cond50,0
speech/sim/boston3/cond50/out2.wav,boston3,cond50,0
speech/sim/boston3/cond50/point1.wav,boston3,cond50,0
speech/sim/boston3/cond50/point2.wav,boston3,cond50,0
speech/sim/boston3/cond50/six1.wav,boston3,cond50,0
speech/sim/boston3/cond50/six2.wav,boston3,cond50,0
speech/sim/boston3/cond50/south1.wav,boston3,cond50,0
speech/sim/boston3/cond50/south2.wav,boston3,cond50,0
speech/sim/boston3/cond50/stand1.wav,boston3,cond50,0
speech/sim/boston3/cond50/stand2.wav,boston3,cond50,0
speech/sim/boston3/cond50/steer1.wav,boston3,cond50,0
speech/sim/boston3/cond50/steer2.wav,boston3,cond50,0
speech/sim/boston3/cond50/strafe1.wav,boston3,cond50,0
speech/sim/boston3/cond50/strafe2.wav,boston3,cond50,0
speech/sim/boston3/cond50/ten1.wav,boston3,cond50,0
speech/sim/boston3/cond50/ten2.wav,boston3,cond50,0
speech/sim/boston3/cond50/thirty1.wav,boston3,cond50,0
speech/sim/boston3/cond50/thirty2.wav,boston3,cond50,0
speech/sim/boston3/cond50/three1.wav,boston3,cond50,0
speech/sim/boston3/cond50/three2.wav,boston3,cond50,0
speech/sim/boston3/cond50/white1.wav,boston3,cond50,0
speech/sim/boston3/cond50/white2.wav,boston3,cond50,0
speech/sim/boston3/cond50/wide1.wav,boston3,cond50,0
speech/sim/boston3/cond50/wide2.wav,boston3,cond50,0
speech/sim/boston3/cond50/zero1.wav,boston3,cond50,0
speech/sim/boston3/cond50/zero2.wav,boston3,cond50,0
speech/sim/boston3/cond70/break1.wav,boston3,cond70,1
speech/sim/boston3/cond70/break2.wav,boston3,cond70,1
speech/sim/boston3/cond70/change1.wav,boston3,cond70,1
speech/sim/boston3/cond70/change2.wav,boston3,cond70,1
speech/sim/boston3/cond70/degree1.wav,boston3,cond70,1
speech/sim/boston3/cond70/degree2.wav,boston3,cond70,1
speech/sim/boston3/cond70/destin1.wav,boston3,cond70,1
speech/sim/boston3/cond70/destin2.wav,boston3,cond70,1
speech/sim/boston3/cond70/east1.wav,boston3,cond70,1
speech/sim/boston3/cond70/east2.wav,boston3,cond70,1
speech/sim/boston3/cond70/eight1.wav,boston3,cond70,1
speech/sim/boston3/cond70/eight2.wav,boston3,cond70,1
speech/sim/boston3/cond70/eighty1.wav,boston3,cond70,1
speech/sim/boston3/cond70/eighty2.wav,boston3,cond70,1
speech/sim/boston3/cond70/enter1.wav,boston3,cond70,1
speech/sim/boston3/cond70/enter2.wav,boston3,cond70,1
speech/sim/boston3/cond70/fifty1.wav,boston3,cond70,1
speech/sim/boston3/cond70/fifty2.wav,boston3,cond70,1
speech/sim/boston3/cond70/fix1.wav,boston3,cond70,1
speech/sim/boston3/cond70/fix2.wav,boston3,cond70,1
speech/sim/boston3/cond70/freeze1.wav,boston3,cond70,1
speech/sim/boston3/cond70/freeze2.wav,boston3,cond70,1
speech/sim/boston3/cond70/gain1.wav,boston3,cond70,1
speech/sim/boston3/cond70/gain2.wav,boston3,cond70,1
speech/sim/boston3/cond70/go1.wav,boston3,cond70,1
speech/sim/boston3/cond70/go2.wav,boston3,cond70,1
speech/sim/boston3/cond70/hello1.wav,boston3,cond70,1
speech/sim/boston3/cond70/hello2.wav,boston3,cond70,1
speech/sim/boston3/cond70/help1.wav,boston3,cond70,1
speech/sim/boston3/cond70/help2.wav,boston3,cond70,1
speech/sim/boston3/cond70/histog1.wav,boston3,cond70,1
speech/sim/boston3/cond70/histog2.wav,boston3,cond70,1
speech/sim/boston3/cond70/hot1.wav,boston3,cond70,1
speech/sim/boston3/cond70/hot2.wav,boston3,cond70,1
speech/sim/boston3/cond70/mark1.wav,boston3,cond70,1
speech/sim/boston3/cond70/mark2.wav,boston3,cond70,1
speech/sim/boston3/cond70/nav1.wav,boston3,cond70,1
speech/sim/boston3/cond70/nav2.wav,boston3,cond70,1
speech/sim/boston3/cond70/no1.wav,boston3,cond70,1
speech/sim/boston3/cond70/no2.wav,boston3,cond70,1
speech/sim/boston3/cond70/oh1.wav,boston3,cond70,1
speech/sim/boston3/cond70/oh2.wav,boston3,cond70,1
speech/sim/boston3/cond70/on1.wav,boston3,cond70,1
speech/sim/boston3/cond70/on2.wav,boston3,cond70,1
speech/sim/boston3/cond70/out1.wav,boston3,cond70,1
speech/sim/boston3/cond70/out2.wav,boston3,cond70,1
speech/sim/boston3/cond70/point1.wav,boston3,cond70,1
speech/sim/boston3/cond70/point2.wav,boston3,cond70,1
speech/sim/boston3/cond70/six1.wav,boston3,cond70,1
speech/sim/boston3/cond70/six2.wav,boston3,cond70,1
speech/sim/boston3/cond70/south1.wav,boston3,cond70,1
speech/sim/boston3/cond70/south2.wav,boston3,cond70,1
speech/sim/boston3/cond70/stand1.wav,boston3,cond70,1
speech/sim/boston3/cond70/stand2.wav,boston3,cond70,1
speech/sim/boston3/cond70/steer1.wav,boston3,cond70,1
speech/sim/boston3/cond70/steer2.wav,boston3,cond70,1
speech/sim/boston3/cond70/strafe1.wav,boston3,cond70,1
speech/sim/boston3/cond70/strafe2.wav,boston3,cond70,1
speech/sim/boston3/cond70/ten1.wav,boston3,cond70,1
speech/sim/boston3/cond70/ten2.wav,boston3,cond70,1
speech/sim/boston3/cond70/thirty1.wav,boston3,cond70,1
speech/sim/boston3/cond70/thirty2.wav,boston3,cond70,1
speech/sim/boston3/cond70/three1.wav,boston3,cond70,1
speech/sim/boston3/cond70/three2.wav,boston3,cond70,1
speech/sim/boston3/cond70/white1.wav,boston3,cond70,1
speech/sim/boston3/cond70/white2.wav,boston3,cond70,1
speech/sim/boston3/cond70/wide1.wav,boston3,cond70,1
speech/sim/boston3/cond70/wide2.wav,boston3,cond70,1
speech/sim/boston3/cond70/zero1.wav,boston3,cond70,1
speech/sim/boston3/cond70/zero2.wav,boston3,cond70,1
speech/sim/boston3/fast/break1.wav,boston3,fast,0
speech/sim/boston3/fast/break2.wav,boston3,fast,0
speech/sim/boston3/fast/change1.wav,boston3,fast,0
speech/sim/boston3/fast/change2.wav,boston3,fast,0
speech/sim/boston3/fast/degree1.wav,boston3,fast,0
speech/sim/boston3/fast/degree2.wav,boston3,fast,0
speech/sim/boston3/fast/destin1.wav,boston3,fast,0
speech/sim/boston3/fast/destin2.wav,boston3,fast,0
speech/sim/boston3/fast/east1.wav,boston3,fast,0
speech/sim/boston3/fast/east2.wav,boston3,fast,0
speech/sim/boston3/fast/eight1.wav,boston3,fast,0
speech/sim/boston3/fast/eight2.wav,boston3,fast,0
speech/sim/boston3/fast/eighty1.wav,boston3,fast,0
speech/sim/boston3/fast/eighty2.wav,boston3,fast,0
speech/sim/boston3/fast/enter1.wav,boston3,fast,0
speech/sim/boston3/fast/enter2.wav,boston3,fast,0
speech/sim/boston3/fast/fifty1.wav,boston3,fast,0
speech/sim/boston3/fast/fifty2.wav,boston3,fast,0
speech/sim/boston3/fast/fix1.wav,boston3,fast,0
speech/sim/boston3/fast/fix2.wav,boston3,fast,0
speech/sim/boston3/fast/freeze1.wav,boston3,fast,0
speech/sim/boston3/fast/freeze2.wav,boston3,fast,0
speech/sim/boston3/fast/gain1.wav,boston3,fast,0
speech/sim/boston3/fast/gain2.wav,boston3,fast,0
speech/sim/boston3/fast/go1.wav,boston3,fast,0
speech/sim/boston3/fast/go2.wav,boston3,fast,0
speech/sim/boston3/fast/hello1.wav,boston3,fast,0
speech/sim/boston3/fast/hello2.wav,boston3,fast,0
speech/sim/boston3/fast/help1.wav,boston3,fast,0
speech/sim/boston3/fast/help2.wav,boston3,fast,0
speech/sim/boston3/fast/histog1.wav,boston3,fast,0
speech/sim/boston3/fast/histog2.wav,boston3,fast,0
speech/sim/boston3/fast/hot1.wav,boston3,fast,0
speech/sim/boston3/fast/hot2.wav,boston3,fast,0
speech/sim/boston3/fast/mark1.wav,boston3,fast,0
speech/sim/boston3/fast/mark2.wav,boston3,fast,0
speech/sim/boston3/fast/nav1.wav,boston3,fast,0
speech/sim/boston3/fast/nav2.wav,boston3,fast,0
speech/sim/boston3/fast/no1.wav,boston3,fast,0
speech/sim/boston3/fast/no2.wav,boston3,fast,0
speech/sim/boston3/fast/oh1.wav,boston3,fast,0
speech/sim/boston3/fast/oh2.wav,boston3,fast,0
speech/sim/boston3/fast/on1.wav,boston3,fast,0
speech/sim/boston3/fast/on2.wav,boston3,fast,0
speech/sim/boston3/fast/out1.wav,boston3,fast,0
speech/sim/boston3/fast/out2.wav,boston3,fast,0
speech/sim/boston3/fast/point1.wav,boston3,fast,0
speech/sim/boston3/fast/point2.wav,boston3,fast,0
speech/sim/boston3/fast/six1.wav,boston3,fast,0
speech/sim/boston3/fast/six2.wav,boston3,fast,0
speech/sim/boston3/fast/south1.wav,boston3,fast,0
speech/sim/boston3/fast/south2.wav,boston3,fast,0
speech/sim/boston3/fast/stand1.wav,boston3,fast,0
speech/sim/boston3/fast/stand2.wav,boston3,fast,0
speech/sim/boston3/fast/steer1.wav,boston3,fast,0
speech/sim/boston3/fast/steer2.wav,boston3,fast,0
speech/sim/boston3/fast/strafe1.wav,boston3,fast,0
speech/sim/boston3/fast/strafe2.wav,boston3,fast,0
speech/sim/boston3/fast/ten1.wav,boston3,fast,0
speech/sim/boston3/fast/ten2.wav,boston3,fast,0
speech/sim/boston3/fast/thirty1.wav,boston3,fast,0
speech/sim/boston3/fast/thirty2.wav,boston3,fast,0
speech/sim/boston3/fast/three1.wav,boston3,fast,0
speech/sim/boston3/fast/three2.wav,boston3,fast,0
speech/sim/boston3/fast/white1.wav,boston3,fast,0
speech/sim/boston3/fast/white2.wav,boston3,fast,0
speech/sim/boston3/fast/wide1.wav,boston3,fast,0
speech/sim/boston3/fast/wide2.wav,boston3,fast,0
speech/sim/boston3/fast/zero1.wav,boston3,fast,0
speech/sim/boston3/fast/zero2.wav,boston3,fast,0
speech/sim/boston3/lombard/break1.wav,boston3,lombard,1
speech/sim/boston3/lombard/break2.wav,boston3,lombard,1
speech/sim/boston3/lombard/change1.wav,boston3,lombard,1
speech/sim/boston3/lombard/change2.wav,boston3,lombard,1
speech/sim/boston3/lombard/degree1.wav,boston3,lombard,1
speech/sim/boston3/lombard/degree2.wav,boston3,lombard,1
speech/sim/boston3/lombard/destin1.wav,boston3,lombard,1
speech/sim/boston3/lombard/destin2.wav,boston3,lombard,1
speech/sim/boston3/lombard/east1.wav,boston3,lombard,1
speech/sim/boston3/lombard/east2.wav,boston3,lombard,1
speech/sim/boston3/lombard/eight1.wav,boston3,lombard,1
speech/sim/boston3/lombard/eight2.wav,boston3,lombard,1
speech/sim/boston3/lombard/eighty1.wav,boston3,lombard,1
speech/sim/boston3/lombard/eighty2.wav,boston3,lombard,1
speech/sim/boston3/lombard/enter1.wav,boston3,lombard,1
speech/sim/boston3/lombard/enter2.wav,boston3,lombard,1
speech/sim/boston3/lombard/fifty1.wav,boston3,lombard,1
speech/sim/boston3/lombard/fifty2.wav,boston3,lombard,1
speech/sim/boston3/lombard/fix1.wav,boston3,lombard,1
speech/sim/boston3/lombard/fix2.wav,boston3,lombard,1
speech/sim/boston3/lombard/freeze1.wav,boston3,lombard,1
speech/sim/boston3/lombard/freeze2.wav,boston3,lombard,1
speech/sim/boston3/lombard/gain1.wav,boston3,lombard,1
speech/sim/boston3/lombard/gain2.wav,boston3,lombard,1
speech/sim/boston3/lombard/go1.wav,boston3,lombard,1
speech/sim/boston3/lombard/go2.wav,boston3,lombard,1
speech/sim/boston3/lombard/hello1.wav,boston3,lombard,1
speech/sim/boston3/lombard/hello2.wav,boston3,lombard,1
speech/sim/boston3/lombard/help1.wav,boston3,lombard,1
speech/sim/boston3/lombard/help2.wav,boston3,lombard,1
speech/sim/boston3/lombard/histog1.wav,boston3,lombard,1
speech/sim/boston3/lombard/histog2.wav,boston3,lombard,1
speech/sim/boston3/lombard/hot1.wav,boston3,lombard,1
speech/sim/boston3/lombard/hot2.wav,boston3,lombard,1
speech/sim/boston3/lombard/mark1.wav,boston3,lombard,1
speech/sim/boston3/lombard/mark2.wav,boston3,lombard,1
speech/sim/boston3/lombard/nav1.wav,boston3,lombard,1
speech/sim/boston3/lombard/nav2.wav,boston3,lombard,1
speech/sim/boston3/lombard/no1.wav,boston3,lombard,1
speech/sim/boston3/lombard/no2.wav,boston3,lombard,1
speech/sim/boston3/lombard/oh1.wav,boston3,lombard,1
speech/sim/boston3/lombard/oh2.wav,boston3,lombard,1
speech/sim/boston3/lombard/on1.wav,boston3,lombard,1
speech/sim/boston3/lombard/on2.wav,boston3,lombard,1
speech/sim/boston3/lombard/out1.wav,boston3,lombard,1
speech/sim/boston3/lombard/out2.wav,boston3,lombard,1
speech/sim/boston3/lombard/point1.wav,boston3,lombard,1
speech/sim/boston3/lombard/point2.wav,boston3,lombard,1
speech/sim/boston3/lombard/six1.wav,boston3,lombard,1
speech/sim/boston3/lombard/six2.wav,boston3,lombard,1
speech/sim/boston3/lombard/south1.wav,boston3,lombard,1
speech/sim/boston3/lombard/south2.wav,boston3,lombard,1
speech/sim/boston3/lombard/stand1.wav,boston3,lombard,1
speech/sim/boston3/lombard/stand2.wav,boston3,lombard,1
speech/sim/boston3/lombard/steer1.wav,boston3,lombard,1
speech/sim/boston3/lombard/steer2.wav,boston3,lombard,1
speech/sim/boston3/lombard/strafe1.wav,boston3,lombard,1
speech/sim/boston3/lombard/strafe2.wav,boston3,lombard,1
speech/sim/boston3/lombard/ten1.wav,boston3,lombard,1
speech/sim/boston3/lombard/ten2.wav,boston3,lombard,1
speech/sim/boston3/lombard/thirty1.wav,boston3,lombard,1
speech/sim/boston3/lombard/thirty2.wav,boston3,lombard,1
speech/sim/boston3/lombard/three1.wav,boston3,lombard,1
speech/sim/boston3/lombard/three2.wav,boston3,lombard,1
speech/sim/boston3/lombard/white1.wav,boston3,lombard,1
speech/sim/boston3/lombard/white2.wav,boston3,lombard,1
speech/sim/boston3/lombard/wide1.wav,boston3,lombard,1
speech/sim/boston3/lombard/wide2.wav,boston3,lombard,1
speech/sim/boston3/lombard/zero1.wav,boston3,lombard,1
speech/sim/boston3/lombard/zero2.wav,boston3,lombard,1
speech/sim/boston3/loud/break1.wav,boston3,loud,1
speech/sim/boston3/loud/break2.wav,boston3,loud,1
speech/sim/boston3/loud/change1.wav,boston3,loud,1
speech/sim/boston3/loud/change2.wav,boston3,loud,1
speech/sim/boston3/loud/degree1.wav,boston3,loud,1
speech/sim/boston3/loud/degree2.wav,boston3,loud,1
speech/sim/boston3/loud/destin1.wav,boston3,loud,1
speech/sim/boston3/loud/destin2.wav,boston3,loud,1
speech/sim/boston3/loud/east1.wav,boston3,loud,1
speech/sim/boston3/loud/east2.wav,boston3,loud,1
speech/sim/boston3/loud/eight1.wav,boston3,loud,1
speech/sim/boston3/loud/eight2.wav,boston3,loud,1
speech/sim/boston3/loud/eighty1.wav,boston3,loud,1
speech/sim/boston3/loud/eighty2.wav,boston3,loud,1
speech/sim/boston3/loud/enter1.wav,boston3,loud,1
speech/sim/boston3/loud/enter2.wav,boston3,loud,1
speech/sim/boston3/loud/fifty1.wav,boston3,loud,1
speech/sim/boston3/loud/fifty2.wav,boston3,loud,1
speech/sim/boston3/loud/fix1.wav,boston3,loud,1
speech/sim/boston3/loud/fix2.wav,boston3,loud,1
speech/sim/boston3/loud/freeze1.wav,boston3,loud,1
speech/sim/boston3/loud/freeze2.wav,boston3,loud,1
speech/sim/boston3/loud/gain1.wav,boston3,loud,1
speech/sim/boston3/loud/gain2.wav,boston3,loud,1
speech/sim/boston3/loud/go1.wav,boston3,loud,1
speech/sim/boston3/loud/go2.wav,boston3,loud,1
speech/sim/boston3/loud/hello1.wav,boston3,loud,1
speech/sim/boston3/loud/hello2.wav,boston3,loud,1
speech/sim/boston3/loud/help1.wav,boston3,loud,1
speech/sim/boston3/loud/help2.wav,boston3,loud,1
speech/sim/boston3/loud/histog1.wav,boston3,loud,1
speech/sim/boston3/loud/histog2.wav,boston3,loud,1
speech/sim/boston3/loud/hot1.wav,boston3,loud,1
speech/sim/boston3/loud/hot2.wav,boston3,loud,1
speech/sim/boston3/loud/mark1.wav,boston3,loud,1
speech/sim/boston3/loud/mark2.wav,boston3,loud,1
speech/sim/boston3/loud/nav1.wav,boston3,loud,1
speech/sim/boston3/loud/nav2.wav,boston3,loud,1
speech/sim/boston3/loud/no1.wav,boston3,loud,1
speech/sim/boston3/loud/no2.wav,boston3,loud,1
speech/sim/boston3/loud/oh1.wav,boston3,loud,1
speech/sim/boston3/loud/oh2.wav,boston3,loud,1
speech/sim/boston3/loud/on1.wav,boston3,loud,1
speech/sim/boston3/loud/on2.wav,boston3,loud,1
speech/sim/boston3/loud/out1.wav,boston3,loud,1
speech/sim/boston3/loud/out2.wav,boston3,loud,1
speech/sim/boston3/loud/point1.wav,boston3,loud,1
speech/sim/boston3/loud/point2.wav,boston3,loud,1
speech/sim/boston3/loud/six1.wav,boston3,loud,1
speech/sim/boston3/loud/six2.wav,boston3,loud,1
speech/sim/boston3/loud/south1.wav,boston3,loud,1
speech/sim/boston3/loud/south2.wav,boston3,loud,1
speech/sim/boston3/loud/stand1.wav,boston3,loud,1
speech/sim/boston3/loud/stand2.wav,boston3,loud,1
speech/sim/boston3/loud/steer1.wav,boston3,loud,1
speech/sim/boston3/loud/steer2.wav,boston3,loud,1
speech/sim/boston3/loud/strafe1.wav,boston3,loud,1
speech/sim/boston3/loud/strafe2.wav,boston3,loud,1
speech/sim/boston3/loud/ten1.wav,boston3,loud,1
speech/sim/boston3/loud/ten2.wav,boston3,loud,1
speech/sim/boston3/loud/thirty1.wav,boston3,loud,1
speech/sim/boston3/loud/thirty2.wav,boston3,loud,1
speech/sim/boston3/loud/three1.wav,boston3,loud,1
speech/sim/boston3/loud/three2.wav,boston3,loud,1
speech/sim/boston3/loud/white1.wav,boston3,loud,1
speech/sim/boston3/loud/white2.wav,boston3,loud,1
speech/sim/boston3/loud/wide1.wav,boston3,loud,1
speech/sim/boston3/loud/wide2.wav,boston3,loud,1
speech/sim/boston3/loud/zero1.wav,boston3,loud,1
speech/sim/boston3/loud/zero2.wav,boston3,loud,1
speech/sim/boston3/neutral/break1.wav,boston3,neutral,0
speech/sim/boston3/neutral/break2.wav,boston3,neutral,0
speech/sim/boston3/neutral/change1.wav,boston3,neutral,0
speech/sim/boston3/neutral/change2.wav,boston3,neutral,0
speech/sim/boston3/neutral/degree1.wav,boston3,neutral,0
speech/sim/boston3/neutral/degree2.wav,boston3,neutral,0
speech/sim/boston3/neutral/destin1.wav,boston3,neutral,0
speech/sim/boston3/neutral/destin2.wav,boston3,neutral,0
speech/sim/boston3/neutral/east1.wav,boston3,neutral,0
speech/sim/boston3/neutral/east2.wav,boston3,neutral,0
speech/sim/boston3/neutral/eight1.wav,boston3,neutral,0
speech/sim/boston3/neutral/eight2.wav,boston3,neutral,0
speech/sim/boston3/neutral/eighty1.wav,boston3,neutral,0
speech/sim/boston3/neutral/eighty2.wav,boston3,neutral,0
speech/sim/boston3/neutral/enter1.wav,boston3,neutral,0
speech/sim/boston3/neutral/enter2.wav,boston3,neutral,0
speech/sim/boston3/neutral/fifty1.wav,boston3,neutral,0
speech/sim/boston3/neutral/fifty2.wav,boston3,neutral,0
speech/sim/boston3/neutral/fix1.wav,boston3,neutral,0
speech/sim/boston3/neutral/fix2.wav,boston3,neutral,0
speech/sim/boston3/neutral/freeze1.wav,boston3,neutral,0
speech/sim/boston3/neutral/freeze2.wav,boston3,neutral,0
speech/sim/boston3/neutral/gain1.wav,boston3,neutral,0
speech/sim/boston3/neutral/gain2.wav,boston3,neutral,0
speech/sim/boston3/neutral/go1.wav,boston3,neutral,0
speech/sim/boston3/neutral/go2.wav,boston3,neutral,0
speech/sim/boston3/neutral/hello1.wav,boston3,neutral,0
speech/sim/boston3/neutral/hello2.wav,boston3,neutral,0
speech/sim/boston3/neutral/help1.wav,boston3,neutral,0
speech/sim/boston3/neutral/help2.wav,boston3,neutral,0
speech/sim/boston3/neutral/histog1.wav,boston3,neutral,0
speech/sim/boston3/neutral/histog2.wav,boston3,neutral,0
speech/sim/boston3/neutral/hot1.wav,boston3,neutral,0
speech/sim/boston3/neutral/hot2.wav,boston3,neutral,0
speech/sim/boston3/neutral/mark1.wav,boston3,neutral,0
speech/sim/boston3/neutral/mark2.wav,boston3,neutral,0
speech/sim/boston3/neutral/nav1.wav,boston3,neutral,0
speech/sim/boston3/neutral/nav2.wav,boston3,neutral,0
speech/sim/boston3/neutral/no1.wav,boston3,neutral,0
speech/sim/boston3/neutral/no2.wav,boston3,neutral,0
speech/sim/boston3/neutral/oh1.wav,boston3,neutral,0
speech/sim/boston3/neutral/oh2.wav,boston3,neutral,0
speech/sim/boston3/neutral/on1.wav,boston3,neutral,0
speech/sim/boston3/neutral/on2.wav,boston3,neutral,0
speech/sim/boston3/neutral/out1.wav,boston3,neutral,0
speech/sim/boston3/neutral/out2.wav,boston3,neutral,0
speech/sim/boston3/neutral/point1.wav,boston3,neutral,0
speech/sim/boston3/neutral/point2.wav,boston3,neutral,0
speech/sim/boston3/neutral/six1.wav,boston3,neutral,0
speech/sim/boston3/neutral/six2.wav,boston3,neutral,0
speech/sim/boston3/neutral/south1.wav,boston3,neutral,0
speech/sim/boston3/neutral/south2.wav,boston3,neutral,0
speech/sim/boston3/neutral/stand1.wav,boston3,neutral,0
speech/sim/boston3/neutral/stand2.wav,boston3,neutral,0
speech/sim/boston3/neutral/steer1.wav,boston3,neutral,0
speech/sim/boston3/neutral/steer2.wav,boston3,neutral,0
speech/sim/boston3/neutral/strafe1.wav,boston3,neutral,0
speech/sim/boston3/neutral/strafe2.wav,boston3,neutral,0
speech/sim/boston3/neutral/ten1.wav,boston3,neutral,0
speech/sim/boston3/neutral/ten2.wav,boston3,neutral,0
speech/sim/boston3/neutral/thirty1.wav,boston3,neutral,0
speech/sim/boston3/neutral/thirty2.wav,boston3,neutral,0
speech/sim/boston3/neutral/three1.wav,boston3,neutral,0
speech/sim/boston3/neutral/three2.wav,boston3,neutral,0
speech/sim/boston3/neutral/white1.wav,boston3,neutral,0
speech/sim/boston3/neutral/white2.wav,boston3,neutral,0
speech/sim/boston3/neutral/wide1.wav,boston3,neutral,0
speech/sim/boston3/neutral/wide2.wav,boston3,neutral,0
speech/sim/boston3/neutral/zero1.wav,boston3,neutral,0
speech/sim/boston3/neutral/zero2.wav,boston3,neutral,0
speech/sim/boston3/question/break1.wav,boston3,question,0
speech/sim/boston3/question/break2.wav,boston3,question,0
speech/sim/boston3/question/change1.wav,boston3,question,0
speech/sim/boston3/question/change2.wav,boston3,question,0
speech/sim/boston3/question/degree1.wav,boston3,question,0
speech/sim/boston3/question/degree2.wav,boston3,question,0
speech/sim/boston3/question/destin1.wav,boston3,question,0
speech/sim/boston3/question/destin2.wav,boston3,question,0
speech/sim/boston3/question/east1.wav,boston3,question,0
speech/sim/boston3/question/east2.wav,boston3,question,0
speech/sim/boston3/question/eight1.wav,boston3,question,0
speech/sim/boston3/question/eight2.wav,boston3,question,0
speech/sim/boston3/question/eighty1.wav,boston3,question,0
speech/sim/boston3/question/eighty2.wav,boston3,question,0
speech/sim/boston3/question/enter1.wav,boston3,question,0
speech/sim/boston3/question/enter2.wav,boston3,question,0
speech/sim/boston3/question/fifty1.wav,boston3,question,0
speech/sim/boston3/question/fifty2.wav,boston3,question,0
speech/sim/boston3/question/fix1.wav,boston3,question,0
speech/sim/boston3/question/fix2.wav,boston3,question,0
speech/sim/boston3/question/freeze1.wav,boston3,question,0
speech/sim/boston3/question/freeze2.wav,boston3,question,0
speech/sim/boston3/question/gain1.wav,boston3,question,0
speech/sim/boston3/question/gain2.wav,boston3,question,0
speech/sim/boston3/question/go1.wav,boston3,question,0
speech/sim/boston3/question/go2.wav,boston3,question,0
speech/sim/boston3/question/hello1.wav,boston3,question,0
speech/sim/boston3/question/hello2.wav,boston3,question,0
speech/sim/boston3/question/help1.wav,boston3,question,0
speech/sim/boston3/question/help2.wav,boston3,question,0
speech/sim/boston3/question/histog1.wav,boston3,question,0
speech/sim/boston3/question/histog2.wav,boston3,question,0
speech/sim/boston3/question/hot1.wav,boston3,question,0
speech/sim/boston3/question/hot2.wav,boston3,question,0
speech/sim/boston3/question/mark1.wav,boston3,question,0
speech/sim/boston3/question/mark2.wav,boston3,question,0
speech/sim/boston3/question/nav1.wav,boston3,question,0
speech/sim/boston3/question/nav2.wav,boston3,question,0
speech/sim/boston3/question/no1.wav,boston3,question,0
speech/sim/boston3/question/no2.wav,boston3,question,0
speech/sim/boston3/question/oh1.wav,boston3,question,0
speech/sim/boston3/question/oh2.wav,boston3,question,0
speech/sim/boston3/question/on1.wav,boston3,question,0
speech/sim/boston3/question/on2.wav,boston3,question,0
speech/sim/boston3/question/out1.wav,boston3,question,0
speech/sim/boston3/question/out2.wav,boston3,question,0
speech/sim/boston3/question/point1.wav,boston3,question,0
speech/sim/boston3/question/point2.wav,boston3,question,0
speech/sim/boston3/question/six1.wav,boston3,question,0
speech/sim/boston3/question/six2.wav,boston3,question,0
speech/sim/boston3/question/south1.wav,boston3,question,0
speech/sim/boston3/question/south2.wav,boston3,question,0
speech/sim/boston3/question/stand1.wav,boston3,question,0
speech/sim/boston3/question/stand2.wav,boston3,question,0
speech/sim/boston3/question/steer1.wav,boston3,question,0
speech/sim/boston3/question/steer2.wav,boston3,question,0
speech/sim/boston3/question/strafe1.wav,boston3,question,0
speech/sim/boston3/question/strafe2.wav,boston3,question,0
speech/sim/boston3/question/ten1.wav,boston3,question,0
speech/sim/boston3/question/ten2.wav,boston3,question,0
speech/sim/boston3/question/thirty1.wav,boston3,question,0
speech/sim/boston3/question/thirty2.wav,boston3,question,0
speech/sim/boston3/question/three1.wav,boston3,question,0
speech/sim/boston3/question/three2.wav,boston3,question,0
speech/sim/boston3/question/white1.wav,boston3,question,0
speech/sim/boston3/question/white2.wav,boston3,question,0
speech/sim/boston3/question/wide1.wav,boston3,question,0
speech/sim/boston3/question/wide2.wav,boston3,question,0
speech/sim/boston3/question/zero1.wav,boston3,question,0
speech/sim/boston3/question/zero2.wav,boston3,question,0
speech/sim/boston3/slow/break1.wav,boston3,slow,0
speech/sim/boston3/slow/break2.wav,boston3,slow,0
speech/sim/boston3/slow/change1.wav,boston3,slow,0
speech/sim/boston3/slow/change2.wav,boston3,slow,0
speech/sim/boston3/slow/degree1.wav,boston3,slow,0
speech/sim/boston3/slow/degree2.wav,boston3,slow,0
speech/sim/boston3/slow/destin1.wav,boston3,slow,0
speech/sim/boston3/slow/destin2.wav,boston3,slow,0
speech/sim/boston3/slow/east1.wav,boston3,slow,0
speech/sim/boston3/slow/east2.wav,boston3,slow,0
speech/sim/boston3/slow/eight1.wav,boston3,slow,0
speech/sim/boston3/slow/eight2.wav,boston3,slow,0
speech/sim/boston3/slow/eighty1.wav,boston3,slow,0
speech/sim/boston3/slow/eighty2.wav,boston3,slow,0
speech/sim/boston3/slow/enter1.wav,boston3,slow,0
speech/sim/boston3/slow/enter2.wav,boston3,slow,0
speech/sim/boston3/slow/fifty1.wav,boston3,slow,0
speech/sim/boston3/slow/fifty2.wav,boston3,slow,0
speech/sim/boston3/slow/fix1.wav,boston3,slow,0
speech/sim/boston3/slow/fix2.wav,boston3,slow,0
speech/sim/boston3/slow/freeze1.wav,boston3,slow,0
speech/sim/boston3/slow/freeze2.wav,boston3,slow,0
speech/sim/boston3/slow/gain1.wav,boston3,slow,0
speech/sim/boston3/slow/gain2.wav,boston3,slow,0
speech/sim/boston3/slow/go1.wav,boston3,slow,0
speech/sim/boston3/slow/go2.wav,boston3,slow,0
speech/sim/boston3/slow/hello1.wav,boston3,slow,0
speech/sim/boston3/slow/hello2.wav,boston3,slow,0
speech/sim/boston3/slow/help1.wav,boston3,slow,0
speech/sim/boston3/slow/help2.wav,boston3,slow,0
speech/sim/boston3/slow/histog1.wav,boston3,slow,0
speech/sim/boston3/slow/histog2.wav,boston3,slow,0
speech/sim/boston3/slow/hot1.wav,boston3,slow,0
speech/sim/boston3/slow/hot2.wav,boston3,slow,0
speech/sim/boston3/slow/mark1.wav,boston3,slow,0
speech/sim/boston3/slow/mark2.wav,boston3,slow,0
speech/sim/boston3/slow/nav1.wav,boston3,slow,0
speech/sim/boston3/slow/nav2.wav,boston3,slow,0
speech/sim/boston3/slow/no1.wav,boston3,slow,0
speech/sim/boston3/slow/no2.wav,boston3,slow,0
speech/sim/boston3/slow/oh1.wav,boston3,slow,0
speech/sim/boston3/slow/oh2.wav,boston3,slow,0
speech/sim/boston3/slow/on1.wav,boston3,slow,0
speech/sim/boston3/slow/on2.wav,boston3,slow,0
speech/sim/boston3/slow/out1.wav,boston3,slow,0
speech/sim/boston3/slow/out2.wav,boston3,slow,0
speech/sim/boston3/slow/point1.wav,boston3,slow,0
speech/sim/boston3/slow/point2.wav,boston3,slow,0
speech/sim/boston3/slow/six1.wav,boston3,slow,0
speech/sim/boston3/slow/six2.wav,boston3,slow,0
speech/sim/boston3/slow/south1.wav,boston3,slow,0
speech/sim/boston3/slow/south2.wav,boston3,slow,0
speech/sim/boston3/slow/stand1.wav,boston3,slow,0
speech/sim/boston3/slow/stand2.wav,boston3,slow,0
speech/sim/boston3/slow/steer1.wav,boston3,slow,0
speech/sim/boston3/slow/steer2.wav,boston3,slow,0
speech/sim/boston3/slow/strafe1.wav,boston3,slow,0
speech/sim/boston3/slow/strafe2.wav,boston3,slow,0
speech/sim/boston3/slow/ten1.wav,boston3,slow,0
speech/sim/boston3/slow/ten2.wav,boston3,slow,0
speech/sim/boston3/slow/thirty1.wav,boston3,slow,0
speech/sim/boston3/slow/thirty2.wav,boston3,slow,0
speech/sim/boston3/slow/three1.wav,boston3,slow,0
speech/sim/boston3/slow/three2.wav,boston3,slow,0
speech/sim/boston3/slow/white1.wav,boston3,slow,0
speech/sim/boston3/slow/white2.wav,boston3,slow,0
speech/sim/boston3/slow/wide1.wav,boston3,slow,0
speech/sim/boston3/slow/wide2.wav,boston3,slow,0
speech/sim/boston3/slow/zero1.wav,boston3,slow,0
speech/sim/boston3/slow/zero2.wav,boston3,slow,0
speech/sim/boston3/soft/break1.wav,boston3,soft,0
speech/sim/boston3/soft/break2.wav,boston3,soft,0
speech/sim/boston3/soft/change1.wav,boston3,soft,0
speech/sim/boston3/soft/change2.wav,boston3,soft,0
speech/sim/boston3/soft/degree1.wav,boston3,soft,0
speech/sim/boston3/soft/degree2.wav,boston3,soft,0
speech/sim/boston3/soft/destin1.wav,boston3,soft,0
speech/sim/boston3/soft/destin2.wav,boston3,soft,0
speech/sim/boston3/soft/east1.wav,boston3,soft,0
speech/sim/boston3/soft/east2.wav,boston3,soft,0
speech/sim/boston3/soft/eight1.wav,boston3,soft,0
speech/sim/boston3/soft/eight2.wav,boston3,soft,0
speech/sim/boston3/soft/eighty1.wav,boston3,soft,0
speech/sim/boston3/soft/eighty2.wav,boston3,soft,0
speech/sim/boston3/soft/enter1.wav,boston3,soft,0
speech/sim/boston3/soft/enter2.wav,boston3,soft,0
speech/sim/boston3/soft/fifty1.wav,boston3,soft,0
speech/sim/boston3/soft/fifty2.wav,boston3,soft,0
speech/sim/boston3/soft/fix1.wav,boston3,soft,0
speech/sim/boston3/soft/fix2.wav,boston3,soft,0
speech/sim/boston3/soft/freeze1.wav,boston3,soft,0
speech/sim/boston3/soft/freeze2.wav,boston3,soft,0
speech/sim/boston3/soft/gain1.wav,boston3,soft,0
speech/sim/boston3/soft/gain2.wav,boston3,soft,0
speech/sim/boston3/soft/go1.wav,boston3,soft,0
speech/sim/boston3/soft/go2.wav,boston3,soft,0
speech/sim/boston3/soft/hello1.wav,boston3,soft,0
speech/sim/boston3/soft/hello2.wav,boston3,soft,0
speech/sim/boston3/soft/help1.wav,boston3,soft,0
speech/sim/boston3/soft/help2.wav,boston3,soft,0
speech/sim/boston3/soft/histog1.wav,boston3,soft,0
speech/sim/boston3/soft/histog2.wav,boston3,soft,0
speech/sim/boston3/soft/hot1.wav,boston3,soft,0
speech/sim/boston3/soft/hot2.wav,boston3,soft,0
speech/sim/boston3/soft/mark1.wav,boston3,soft,0
speech/sim/boston3/soft/mark2.wav,boston3,soft,0
speech/sim/boston3/soft/nav1.wav,boston3,soft,0
speech/sim/boston3/soft/nav2.wav,boston3,soft,0
speech/sim/boston3/soft/no1.wav,boston3,soft,0
speech/sim/boston3/soft/no2.wav,boston3,soft,0
speech/sim/boston3/soft/oh1.wav,boston3,soft,0
speech/sim/boston3/soft/oh2.wav,boston3,soft,0
speech/sim/boston3/soft/on1.wav,boston3,soft,0
speech/sim/boston3/soft/on2.wav,boston3,soft,0
speech/sim/boston3/soft/out1.wav,boston3,soft,0
speech/sim/boston3/soft/out2.wav,boston3,soft,0
speech/sim/boston3/soft/point1.wav,boston3,soft,0
speech/sim/boston3/soft/point2.wav,boston3,soft,0
speech/sim/boston3/soft/six1.wav,boston3,soft,0
speech/sim/boston3/soft/six2.wav,boston3,soft,0
speech/sim/boston3/soft/south1.wav,boston3,soft,0
speech/sim/boston3/soft/south2.wav,boston3,soft,0
speech/sim/boston3/soft/stand1.wav,boston3,soft,0
speech/sim/boston3/soft/stand2.wav,boston3,soft,0
speech/sim/boston3/soft/steer1.wav,boston3,soft,0
speech/sim/boston3/soft/steer2.wav,boston3,soft,0
speech/sim/boston3/soft/strafe1.wav,boston3,soft,0
speech/sim/boston3/soft/strafe2.wav,boston3,soft,0
speech/sim/boston3/soft/ten1.wav,boston3,soft,0
speech/sim/boston3/soft/ten2.wav,boston3,soft,0
speech/sim/boston3/soft/thirty1.wav,boston3,soft,0
speech/sim/boston3/soft/thirty2.wav,boston3,soft,0
speech/sim/boston3/soft/three1.wav,boston3,soft,0
speech/sim/boston3/soft/three2.wav,boston3,soft,0
speech/sim/boston3/soft/white1.wav,boston3,soft,0
speech/sim/boston3/soft/white2.wav,boston3,soft,0
speech/sim/boston3/soft/wide1.wav,boston3,soft,0
speech/sim/boston3/soft/wide2.wav,boston3,soft,0
speech/sim/boston3/soft/zero1.wav,boston3,soft,0
speech/sim/boston3/soft/zero2.wav,boston3,soft,0
speech/sim/boston3/train/break1.wav,boston3,train,0
speech/sim/boston3/train/break10.wav,boston3,train,0
speech/sim/boston3/train/break11.wav,boston3,train,0
speech/sim/boston3/train/break12.wav,boston3,train,0
speech/sim/boston3/train/break2.wav,boston3,train,0
speech/sim/boston3/train/break3.wav,boston3,train,0
speech/sim/boston3/train/break4.wav,boston3,train,0
speech/sim/boston3/train/break5.wav,boston3,train,0
speech/sim/boston3/train/break6.wav,boston3,train,0
speech/sim/boston3/train/break7.wav,boston3,train,0
speech/sim/boston3/train/break8.wav,boston3,train,0
speech/sim/boston3/train/break9.wav,boston3,train,0
speech/sim/boston3/train/change1.wav,boston3,train,0
speech/sim/boston3/train/change10.wav,boston3,train,0
speech/sim/boston3/train/change11.wav,boston3,train,0
speech/sim/boston3/train/change12.wav,boston3,train,0
speech/sim/boston3/train/change2.wav,boston3,train,0
speech/sim/boston3/train/change3.wav,boston3,train,0
speech/sim/boston3/train/change4.wav,boston3,train,0
speech/sim/boston3/train/change5.wav,boston3,train,0
speech/sim/boston3/train/change6.wav,boston3,train,0
speech/sim/boston3/train/change7.wav,boston3,train,0
speech/sim/boston3/train/change8.wav,boston3,train,0
speech/sim/boston3/train/change9.wav,boston3,train,0
speech/sim/boston3/train/degree1.wav,boston3,train,0
speech/sim/boston3/train/degree10.wav,boston3,train,0
speech/sim/boston3/train/degree11.wav,boston3,train,0
speech/sim/boston3/train/degree12.wav,boston3,train,0
speech/sim/boston3/train/degree2.wav,boston3,train,0
speech/sim/boston3/train/degree3.wav,boston3,train,0
speech/sim/boston3/train/degree4.wav,boston3,train,0
speech/sim/boston3/train/degree5.wav,boston3,train,0
speech/sim/boston3/train/degree6.wav,boston3,train,0
speech/sim/boston3/train/degree7.wav,boston3,train,0
speech/sim/boston3/train/degree8.wav,boston3,train,0
speech/sim/boston3/train/degree9.wav,boston3,train,0
speech/sim/boston3/train/destin1.wav,boston3,train,0
speech/sim/boston3/train/destin10.wav,boston3,train,0
speech/sim/boston3/train/destin11.wav,boston3,train,0
speech/sim/boston3/train/destin12.wav,boston3,train,0
speech/sim/boston3/train/destin2.wav,boston3,train,0
speech/sim/boston3/train/destin3.wav,boston3,train,0
speech/sim/boston3/train/destin4.wav,boston3,train,0
speech/sim/boston3/train/destin5.wav,boston3,train,0
speech/sim/boston3/train/destin6.wav,boston3,train,0
speech/sim/boston3/train/destin7.wav,boston3,train,0
speech/sim/boston3/train/destin8.wav,boston3,train,0
speech/sim/boston3/train/destin9.wav,boston3,train,0
speech/sim/boston3/train/east1.wav,boston3,train,0
speech/sim/boston3/train/east10.wav,boston3,train,0
speech/sim/boston3/train/east11.wav,boston3,train,0
speech/sim/boston3/train/east12.wav,boston3,train,0
speech/sim/boston3/train/east2.wav,boston3,train,0
speech/sim/boston3/train/east3.wav,boston3,train,0
speech/sim/boston3/train/east4.wav,boston3,train,0
speech/sim/boston3/train/east5.wav,boston3,train,0
speech/sim/boston3/train/east6.wav,boston3,train,0
speech/sim/boston3/train/east7.wav,boston3,train,0
speech/sim/boston3/train/east8.wav,boston3,train,0
speech/sim/boston3/train/east9.wav,boston3,train,0
speech/sim/boston3/train/eight1.wav,boston3,train,0
speech/sim/boston3/train/eight10.wav,boston3,train,0
speech/sim/boston3/train/eight11.wav,boston3,train,0
speech/sim/boston3/train/eight12.wav,boston3,train,0
speech/sim/boston3/train/eight2.wav,boston3,train,0
speech/sim/boston3/train/eight3.wav,boston3,train,0
speech/sim/boston3/train/eight4.wav,boston3,train,0
speech/sim/boston3/train/eight5.wav,boston3,train,0
speech/sim/boston3/train/eight6.wav,boston3,train,0
speech/sim/boston3/train/eight7.wav,boston3,train,0
speech/sim/boston3/train/eight8.wav,boston3,train,0
speech/sim/boston3/train/eight9.wav,boston3,train,0
speech/sim/boston3/train/eighty1.wav,boston3,train,0
speech/sim/boston3/train/eighty10.wav,boston3,train,0
speech/sim/boston3/train/eighty11.wav,boston3,train,0
speech/sim/boston3/train/eighty12.wav,boston3,train,0
speech/sim/boston3/train/eighty2.wav,boston3,train,0
speech/sim/boston3/train/eighty3.wav,boston3,train,0
speech/sim/boston3/train/eighty4.wav,boston3,train,0
speech/sim/boston3/train/eighty5.wav,boston3,train,0
speech/sim/boston3/train/eighty6.wav,boston3,train,0
speech/sim/boston3/train/eighty7.wav,boston3,train,0
speech/sim/boston3/train/eighty8.wav,boston3,train,0
speech/sim/boston3/train/eighty9.wav,boston3,train,0
speech/sim/boston3/train/enter1.wav,boston3,train,0
speech/sim/boston3/train/enter10.wav,boston3,train,0
speech/sim/boston3/train/enter11.wav,boston3,train,0
speech/sim/boston3/train/enter12.wav,boston3,train,0
speech/sim/boston3/train/enter2.wav,boston3,train,0
speech/sim/boston3/train/enter3.wav,boston3,train,0
speech/sim/boston3/train/enter4.wav,boston3,train,0
speech/sim/boston3/train/enter5.wav,boston3,train,0
speech/sim/boston3/train/enter6.wav,boston3,train,0
speech/sim/boston3/train/enter7.wav,boston3,train,0
speech/sim/boston3/train/enter8.wav,boston3,train,0
speech/sim/boston3/train/enter9.wav,boston3,train,0
speech/sim/boston3/train/fifty1.wav,boston3,train,0
speech/sim/boston3/train/fifty10.wav,boston3,train,0
speech/sim/boston3/train/fifty11.wav,boston3,train,0
speech/sim/boston3/train/fifty12.wav,boston3,train,0
speech/sim/boston3/train/fifty2.wav,boston3,train,0
speech/sim/boston3/train/fifty3.wav,boston3,train,0
speech/sim/boston3/train/fifty4.wav,boston3,train,0
speech/sim/boston3/train/fifty5.wav,boston3,train,0
speech/sim/boston3/train/fifty6.wav,boston3,train,0
speech/sim/boston3/train/fifty7.wav,boston3,train,0
speech/sim/boston3/train/fifty8.wav,boston3,train,0
speech/sim/boston3/train/fifty9.wav,boston3,train,0
speech/sim/boston3/train/fix1.wav,boston3,train,0
speech/sim/boston3/train/fix10.wav,boston3,train,0
speech/sim/boston3/train/fix11.wav,boston3,train,0
speech/sim/boston3/train/fix12.wav,boston3,train,0
speech/sim/boston3/train/fix2.wav,boston3,train,0
speech/sim/boston3/train/fix3.wav,boston3,train,0
speech/sim/boston3/train/fix4.wav,boston3,train,0
speech/sim/boston3/train/fix5.wav,boston3,train,0
speech/sim/boston3/train/fix6.wav,boston3,train,0
speech/sim/boston3/train/fix7.wav,boston3,train,0
speech/sim/boston3/train/fix8.wav,boston3,train,0
speech/sim/boston3/train/fix9.wav,boston3,train,0
speech/sim/boston3/train/freeze1.wav,boston3,train,0
speech/sim/boston3/train/freeze10.wav,boston3,train,0
speech/sim/boston3/train/freeze11.wav,boston3,train,0
speech/sim/boston3/train/freeze12.wav,boston3,train,0
speech/sim/boston3/train/freeze2.wav,boston3,train,0
speech/sim/boston3/train/freeze3.wav,boston3,train,0
speech/sim/boston3/train/freeze4.wav,boston3,train,0
speech/sim/boston3/train/freeze5.wav,boston3,train,0
speech/sim/boston3/train/freeze6.wav,boston3,train,0
speech/sim/boston3/train/freeze7.wav,boston3,train,0
speech/sim/boston3/train/freeze8.wav,boston3,train,0
speech/sim/boston3/train/freeze9.wav,boston3,train,0
speech/sim/boston3/train/gain1.wav,boston3,train,0
speech/sim/boston3/train/gain10.wav,boston3,train,0
speech/sim/boston3/train/gain11.wav,boston3,train,0
speech/sim/boston3/train/gain12.wav,boston3,train,0
speech/sim/boston3/train/gain2.wav,boston3,train,0
speech/sim/boston3/train/gain3.wav,boston3,train,0
speech/sim/boston3/train/gain4.wav,boston3,train,0
speech/sim/boston3/train/gain5.wav,boston3,train,0
speech/sim/boston3/train/gain6.wav,boston3,train,0
speech/sim/boston3/train/gain7.wav,boston3,train,0
speech/sim/boston3/train/gain8.wav,boston3,train,0
speech/sim/boston3/train/gain9.wav,boston3,train,0
speech/sim/boston3/train/go1.wav,boston3,train,0
speech/sim/boston3/train/go10.wav,boston3,train,0
speech/sim/boston3/train/go11.wav,boston3,train,0
speech/sim/boston3/train/go12.wav,boston3,train,0
speech/sim/boston3/train/go2.wav,boston3,train,0
speech/sim/boston3/train/go3.wav,boston3,train,0
speech/sim/boston3/train/go4.wav,boston3,train,0
speech/sim/boston3/train/go5.wav,boston3,train,0
speech/sim/boston3/train/go6.wav,boston3,train,0
speech/sim/boston3/train/go7.wav,boston3,train,0
speech/sim/boston3/train/go8.wav,boston3,train,0
speech/sim/boston3/train/go9.wav,boston3,train,0
speech/sim/boston3/train/hello1.wav,boston3,train,0
speech/sim/boston3/train/hello10.wav,boston3,train,0
speech/sim/boston3/train/hello11.wav,boston3,train,0
speech/sim/boston3/train/hello12.wav,boston3,train,0
speech/sim/boston3/train/hello2.wav,boston3,train,0
speech/sim/boston3/train/hello3.wav,boston3,train,0
speech/sim/boston3/train/hello4.wav,boston3,train,0
speech/sim/boston3/train/hello5.wav,boston3,train,0
speech/sim/boston3/train/hello6.wav,boston3,train,0
speech/sim/boston3/train/hello7.wav,boston3,train,0
speech/sim/boston3/train/hello8.wav,boston3,train,0
speech/sim/boston3/train/hello9.wav,boston3,train,0
speech/sim/boston3/train/help1.wav,boston3,train,0
speech/sim/boston3/train/help10.wav,boston3,train,0
speech/sim/boston3/train/help11.wav,boston3,train,0
speech/sim/boston3/train/help12.wav,boston3,train,0
speech/sim/boston3/train/help2.wav,boston3,train,0
speech/sim/boston3/train/help3.wav,boston3,train,0
speech/sim/boston3/train/help4.wav,boston3,train,0
speech/sim/boston3/train/help5.wav,boston3,train,0
speech/sim/boston3/train/help6.wav,boston3,train,0
speech/sim/boston3/train/help7.wav,boston3,train,0
speech/sim/boston3/train/help8.wav,boston3,train,0
speech/sim/boston3/train/help9.wav,boston3,train,0
speech/sim/boston3/train/histog1.wav,boston3,train,0
speech/sim/boston3/train/histog10.wav,boston3,train,0
speech/sim/boston3/train/histog11.wav,boston3,train,0
speech/sim/boston3/train/histog12.wav,boston3,train,0
speech/sim/boston3/train/histog2.wav,boston3,train,0
speech/sim/boston3/train/histog3.wav,boston3,train,0
speech/sim/boston3/train/histog4.wav,boston3,train,0
speech/sim/boston3/train/histog5.wav,boston3,train,0
speech/sim/boston3/train/histog6.wav,boston3,train,0
speech/sim/boston3/train/histog7.wav,boston3,train,0
speech/sim/boston3/train/histog8.wav,boston3,train,0
speech/sim/boston3/train/histog9.wav,boston3,train,0
speech/sim/boston3/train/hot1.wav,boston3,train,0
speech/sim/boston3/train/hot10.wav,boston3,train,0
speech/sim/boston3/train/hot11.wav,boston3,train,0
speech/sim/boston3/train/hot12.wav,boston3,train,0
speech/sim/boston3/train/hot2.wav,boston3,train,0
speech/sim/boston3/train/hot3.wav,boston3,train,0
speech/sim/boston3/train/hot4.wav,boston3,train,0
speech/sim/boston3/train/hot5.wav,boston3,train,0
speech/sim/boston3/train/hot6.wav,boston3,train,0
speech/sim/boston3/train/hot7.wav,boston3,train,0
speech/sim/boston3/train/hot8.wav,boston3,train,0
speech/sim/boston3/train/hot9.wav,boston3,train,0
speech/sim/boston3/train/mark1.wav,boston3,train,0
speech/sim/boston3/train/mark10.wav,boston3,train,0
speech/sim/boston3/train/mark11.wav,boston3,train,0
speech/sim/boston3/train/mark12.wav,boston3,train,0
speech/sim/boston3/train/mark2.wav,boston3,train,0
speech/sim/boston3/train/mark3.wav,boston3,train,0
speech/sim/boston3/train/mark4.wav,boston3,train,0
speech/sim/boston3/train/mark5.wav,boston3,train,0
speech/sim/boston3/train/mark6.wav,boston3,train,0
speech/sim/boston3/train/mark7.wav,boston3,train,0
speech/sim/boston3/train/mark8.wav,boston3,train,0
speech/sim/boston3/train/mark9.wav,boston3,train,0
speech/sim/boston3/train/nav1.wav,boston3,train,0
speech/sim/boston3/train/nav10.wav,boston3,train,0
speech/sim/boston3/train/nav11.wav,boston3,train,0
speech/sim/boston3/train/nav12.wav,boston3,train,0
speech/sim/boston3/train/nav2.wav,boston3,train,0
speech/sim/boston3/train/nav3.wav,boston3,train,0
speech/sim/boston3/train/nav4.wav,boston3,train,0
speech/sim/boston3/train/nav5.wav,boston3,train,0
speech/sim/boston3/train/nav6.wav,boston3,train,0
speech/sim/boston3/train/nav7.wav,boston3,train,0
speech/sim/boston3/train/nav8.wav,boston3,train,0
speech/sim/boston3/train/nav9.wav,boston3,train,0
speech/sim/boston3/train/no1.wav,boston3,train,0
speech/sim/boston3/train/no10.wav,boston3,train,0
speech/sim/boston3/train/no11.wav,boston3,train,0
speech/sim/boston3/train/no12.wav,boston3,train,0
speech/sim/boston3/train/no2.wav,boston3,train,0
speech/sim/boston3/train/no3.wav,boston3,train,0
speech/sim/boston3/train/no4.wav,boston3,train,0
speech/sim/boston3/train/no5.wav,boston3,train,0
speech/sim/boston3/train/no6.wav,boston3,train,0
speech/sim/boston3/train/no7.wav,boston3,train,0
speech/sim/boston3/train/no8.wav,boston3,train,0
speech/sim/boston3/train/no9.wav,boston3,train,0
speech/sim/boston3/train/oh1.wav,boston3,train,0
speech/sim/boston3/train/oh10.wav,boston3,train,0
speech/sim/boston3/train/oh11.wav,boston3,train,0
speech/sim/boston3/train/oh12.wav,boston3,train,0
speech/sim/boston3/train/oh2.wav,boston3,train,0
speech/sim/boston3/train/oh3.wav,boston3,train,0
speech/sim/boston3/train/oh4.wav,boston3,train,0
speech/sim/boston3/train/oh5.wav,boston3,train,0
speech/sim/boston3/train/oh6.wav,boston3,train,0
speech/sim/boston3/train/oh7.wav,boston3,train,0
speech/sim/boston3/train/oh8.wav,boston3,train,0
speech/sim/boston3/train/oh9.wav,boston3,train,0
speech/sim/boston3/train/on1.wav,boston3,train,0
speech/sim/boston3/train/on10.wav,boston3,train,0
speech/sim/boston3/train/on11.wav,boston3,train,0
speech/sim/boston3/train/on12.wav,boston3,train,0
speech/sim/boston3/train/on2.wav,boston3,train,0
speech/sim/boston3/train/on3.wav,boston3,train,0
speech/sim/boston3/train/on4.wav,boston3,train,0
speech/sim/boston3/train/on5.wav,boston3,train,0
speech/sim/boston3/train/on6.wav,boston3,train,0
speech/sim/boston3/train/on7.wav,boston3,train,0
speech/sim/boston3/train/on8.wav,boston3,train,0
speech/sim/boston3/train/on9.wav,boston3,train,0
speech/sim/boston3/train/out1.wav,boston3,train,0
speech/sim/boston3/train/out10.wav,boston3,train,0
speech/sim/boston3/train/out11.wav,boston3,train,0
speech/sim/boston3/train/out12.wav,boston3,train,0
speech/sim/boston3/train/out2.wav,boston3,train,0
speech/sim/boston3/train/out3.wav,boston3,train,0
speech/sim/boston3/train/out4.wav,boston3,train,0
speech/sim/boston3/train/out5.wav,boston3,train,0
speech/sim/boston3/train/out6.wav,boston3,train,0
speech/sim/boston3/train/out7.wav,boston3,train,0
speech/sim/boston3/train/out8.wav,boston3,train,0
speech/sim/boston3/train/out9.wav,boston3,train,0
speech/sim/boston3/train/point1.wav,boston3,train,0
speech/sim/boston3/train/point10.wav,boston3,train,0
speech/sim/boston3/train/point11.wav,boston3,train,0
speech/sim/boston3/train/point12.wav,boston3,train,0
speech/sim/boston3/train/point2.wav,boston3,train,0
speech/sim/boston3/train/point3.wav,boston3,train,0
speech/sim/boston3/train/point4.wav,boston3,train,0
speech/sim/boston3/train/point5.wav,boston3,train,0
speech/sim/boston3/train/point6.wav,boston3,train,0
speech/sim/boston3/train/point7.wav,boston3,train,0
speech/sim/boston3/train/point8.wav,boston3,train,0
speech/sim/boston3/train/point9.wav,boston3,train,0
speech/sim/boston3/train/six1.wav,boston3,train,0
speech/sim/boston3/train/six10.wav,boston3,train,0
speech/sim/boston3/train/six11.wav,boston3,train,0
speech/sim/boston3/train/six12.wav,boston3,train,0
speech/sim/boston3/train/six2.wav,boston3,train,0
speech/sim/boston3/train/six3.wav,boston3,train,0
speech/sim/boston3/train/six4.wav,boston3,train,0
speech/sim/boston3/train/six5.wav,boston3,train,0
speech/sim/boston3/train/six6.wav,boston3,train,0
speech/sim/boston3/train/six7.wav,boston3,train,0
speech/sim/boston3/train/six8.wav,boston3,train,0
speech/sim/boston3/train/six9.wav,boston3,train,0
speech/sim/boston3/train/south1.wav,boston3,train,0
speech/sim/boston3/train/south10.wav,boston3,train,0
speech/sim/boston3/train/south11.wav,boston3,train,0
speech/sim/boston3/train/south12.wav,boston3,train,0
speech/sim/boston3/train/south2.wav,boston3,train,0
speech/sim/boston3/train/south3.wav,boston3,train,0
speech/sim/boston3/train/south4.wav,boston3,train,0
speech/sim/boston3/train/south5.wav,boston3,train,0
speech/sim/boston3/train/south6.wav,boston3,train,0
speech/sim/boston3/train/south7.wav,boston3,train,0
speech/sim/boston3/train/south8.wav,boston3,train,0
speech/sim/boston3/train/south9.wav,boston3,train,0
speech/sim/boston3/train/stand1.wav,boston3,train,0
speech/sim/boston3/train/stand10.wav,boston3,train,0
speech/sim/boston3/train/stand11.wav,boston3,train,0
speech/sim/boston3/train/stand12.wav,boston3,train,0
speech/sim/boston3/train/stand2.wav,boston3,train,0
speech/sim/boston3/train/stand3.wav,boston3,train,0
speech/sim/boston3/train/stand4.wav,boston3,train,0
speech/sim/boston3/train/stand5.wav,boston3,train,0
speech/sim/boston3/train/stand6.wav,boston3,train,0
speech/sim/boston3/train/stand7.wav,boston3,train,0
speech/sim/boston3/train/stand8.wav,boston3,train,0
speech/sim/boston3/train/stand9.wav,boston3,train,0
speech/sim/boston3/train/steer1.wav,boston3,train,0
speech/sim/boston3/train/steer10.wav,boston3,train,0
speech/sim/boston3/train/steer11.wav,boston3,train,0
speech/sim/boston3/train/steer12.wav,boston3,train,0
speech/sim/boston3/train/steer2.wav,boston3,train,0
speech/sim/boston3/train/steer3.wav,boston3,train,0
speech/sim/boston3/train/steer4.wav,boston3,train,0
speech/sim/boston3/train/steer5.wav,boston3,train,0
speech/sim/boston3/train/steer6.wav,boston3,train,0
speech/sim/boston3/train/steer7.wav,boston3,train,0
speech/sim/boston3/train/steer8.wav,boston3,train,0
speech/sim/boston3/train/steer9.wav,boston3,train,0
speech/sim/boston3/train/strafe1.wav,boston3,train,0
speech/sim/boston3/train/strafe10.wav,boston3,train,0
speech/sim/boston3/train/strafe11.wav,boston3,train,0
speech/sim/boston3/train/strafe12.wav,boston3,train,0
speech/sim/boston3/train/strafe2.wav,boston3,train,0
speech/sim/boston3/train/strafe3.wav,boston3,train,0
speech/sim/boston3/train/strafe4.wav,boston3,train,0
speech/sim/boston3/train/strafe5.wav,boston3,train,0
speech/sim/boston3/train/strafe6.wav,boston3,train,0
speech/sim/boston3/train/strafe7.wav,boston3,train,0
speech/sim/boston3/train/strafe8.wav,boston3,train,0
speech/sim/boston3/train/strafe9.wav,boston3,train,0
speech/sim/boston3/train/ten1.wav,boston3,train,0
speech/sim/boston3/train/ten10.wav,boston3,train,0
speech/sim/boston3/train/ten11.wav,boston3,train,0
speech/sim/boston3/train/ten12.wav,boston3,train,0
speech/sim/boston3/train/ten2.wav,boston3,train,0
speech/sim/boston3/train/ten3.wav,boston3,train,0
speech/sim/boston3/train/ten4.wav,boston3,train,0
speech/sim/boston3/train/ten5.wav,boston3,train,0
speech/sim/boston3/train/ten6.wav,boston3,train,0
speech/sim/boston3/train/ten7.wav,boston3,train,0
speech/sim/boston3/train/ten8.wav,boston3,train,0
speech/sim/boston3/train/ten9.wav,boston3,train,0
speech/sim/boston3/train/thirty1.wav,boston3,train,0
speech/sim/boston3/train/thirty10.wav,boston3,train,0
speech/sim/boston3/train/thirty11.wav,boston3,train,0
speech/sim/boston3/train/thirty12.wav,boston3,train,0
speech/sim/boston3/train/thirty2.wav,boston3,train,0
speech/sim/boston3/train/thirty3.wav,boston3,train,0
speech/sim/boston3/train/thirty4.wav,boston3,train,0
speech/sim/boston3/train/thirty5.wav,boston3,train,0
speech/sim/boston3/train/thirty6.wav,boston3,train,0
speech/sim/boston3/train/thirty7.wav,boston3,train,0
speech/sim/boston3/train/thirty8.wav,boston3,train,0
speech/sim/boston3/train/thirty9.wav,boston3,train,0
speech/sim/boston3/train/three1.wav,boston3,train,0
speech/sim/boston3/train/three10.wav,boston3,train,0
speech/sim/boston3/train/three11.wav,boston3,train,0
speech/sim/boston3/train/three12.wav,boston3,train,0
speech/sim/boston3/train/three2.wav,boston3,train,0
speech/sim/boston3/train/three3.wav,boston3,train,0
speech/sim/boston3/train/three4.wav,boston3,train,0
speech/sim/boston3/train/three5.wav,boston3,train,0
speech/sim/boston3/train/three6.wav,boston3,train,0
speech/sim/boston3/train/three7.wav,boston3,train,0
speech/sim/boston3/train/three8.wav,boston3,train,0
speech/sim/boston3/train/three9.wav,boston3,train,0
speech/sim/boston3/train/white1.wav,boston3,train,0
speech/sim/boston3/train/white10.wav,boston3,train,0
speech/sim/boston3/train/white11.wav,boston3,train,0
speech/sim/boston3/train/white12.wav,boston3,train,0
speech/sim/boston3/train/white2.wav,boston3,train,0
speech/sim/boston3/train/white3.wav,boston3,train,0
speech/sim/boston3/train/white4.wav,boston3,train,0
speech/sim/boston3/train/white5.wav,boston3,train,0
speech/sim/boston3/train/white6.wav,boston3,train,0
speech/sim/boston3/train/white7.wav,boston3,train,0
speech/sim/boston3/train/white8.wav,boston3,train,0
speech/sim/boston3/train/white9.wav,boston3,train,0
speech/sim/boston3/train/wide1.wav,boston3,train,0
speech/sim/boston3/train/wide10.wav,boston3,train,0
speech/sim/boston3/train/wide11.wav,boston3,train,0
speech/sim/boston3/train/wide12.wav,boston3,train,0
speech/sim/boston3/train/wide2.wav,boston3,train,0
speech/sim/boston3/train/wide3.wav,boston3,train,0
speech/sim/boston3/train/wide4.wav,boston3,train,0
speech/sim/boston3/train/wide5.wav,boston3,train,0
speech/sim/boston3/train/wide6.wav,boston3,train,0
speech/sim/boston3/train/wide7.wav,boston3,train,0
speech/sim/boston3/train/wide8.wav,boston3,train,0
speech/sim/boston3/train/wide9.wav,boston3,train,0
speech/sim/boston3/train/zero1.wav,boston3,train,0
speech/sim/boston3/train/zero10.wav,boston3,train,0
speech/sim/boston3/train/zero11.wav,boston3,train,0
speech/sim/boston3/train/zero12.wav,boston3,train,0
speech/sim/boston3/train/zero2.wav,boston3,train,0
speech/sim/boston3/train/zero3.wav,boston3,train,0
speech/sim/boston3/train/zero4.wav,boston3,train,0
speech/sim/boston3/train/zero5.wav,boston3,train,0
speech/sim/boston3/train/zero6.wav,boston3,train,0
speech/sim/boston3/train/zero7.wav,boston3,train,0
speech/sim/boston3/train/zero8.wav,boston3,train,0
speech/sim/boston3/train/zero9.wav,boston3,train,0
speech/sim/general1/angry/break1.wav,general1,angry,2
speech/sim/general1/angry/break2.wav,general1,angry,2
speech/sim/general1/angry/change1.wav,general1,angry,2
speech/sim/general1/angry/change2.wav,general1,angry,2
speech/sim/general1/angry/degree1.wav,general1,angry,2
speech/sim/general1/angry/degree2.wav,general1,angry,2
speech/sim/general1/angry/destin1.wav,general1,angry,2
speech/sim/general1/angry/destin2.wav,general1,angry,2
speech/sim/general1/angry/east1.wav,general1,angry,2
speech/sim/general1/angry/east2.wav,general1,angry,2
speech/sim/general1/angry/eight1.wav,general1,angry,2
speech/sim/general1/angry/eight2.wav,general1,angry,2
speech/sim/general1/angry/eighty1.wav,general1,angry,2
speech/sim/general1/angry/eighty2.wav,general1,angry,2
speech/sim/general1/angry/enter1.wav,general1,angry,2
speech/sim/general1/angry/enter2.wav,general1,angry,2
speech/sim/general1/angry/fifty1.wav,general1,angry,2
speech/sim/general1/angry/fifty2.wav,general1,angry,2
speech/sim/general1/angry/fix1.wav,general1,angry,2
speech/sim/general1/angry/fix2.wav,general1,angry,2
speech/sim/general1/angry/freeze1.wav,general1,angry,2
speech/sim/general1/angry/freeze2.wav,general1,angry,2
speech/sim/general1/angry/gain1.wav,general1,angry,2
speech/sim/general1/angry/gain2.wav,general1,angry,2
speech/sim/general1/angry/go1.wav,general1,angry,2
speech/sim/general1/angry/go2.wav,general1,angry,2
speech/sim/general1/angry/hello1.wav,general1,angry,2
speech/sim/general1/angry/hello2.wav,general1,angry,2
speech/sim/general1/angry/help1.wav,general1,angry,2
speech/sim/general1/angry/help2.wav,general1,angry,2
speech/sim/general1/angry/histog1.wav,general1,angry,2
speech/sim/general1/angry/histog2.wav,general1,angry,2
speech/sim/general1/angry/hot1.wav,general1,angry,2
speech/sim/general1/angry/hot2.wav,general1,angry,2
speech/sim/general1/angry/mark1.wav,general1,angry,2
speech/sim/general1/angry/mark2.wav,general1,angry,2
speech/sim/general1/angry/nav1.wav,general1,angry,2
speech/sim/general1/angry/nav2.wav,general1,angry,2
speech/sim/general1/angry/no1.wav,general1,angry,2
speech/sim/general1/angry/no2.wav,general1,angry,2
speech/sim/general1/angry/oh1.wav,general1,angry,2
speech/sim/general1/angry/oh2.wav,general1,angry,2
speech/sim/general1/angry/on1.wav,general1,angry,2
speech/sim/general1/angry/on2.wav,general1,angry,2
speech/sim/general1/angry/out1.wav,general1,angry,2
speech/sim/general1/angry/out2.wav,general1,angry,2
speech/sim/general1/angry/point1.wav,general1,angry,2
speech/sim/general1/angry/point2.wav,general1,angry,2
speech/sim/general1/angry/six1.wav,general1,angry,2
speech/sim/general1/angry/six2.wav,general1,angry,2
speech/sim/general1/angry/south1.wav,general1,angry,2
speech/sim/general1/angry/south2.wav,general1,angry,2
speech/sim/general1/angry/stand1.wav,general1,angry,2
speech/sim/general1/angry/stand2.wav,general1,angry,2
speech/sim/general1/angry/steer1.wav,general1,angry,2
speech/sim/general1/angry/steer2.wav,general1,angry,2
speech/sim/general1/angry/strafe1.wav,general1,angry,2
speech/sim/general1/angry/strafe2.wav,general1,angry,2
speech/sim/general1/angry/ten1.wav,general1,angry,2
speech/sim/general1/angry/ten2.wav,general1,angry,2
speech/sim/general1/angry/thirty1.wav,general1,angry,2
speech/sim/general1/angry/thirty2.wav,general1,angry,2
speech/sim/general1/angry/three1.wav,general1,angry,2
speech/sim/general1/angry/three2.wav,general1,angry,2
speech/sim/general1/angry/white1.wav,general1,angry,2
speech/sim/general1/angry/white2.wav,general1,angry,2
speech/sim/general1/angry/wide1.wav,general1,angry,2
speech/sim/general1/angry/wide2.wav,general1,angry,2
speech/sim/general1/angry/zero1.wav,general1,angry,2
speech/sim/general1/angry/zero2.wav,general1,angry,2
speech/sim/general1/clear/break1.wav,general1,clear,0
speech/sim/general1/clear/break2.wav,general1,clear,0
speech/sim/general1/clear/change1.wav,general1,clear,0
speech/sim/general1/clear/change2.wav,general1,clear,0
speech/sim/general1/clear/degree1.wav,general1,clear,0
speech/sim/general1/clear/degree2.wav,general1,clear,0
speech/sim/general1/clear/destin1.wav,general1,clear,0
speech/sim/general1/clear/destin2.wav,general1,clear,0
speech/sim/general1/clear/east1.wav,general1,clear,0
speech/sim/general1/clear/east2.wav,general1,clear,0
speech/sim/general1/clear/eight1.wav,general1,clear,0
speech/sim/general1/clear/eight2.wav,general1,clear,0
speech/sim/general1/clear/eighty1.wav,general1,clear,0
speech/sim/general1/clear/eighty2.wav,general1,clear,0
speech/sim/general1/clear/enter1.wav,general1,clear,0
speech/sim/general1/clear/enter2.wav,general1,clear,0
speech/sim/general1/clear/fifty1.wav,general1,clear,0
speech/sim/general1/clear/fifty2.wav,general1,clear,0
speech/sim/general1/clear/fix1.wav,general1,clear,0
speech/sim/general1/clear/fix2.wav,general1,clear,0
speech/sim/general1/clear/freeze1.wav,general1,clear,0
speech/sim/general1/clear/freeze2.wav,general1,clear,0
speech/sim/general1/clear/gain1.wav,general1,clear,0
speech/sim/general1/clear/gain2.wav,general1,clear,0
speech/sim/general1/clear/go1.wav,general1,clear,0
speech/sim/general1/clear/go2.wav,general1,clear,0
speech/sim/general1/clear/hello1.wav,general1,clear,0
speech/sim/general1/clear/hello2.wav,general1,clear,0
speech/sim/general1/clear/help1.wav,general1,clear,0
speech/sim/general1/clear/help2.wav,general1,clear,0
speech/sim/general1/clear/histog1.wav,general1,clear,0
speech/sim/general1/clear/histog2.wav,general1,clear,0
speech/sim/general1/clear/hot1.wav,general1,clear,0
speech/sim/general1/clear/hot2.wav,general1,clear,0
speech/sim/general1/clear/mark1.wav,general1,clear,0
speech/sim/general1/clear/mark2.wav,general1,clear,0
speech/sim/general1/clear/nav1.wav,general1,clear,0
speech/sim/general1/clear/nav2.wav,general1,clear,0
speech/sim/general1/clear/no1.wav,general1,clear,0
speech/sim/general1/clear/no2.wav,general1,clear,0
speech/sim/general1/clear/oh1.wav,general1,clear,0
speech/sim/general1/clear/oh2.wav,general1,clear,0
speech/sim/general1/clear/on1.wav,general1,clear,0
speech/sim/general1/clear/on2.wav,general1,clear,0
speech/sim/general1/clear/out1.wav,general1,clear,0
speech/sim/general1/clear/out2.wav,general1,clear,0
speech/sim/general1/clear/point1.wav,general1,clear,0
speech/sim/general1/clear/point2.wav,general1,clear,0
speech/sim/general1/clear/six1.wav,general1,clear,0
speech/sim/general1/clear/six2.wav,general1,clear,0
speech/sim/general1/clear/south1.wav,general1,clear,0
speech/sim/general1/clear/south2.wav,general1,clear,0
speech/sim/general1/clear/stand1.wav,general1,clear,0
speech/sim/general1/clear/stand2.wav,general1,clear,0
speech/sim/general1/clear/steer1.wav,general1,clear,0
speech/sim/general1/clear/steer2.wav,general1,clear,0
speech/sim/general1/clear/strafe1.wav,general1,clear,0
speech/sim/general1/clear/strafe2.wav,general1,clear,0
speech/sim/general1/clear/ten1.wav,general1,clear,0
speech/sim/general1/clear/ten2.wav,general1,clear,0
speech/sim/general1/clear/thirty1.wav,general1,clear,0
speech/sim/general1/clear/thirty2.wav,general1,clear,0
speech/sim/general1/clear/three1.wav,general1,clear,0
speech/sim/general1/clear/three2.wav,general1,clear,0
speech/sim/general1/clear/white1.wav,general1,clear,0
speech/sim/general1/clear/white2.wav,general1,clear,0
speech/sim/general1/clear/wide1.wav,general1,clear,0
speech/sim/general1/clear/wide2.wav,general1,clear,0
speech/sim/general1/clear/zero1.wav,general1,clear,0
speech/sim/general1/clear/zero2.wav,general1,clear,0
speech/sim/general1/cond50/break1.wav,general1,cond50,0
speech/sim/general1/cond50/break2.wav,general1,cond50,0
speech/sim/general1/cond50/change1.wav,general1,cond50,0
speech/sim/general1/cond50/change2.wav,general1,cond50,0
speech/sim/general1/cond50/degree1.wav,general1,cond50,0
speech/sim/general1/cond50/degree2.wav,general1,cond50,0
speech/sim/general1/cond50/destin1.wav,general1,cond50,0
speech/sim/general1/cond50/destin2.wav,general1,cond50,0
speech/sim/general1/cond50/east1.wav,general1,cond50,0
speech/sim/general1/cond50/east2.wav,general1,cond50,0
speech/sim/general1/cond50/eight1.wav,general1,cond50,0
speech/sim/general1/cond50/eight2.wav,general1,cond50,0
speech/sim/general1/cond50/eighty1.wav,general1,cond50,0
speech/sim/general1/cond50/eighty2.wav,general1,cond50,0
speech/sim/general1/cond50/enter1.wav,general1,cond50,0
speech/sim/general1/cond50/enter2.wav,general1,cond50,0
speech/sim/general1/cond50/fifty1.wav,general1,cond50,0
speech/sim/general1/cond50/fifty2.wav,general1,cond50,0
speech/sim/general1/cond50/fix1.wav,general1,cond50,0
speech/sim/general1/cond50/fix2.wav,general1,cond50,0
speech/sim/general1/cond50/freeze1.wav,general1,cond50,0
speech/sim/general1/cond50/freeze2.wav,general1,cond50,0
speech/sim/general1/cond50/gain1.wav,general1,cond50,0
speech/sim/general1/cond50/gain2.wav,general1,cond50,0
speech/sim/general1/cond50/go1.wav,general1,cond50,0
speech/sim/general1/cond50/go2.wav,general1,cond50,0
speech/sim/general1/cond50/hello1.wav,general1,cond50,0
speech/sim/general1/cond50/hello2.wav,general1,cond50,0
speech/sim/general1/cond50/help1.wav,general1,cond50,0
speech/sim/general1/cond50/help2.wav,general1,cond50,0
speech/sim/general1/cond50/histog1.wav,general1,cond50,0
speech/sim/general1/cond50/histog2.wav,general1,cond50,0
speech/sim/general1/cond50/hot1.wav,general1,cond50,0
speech/sim/general1/cond50/hot2.wav,general1,cond50,0
speech/sim/general1/cond50/mark1.wav,general1,cond50,0
speech/sim/general1/cond50/mark2.wav,general1,cond50,0
speech/sim/general1/cond50/nav1.wav,general1,cond50,0
speech/sim/general1/cond50/nav2.wav,general1,cond50,0
speech/sim/general1/cond50/no1.wav,general1,cond50,0
speech/sim/general1/cond50/no2.wav,general1,cond50,0
speech/sim/general1/cond50/oh1.wav,general1,cond50,0
speech/sim/general1/cond50/oh2.wav,general1,cond50,0
speech/sim/general1/cond50/on1.wav,general1,cond50,0
speech/sim/general1/cond50/on2.wav,general1,cond50,0
speech/sim/general1/cond50/out1.wav,general1,cond50,0
speech/sim/general1/cond50/out2.wav,general1,cond50,0
speech/sim/general1/cond50/point1.wav,general1,cond50,0
speech/sim/general1/cond50/point2.wav,general1,cond50,0
speech/sim/general1/cond50/six1.wav,general1,cond50,0
speech/sim/general1/cond50/six2.wav,general1,cond50,0
speech/sim/general1/cond50/south1.wav,general1,cond50,0
speech/sim/general1/cond50/south2.wav,general1,cond50,0
speech/sim/general1/cond50/stand1.wav,general1,cond50,0
speech/sim/general1/cond50/stand2.wav,general1,cond50,0
speech/sim/general1/cond50/steer1.wav,general1,cond50,0
speech/sim/general1/cond50/steer2.wav,general1,cond50,0
speech/sim/general1/cond50/strafe1.wav,general1,cond50,0
speech/sim/general1/cond50/strafe2.wav,general1,cond50,0
speech/sim/general1/cond50/ten1.wav,general1,cond50,0
speech/sim/general1/cond50/ten2.wav,general1,cond50,0
speech/sim/general1/cond50/thirty1.wav,general1,cond50,0
speech/sim/general1/cond50/thirty2.wav,general1,cond50,0
speech/sim/general1/cond50/three1.wav,general1,cond50,0
speech/sim/general1/cond50/three2.wav,general1,cond50,0
speech/sim/general1/cond50/white1.wav,general1,cond50,0
speech/sim/general1/cond50/white2.wav,general1,cond50,0
speech/sim/general1/cond50/wide1.wav,general1,cond50,0
speech/sim/general1/cond50/wide2.wav,general1,cond50,0
speech/sim/general1/cond50/zero1.wav,general1,cond50,0
speech/sim/general1/cond50/zero2.wav,general1,cond50,0
speech/sim/general1/cond70/break1.wav,general1,cond70,1
speech/sim/general1/cond70/break2.wav,general1,cond70,1
speech/sim/general1/cond70/change1.wav,general1,cond70,1
speech/sim/general1/cond70/change2.wav,general1,cond70,1
speech/sim/general1/cond70/degree1.wav,general1,cond70,1
speech/sim/general1/cond70/degree2.wav,general1,cond70,1
speech/sim/general1/cond70/destin1.wav,general1,cond70,1
speech/sim/general1/cond70/destin2.wav,general1,cond70,1
speech/sim/general1/cond70/east1.wav,general1,cond70,1
speech/sim/general1/cond70/east2.wav,general1,cond70,1
speech/sim/general1/cond70/eight1.wav,general1,cond70,1
speech/sim/general1/cond70/eight2.wav,general1,cond70,1
speech/sim/general1/cond70/eighty1.wav,general1,cond70,1
speech/sim/general1/cond70/eighty2.wav,general1,cond70,1
speech/sim/general1/cond70/enter1.wav,general1,cond70,1
speech/sim/general1/cond70/enter2.wav,general1,cond70,1
speech/sim/general1/cond70/fifty1.wav,general1,cond70,1
speech/sim/general1/cond70/fifty2.wav,general1,cond70,1
speech/sim/general1/cond70/fix1.wav,general1,cond70,1
speech/sim/general1/cond70/fix2.wav,general1,cond70,1
speech/sim/general1/cond70/freeze1.wav,general1,cond70,1
speech/sim/general1/cond70/freeze2.wav,general1,cond70,1
speech/sim/general1/cond70/gain1.wav,general1,cond70,1
speech/sim/general1/cond70/gain2.wav,general1,cond70,1
speech/sim/general1/cond70/go1.wav,general1,cond70,1
speech/sim/general1/cond70/go2.wav,general1,cond70,1
speech/sim/general1/cond70/hello1.wav,general1,cond70,1
speech/sim/general1/cond70/hello2.wav,general1,cond70,1
speech/sim/general1/cond70/help1.wav,general1,cond70,1
speech/sim/general1/cond70/help2.wav,general1,cond70,1
speech/sim/general1/cond70/histog1.wav,general1,cond70,1
speech/sim/general1/cond70/histog2.wav,general1,cond70,1
speech/sim/general1/cond70/hot1.wav,general1,cond70,1
speech/sim/general1/cond70/hot2.wav,general1,cond70,1
speech/sim/general1/cond70/mark1.wav,general1,cond70,1
speech/sim/general1/cond70/mark2.wav,general1,cond70,1
speech/sim/general1/cond70/nav1.wav,general1,cond70,1
speech/sim/general1/cond70/nav2.wav,general1,cond70,1
speech/sim/general1/cond70/no1.wav,general1,cond70,1
speech/sim/general1/cond70/no2.wav,general1,cond70,1
speech/sim/general1/cond70/oh1.wav,general1,cond70,1
speech/sim/general1/cond70/oh2.wav,general1,cond70,1
speech/sim/general1/cond70/on1.wav,general1,cond70,1
speech/sim/general1/cond70/on2.wav,general1,cond70,1
speech/sim/general1/cond70/out1.wav,general1,cond70,1
speech/sim/general1/cond70/out2.wav,general1,cond70,1
speech/sim/general1/cond70/point1.wav,general1,cond70,1
speech/sim/general1/cond70/point2.wav,general1,cond70,1
speech/sim/general1/cond70/six1.wav,general1,cond70,1
speech/sim/general1/cond70/six2.wav,general1,cond70,1
speech/sim/general1/cond70/south1.wav,general1,cond70,1
speech/sim/general1/cond70/south2.wav,general1,cond70,1
speech/sim/general1/cond70/stand1.wav,general1,cond70,1
speech/sim/general1/cond70/stand2.wav,general1,cond70,1
speech/sim/general1/cond70/steer1.wav,general1,cond70,1
speech/sim/general1/cond70/steer2.wav,general1,cond70,1
speech/sim/general1/cond70/strafe1.wav,general1,cond70,1
speech/sim/general1/cond70/strafe2.wav,general1,cond70,1
speech/sim/general1/cond70/ten1.wav,general1,cond70,1
speech/sim/general1/cond70/ten2.wav,general1,cond70,1
speech/sim/general1/cond70/thirty1.wav,general1,cond70,1
speech/sim/general1/cond70/thirty2.wav,general1,cond70,1
speech/sim/general1/cond70/three1.wav,general1,cond70,1
speech/sim/general1/cond70/three2.wav,general1,cond70,1
speech/sim/general1/cond70/white1.wav,general1,cond70,1
speech/sim/general1/cond70/white2.wav,general1,cond70,1
speech/sim/general1/cond70/wide1.wav,general1,cond70,1
speech/sim/general1/cond70/wide2.wav,general1,cond70,1
speech/sim/general1/cond70/zero1.wav,general1,cond70,1
speech/sim/general1/cond70/zero2.wav,general1,cond70,1
speech/sim/general1/fast/break1.wav,general1,fast,0
speech/sim/general1/fast/break2.wav,general1,fast,0
speech/sim/general1/fast/change1.wav,general1,fast,0
speech/sim/general1/fast/change2.wav,general1,fast,0
speech/sim/general1/fast/degree1.wav,general1,fast,0
speech/sim/general1/fast/degree2.wav,general1,fast,0
speech/sim/general1/fast/destin1.wav,general1,fast,0
speech/sim/general1/fast/destin2.wav,general1,fast,0
speech/sim/general1/fast/east1.wav,general1,fast,0
speech/sim/general1/fast/east2.wav,general1,fast,0
speech/sim/general1/fast/eight1.wav,general1,fast,0
speech/sim/general1/fast/eight2.wav,general1,fast,0
speech/sim/general1/fast/eighty1.wav,general1,fast,0
speech/sim/general1/fast/eighty2.wav,general1,fast,0
speech/sim/general1/fast/enter1.wav,general1,fast,0
speech/sim/general1/fast/enter2.wav,general1,fast,0
speech/sim/general1/fast/fifty1.wav,general1,fast,0
speech/sim/general1/fast/fifty2.wav,general1,fast,0
speech/sim/general1/fast/fix1.wav,general1,fast,0
speech/sim/general1/fast/fix2.wav,general1,fast,0
speech/sim/general1/fast/freeze1.wav,general1,fast,0
speech/sim/general1/fast/freeze2.wav,general1,fast,0
speech/sim/general1/fast/gain1.wav,general1,fast,0
speech/sim/general1/fast/gain2.wav,general1,fast,0
speech/sim/general1/fast/go1.wav,general1,fast,0
speech/sim/general1/fast/go2.wav,general1,fast,0
speech/sim/general1/fast/hello1.wav,general1,fast,0
speech/sim/general1/fast/hello2.wav,general1,fast,0
speech/sim/general1/fast/help1.wav,general1,fast,0
speech/sim/general1/fast/help2.wav,general1,fast,0
speech/sim/general1/fast/histog1.wav,general1,fast,0
speech/sim/general1/fast/histog2.wav,general1,fast,0
speech/sim/general1/fast/hot1.wav,general1,fast,0
speech/sim/general1/fast/hot2.wav,general1,fast,0
speech/sim/general1/fast/mark1.wav,general1,fast,0
speech/sim/general1/fast/mark2.wav,general1,fast,0
speech/sim/general1/fast/nav1.wav,general1,fast,0
speech/sim/general1/fast/nav2.wav,general1,fast,0
speech/sim/general1/fast/no1.wav,general1,fast,0
speech/sim/general1/fast/no2.wav,general1,fast,0
speech/sim/general1/fast/oh1.wav,general1,fast,0
speech/sim/general1/fast/oh2.wav,general1,fast,0
speech/sim/general1/fast/on1.wav,general1,fast,0
speech/sim/general1/fast/on2.wav,general1,fast,0
speech/sim/general1/fast/out1.wav,general1,fast,0
speech/sim/general1/fast/out2.wav,general1,fast,0
speech/sim/general1/fast/point1.wav,general1,fast,0
speech/sim/general1/fast/point2.wav,general1,fast,0
speech/sim/general1/fast/six1.wav,general1,fast,0
speech/sim/general1/fast/six2.wav,general1,fast,0
speech/sim/general1/fast/south1.wav,general1,fast,0
speech/sim/general1/fast/south2.wav,general1,fast,0
speech/sim/general1/fast/stand1.wav,general1,fast,0
speech/sim/general1/fast/stand2.wav,general1,fast,0
speech/sim/general1/fast/steer1.wav,general1,fast,0
speech/sim/general1/fast/steer2.wav,general1,fast,0
speech/sim/general1/fast/strafe1.wav,general1,fast,0
speech/sim/general1/fast/strafe2.wav,general1,fast,0
speech/sim/general1/fast/ten1.wav,general1,fast,0
speech/sim/general1/fast/ten2.wav,general1,fast,0
speech/sim/general1/fast/thirty1.wav,general1,fast,0
speech/sim/general1/fast/thirty2.wav,general1,fast,0
speech/sim/general1/fast/three1.wav,general1,fast,0
speech/sim/general1/fast/three2.wav,general1,fast,0
speech/sim/general1/fast/white1.wav,general1,fast,0
speech/sim/general1/fast/white2.wav,general1,fast,0
speech/sim/general1/fast/wide1.wav,general1,fast,0
speech/sim/general1/fast/wide2.wav,general1,fast,0
speech/sim/general1/fast/zero1.wav,general1,fast,0
speech/sim/general1/fast/zero2.wav,general1,fast,0
speech/sim/general1/lombard/break1.wav,general1,lombard,1
speech/sim/general1/lombard/break2.wav,general1,lombard,1
speech/sim/general1/lombard/change1.wav,general1,lombard,1
speech/sim/general1/lombard/change2.wav,general1,lombard,1
speech/sim/general1/lombard/degree1.wav,general1,lombard,1
speech/sim/general1/lombard/degree2.wav,general1,lombard,1
speech/sim/general1/lombard/destin1.wav,general1,lombard,1
speech/sim/general1/lombard/destin2.wav,general1,lombard,1
speech/sim/general1/lombard/east1.wav,general1,lombard,1
speech/sim/general1/lombard/east2.wav,general1,lombard,1
speech/sim/general1/lombard/eight1.wav,general1,lombard,1
speech/sim/general1/lombard/eight2.wav,general1,lombard,1
speech/sim/general1/lombard/eighty1.wav,general1,lombard,1
speech/sim/general1/lombard/eighty2.wav,general1,lombard,1
speech/sim/general1/lombard/enter1.wav,general1,lombard,1
speech/sim/general1/lombard/enter2.wav,general1,lombard,1
speech/sim/general1/lombard/fifty1.wav,general1,lombard,1
speech/sim/general1/lombard/fifty2.wav,general1,lombard,1
speech/sim/general1/lombard/fix1.wav,general1,lombard,1
speech/sim/general1/lombard/fix2.wav,general1,lombard,1
speech/sim/general1/lombard/freeze1.wav,general1,lombard,1
speech/sim/general1/lombard/freeze2.wav,general1,lombard,1
speech/sim/general1/lombard/gain1.wav,general1,lombard,1
speech/sim/general1/lombard/gain2.wav,general1,lombard,1
speech/sim/general1/lombard/go1.wav,general1,lombard,1
speech/sim/general1/lombard/go2.wav,general1,lombard,1
speech/sim/general1/lombard/hello1.wav,general1,lombard,1
speech/sim/general1/lombard/hello2.wav,general1,lombard,1
speech/sim/general1/lombard/help1.wav,general1,lombard,1
speech/sim/general1/lombard/help2.wav,general1,lombard,1
speech/sim/general1/lombard/histog1.wav,general1,lombard,1
speech/sim/general1/lombard/histog2.wav,general1,lombard,1
speech/sim/general1/lombard/hot1.wav,general1,lombard,1
speech/sim/general1/lombard/hot2.wav,general1,lombard,1
speech/sim/general1/lombard/mark1.wav,general1,lombard,1
speech/sim/general1/lombard/mark2.wav,general1,lombard,1
speech/sim/general1/lombard/nav1.wav,general1,lombard,1
speech/sim/general1/lombard/nav2.wav,general1,lombard,1
speech/sim/general1/lombard/no1.wav,general1,lombard,1
speech/sim/general1/lombard/no2.wav,general1,lombard,1
speech/sim/general1/lombard/oh1.wav,general1,lombard,1
speech/sim/general1/lombard/oh2.wav,general1,lombard,1
speech/sim/general1/lombard/on1.wav,general1,lombard,1
speech/sim/general1/lombard/on2.wav,general1,lombard,1
speech/sim/general1/lombard/out1.wav,general1,lombard,1
speech/sim/general1/lombard/out2.wav,general1,lombard,1
speech/sim/general1/lombard/point1.wav,general1,lombard,1
speech/sim/general1/lombard/point2.wav,general1,lombard,1
speech/sim/general1/lombard/six1.wav,general1,lombard,1
speech/sim/general1/lombard/six2.wav,general1,lombard,1
speech/sim/general1/lombard/south1.wav,general1,lombard,1
speech/sim/general1/lombard/south2.wav,general1,lombard,1
speech/sim/general1/lombard/stand1.wav,general1,lombard,1
speech/sim/general1/lombard/stand2.wav,general1,lombard,1
speech/sim/general1/lombard/steer1.wav,general1,lombard,1
speech/sim/general1/lombard/steer2.wav,general1,lombard,1
speech/sim/general1/lombard/strafe1.wav,general1,lombard,1
speech/sim/general1/lombard/strafe2.wav,general1,lombard,1
speech/sim/general1/lombard/ten1.wav,general1,lombard,1
speech/sim/general1/lombard/ten2.wav,general1,lombard,1
speech/sim/general1/lombard/thirty1.wav,general1,lombard,1
speech/sim/general1/lombard/thirty2.wav,general1,lombard,1
speech/sim/general1/lombard/three1.wav,general1,lombard,1
speech/sim/general1/lombard/three2.wav,general1,lombard,1
speech/sim/general1/lombard/white1.wav,general1,lombard,1
speech/sim/general1/lombard/white2.wav,general1,lombard,1
speech/sim/general1/lombard/wide1.wav,general1,lombard,1
speech/sim/general1/lombard/wide2.wav,general1,lombard,1
speech/sim/general1/lombard/zero1.wav,general1,lombard,1
speech/sim/general1/lombard/zero2.wav,general1,lombard,1
speech/sim/general1/loud/break1.wav,general1,loud,1
speech/sim/general1/loud/break2.wav,general1,loud,1
speech/sim/general1/loud/change1.wav,general1,loud,1
speech/sim/general1/loud/change2.wav,general1,loud,1
speech/sim/general1/loud/degree1.wav,general1,loud,1
speech/sim/general1/loud/degree2.wav,general1,loud,1
speech/sim/general1/loud/destin1.wav,general1,loud,1
speech/sim/general1/loud/destin2.wav,general1,loud,1
speech/sim/general1/loud/east1.wav,general1,loud,1
speech/sim/general1/loud/east2.wav,general1,loud,1
speech/sim/general1/loud/eight1.wav,general1,loud,1
speech/sim/general1/loud/eight2.wav,general1,loud,1
speech/sim/general1/loud/eighty1.wav,general1,loud,1
speech/sim/general1/loud/eighty2.wav,general1,loud,1
speech/sim/general1/loud/enter1.wav,general1,loud,1
speech/sim/general1/loud/enter2.wav,general1,loud,1
speech/sim/general1/loud/fifty1.wav,general1,loud,1
speech/sim/general1/loud/fifty2.wav,general1,loud,1
speech/sim/general1/loud/fix1.wav,general1,loud,1
speech/sim/general1/loud/fix2.wav,general1,loud,1
speech/sim/general1/loud/freeze1.wav,general1,loud,1
speech/sim/general1/loud/freeze2.wav,general1,loud,1
speech/sim/general1/loud/gain1.wav,general1,loud,1
speech/sim/general1/loud/gain2.wav,general1,loud,1
speech/sim/general1/loud/go1.wav,general1,loud,1
speech/sim/general1/loud/go2.wav,general1,loud,1
speech/sim/general1/loud/hello1.wav,general1,loud,1
speech/sim/general1/loud/hello2.wav,general1,loud,1
speech/sim/general1/loud/help1.wav,general1,loud,1
speech/sim/general1/loud/help2.wav,general1,loud,1
speech/sim/general1/loud/histog1.wav,general1,loud,1
speech/sim/general1/loud/histog2.wav,general1,loud,1
speech/sim/general1/loud/hot1.wav,general1,loud,1
speech/sim/general1/loud/hot2.wav,general1,loud,1
speech/sim/general1/loud/mark1.wav,general1,loud,1
speech/sim/general1/loud/mark2.wav,general1,loud,1
speech/sim/general1/loud/nav1.wav,general1,loud,1
speech/sim/general1/loud/nav2.wav,general1,loud,1
speech/sim/general1/loud/no1.wav,general1,loud,1
speech/sim/general1/loud/no2.wav,general1,loud,1
speech/sim/general1/loud/oh1.wav,general1,loud,1
speech/sim/general1/loud/oh2.wav,general1,loud,1
speech/sim/general1/loud/on1.wav,general1,loud,1
speech/sim/general1/loud/on2.wav,general1,loud,1
speech/sim/general1/loud/out1.wav,general1,loud,1
speech/sim/general1/loud/out2.wav,general1,loud,1
speech/sim/general1/loud/point1.wav,general1,loud,1
speech/sim/general1/loud/point2.wav,general1,loud,1
speech/sim/general1/loud/six1.wav,general1,loud,1
speech/sim/general1/loud/six2.wav,general1,loud,1
speech/sim/general1/loud/south1.wav,general1,loud,1
speech/sim/general1/loud/south2.wav,general1,loud,1
speech/sim/general1/loud/stand1.wav,general1,loud,1
speech/sim/general1/loud/stand2.wav,general1,loud,1
speech/sim/general1/loud/steer1.wav,general1,loud,1
speech/sim/general1/loud/steer2.wav,general1,loud,1
speech/sim/general1/loud/strafe1.wav,general1,loud,1
speech/sim/general1/loud/strafe2.wav,general1,loud,1
speech/sim/general1/loud/ten1.wav,general1,loud,1
speech/sim/general1/loud/ten2.wav,general1,loud,1
speech/sim/general1/loud/thirty1.wav,general1,loud,1
speech/sim/general1/loud/thirty2.wav,general1,loud,1
speech/sim/general1/loud/three1.wav,general1,loud,1
speech/sim/general1/loud/three2.wav,general1,loud,1
speech/sim/general1/loud/white1.wav,general1,loud,1
speech/sim/general1/loud/white2.wav,general1,loud,1
speech/sim/general1/loud/wide1.wav,general1,loud,1
speech/sim/general1/loud/wide2.wav,general1,loud,1
speech/sim/general1/loud/zero1.wav,general1,loud,1
speech/sim/general1/loud/zero2.wav,general1,loud,1
speech/sim/general1/neutral/break1.wav,general1,neutral,0
speech/sim/general1/neutral/break2.wav,general1,neutral,0
speech/sim/general1/neutral/change1.wav,general1,neutral,0
speech/sim/general1/neutral/change2.wav,general1,neutral,0
speech/sim/general1/neutral/degree1.wav,general1,neutral,0
speech/sim/general1/neutral/degree2.wav,general1,neutral,0
speech/sim/general1/neutral/destin1.wav,general1,neutral,0
speech/sim/general1/neutral/destin2.wav,general1,neutral,0
speech/sim/general1/neutral/east1.wav,general1,neutral,0
speech/sim/general1/neutral/east2.wav,general1,neutral,0
speech/sim/general1/neutral/eight1.wav,general1,neutral,0
speech/sim/general1/neutral/eight2.wav,general1,neutral,0
speech/sim/general1/neutral/eighty1.wav,general1,neutral,0
speech/sim/general1/neutral/eighty2.wav,general1,neutral,0
speech/sim/general1/neutral/enter1.wav,general1,neutral,0
speech/sim/general1/neutral/enter2.wav,general1,neutral,0
speech/sim/general1/neutral/fifty1.wav,general1,neutral,0
speech/sim/general1/neutral/fifty2.wav,general1,neutral,0
speech/sim/general1/neutral/fix1.wav,general1,neutral,0
speech/sim/general1/neutral/fix2.wav,general1,neutral,0
speech/sim/general1/neutral/freeze1.wav,general1,neutral,0
speech/sim/general1/neutral/freeze2.wav,general1,neutral,0
speech/sim/general1/neutral/gain1.wav,general1,neutral,0
speech/sim/general1/neutral/gain2.wav,general1,neutral,0
speech/sim/general1/neutral/go1.wav,general1,neutral,0
speech/sim/general1/neutral/go2.wav,general1,neutral,0
speech/sim/general1/neutral/hello1.wav,general1,neutral,0
speech/sim/general1/neutral/hello2.wav,general1,neutral,0
speech/sim/general1/neutral/help1.wav,general1,neutral,0
speech/sim/general1/neutral/help2.wav,general1,neutral,0
speech/sim/general1/neutral/histog1.wav,general1,neutral,0
speech/sim/general1/neutral/histog2.wav,general1,neutral,0
speech/sim/general1/neutral/hot1.wav,general1,neutral,0
speech/sim/general1/neutral/hot2.wav,general1,neutral,0
speech/sim/general1/neutral/mark1.wav,general1,neutral,0
speech/sim/general1/neutral/mark2.wav,general1,neutral,0
speech/sim/general1/neutral/mark3.wav,general1,neutral,0
speech/sim/general1/neutral/nav1.wav,general1,neutral,0
speech/sim/general1/neutral/nav2.wav,general1,neutral,0
speech/sim/general1/neutral/no1.wav,general1,neutral,0
speech/sim/general1/neutral/no2.wav,general1,neutral,0
speech/sim/general1/neutral/oh1.wav,general1,neutral,0
speech/sim/general1/neutral/oh2.wav,general1,neutral,0
speech/sim/general1/neutral/on1.wav,general1,neutral,0
speech/sim/general1/neutral/on2.wav,general1,neutral,0
speech/sim/general1/neutral/out1.wav,general1,neutral,0
speech/sim/general1/neutral/out2.wav,general1,neutral,0
speech/sim/general1/neutral/point1.wav,general1,neutral,0
speech/sim/general1/neutral/point2.wav,general1,neutral,0
speech/sim/general1/neutral/six1.wav,general1,neutral,0
speech/sim/general1/neutral/six2.wav,general1,neutral,0
speech/sim/general1/neutral/south1.wav,general1,neutral,0
speech/sim/general1/neutral/south2.wav,general1,neutral,0
speech/sim/general1/neutral/stand1.wav,general1,neutral,0
speech/sim/general1/neutral/stand2.wav,general1,neutral,0
speech/sim/general1/neutral/steer1.wav,general1,neutral,0
speech/sim/general1/neutral/steer2.wav,general1,neutral,0
speech/sim/general1/neutral/strafe1.wav,general1,neutral,0
speech/sim/general1/neutral/strafe2.wav,general1,neutral,0
speech/sim/general1/neutral/ten1.wav,general1,neutral,0
speech/sim/general1/neutral/ten2.wav,general1,neutral,0
speech/sim/general1/neutral/thirty1.wav,general1,neutral,0
speech/sim/general1/neutral/thirty2.wav,general1,neutral,0
speech/sim/general1/neutral/three1.wav,general1,neutral,0
speech/sim/general1/neutral/three2.wav,general1,neutral,0
speech/sim/general1/neutral/white1.wav,general1,neutral,0
speech/sim/general1/neutral/white2.wav,general1,neutral,0
speech/sim/general1/neutral/wide1.wav,general1,neutral,0
speech/sim/general1/neutral/wide2.wav,general1,neutral,0
speech/sim/general1/neutral/zero1.wav,general1,neutral,0
speech/sim/general1/neutral/zero2.wav,general1,neutral,0
speech/sim/general1/question/break1.wav,general1,question,0
speech/sim/general1/question/break2.wav,general1,question,0
speech/sim/general1/question/change1.wav,general1,question,0
speech/sim/general1/question/change2.wav,general1,question,0
speech/sim/general1/question/degree1.wav,general1,question,0
speech/sim/general1/question/degree2.wav,general1,question,0
speech/sim/general1/question/destin1.wav,general1,question,0
speech/sim/general1/question/destin2.wav,general1,question,0
speech/sim/general1/question/east1.wav,general1,question,0
speech/sim/general1/question/east2.wav,general1,question,0
speech/sim/general1/question/eight1.wav,general1,question,0
speech/sim/general1/question/eight2.wav,general1,question,0
speech/sim/general1/question/eighty1.wav,general1,question,0
speech/sim/general1/question/eighty2.wav,general1,question,0
speech/sim/general1/question/enter1.wav,general1,question,0
speech/sim/general1/question/enter2.wav,general1,question,0
speech/sim/general1/question/fifty1.wav,general1,question,0
speech/sim/general1/question/fifty2.wav,general1,question,0
speech/sim/general1/question/fix1.wav,general1,question,0
speech/sim/general1/question/fix2.wav,general1,question,0
speech/sim/general1/question/freeze1.wav,general1,question,0
speech/sim/general1/question/freeze2.wav,general1,question,0
speech/sim/general1/question/gain1.wav,general1,question,0
speech/sim/general1/question/gain2.wav,general1,question,0
speech/sim/general1/question/go1.wav,general1,question,0
speech/sim/general1/question/go2.wav,general1,question,0
speech/sim/general1/question/hello1.wav,general1,question,0
speech/sim/general1/question/hello2.wav,general1,question,0
speech/sim/general1/question/help1.wav,general1,question,0
speech/sim/general1/question/help2.wav,general1,question,0
speech/sim/general1/question/histog1.wav,general1,question,0
speech/sim/general1/question/histog2.wav,general1,question,0
speech/sim/general1/question/hot1.wav,general1,question,0
speech/sim/general1/question/hot2.wav,general1,question,0
speech/sim/general1/question/mark1.wav,general1,question,0
speech/sim/general1/question/mark2.wav,general1,question,0
speech/sim/general1/question/nav1.wav,general1,question,0
speech/sim/general1/question/nav2.wav,general1,question,0
speech/sim/general1/question/no1.wav,general1,question,0
speech/sim/general1/question/no2.wav,general1,question,0
speech/sim/general1/question/oh1.wav,general1,question,0
speech/sim/general1/question/oh2.wav,general1,question,0
speech/sim/general1/question/on1.wav,general1,question,0
speech/sim/general1/question/on2.wav,general1,question,0
speech/sim/general1/question/out1.wav,general1,question,0
speech/sim/general1/question/out2.wav,general1,question,0
speech/sim/general1/question/point1.wav,general1,question,0
speech/sim/general1/question/point2.wav,general1,question,0
speech/sim/general1/question/six1.wav,general1,question,0
speech/sim/general1/question/six2.wav,general1,question,0
speech/sim/general1/question/south1.wav,general1,question,0
speech/sim/general1/question/south2.wav,general1,question,0
speech/sim/general1/question/stand1.wav,general1,question,0
speech/sim/general1/question/stand2.wav,general1,question,0
speech/sim/general1/question/steer1.wav,general1,question,0
speech/sim/general1/question/steer2.wav,general1,question,0
speech/sim/general1/question/strafe1.wav,general1,question,0
speech/sim/general1/question/strafe2.wav,general1,question,0
speech/sim/general1/question/ten1.wav,general1,question,0
speech/sim/general1/question/ten2.wav,general1,question,0
speech/sim/general1/question/thirty1.wav,general1,question,0
speech/sim/general1/question/thirty2.wav,general1,question,0
speech/sim/general1/question/three1.wav,general1,question,0
speech/sim/general1/question/three2.wav,general1,question,0
speech/sim/general1/question/white1.wav,general1,question,0
speech/sim/general1/question/white2.wav,general1,question,0
speech/sim/general1/question/wide1.wav,general1,question,0
speech/sim/general1/question/wide2.wav,general1,question,0
speech/sim/general1/question/zero1.wav,general1,question,0
speech/sim/general1/question/zero2.wav,general1,question,0
speech/sim/general1/slow/break1.wav,general1,slow,0
speech/sim/general1/slow/break2.wav,general1,slow,0
speech/sim/general1/slow/change1.wav,general1,slow,0
speech/sim/general1/slow/change2.wav,general1,slow,0
speech/sim/general1/slow/degree1.wav,general1,slow,0
speech/sim/general1/slow/degree2.wav,general1,slow,0
speech/sim/general1/slow/destin1.wav,general1,slow,0
speech/sim/general1/slow/destin2.wav,general1,slow,0
speech/sim/general1/slow/east1.wav,general1,slow,0
speech/sim/general1/slow/east2.wav,general1,slow,0
speech/sim/general1/slow/eight1.wav,general1,slow,0
speech/sim/general1/slow/eight2.wav,general1,slow,0
speech/sim/general1/slow/eighty1.wav,general1,slow,0
speech/sim/general1/slow/eighty2.wav,general1,slow,0
speech/sim/general1/slow/enter1.wav,general1,slow,0
speech/sim/general1/slow/enter2.wav,general1,slow,0
speech/sim/general1/slow/fifty1.wav,general1,slow,0
speech/sim/general1/slow/fifty2.wav,general1,slow,0
speech/sim/general1/slow/fix1.wav,general1,slow,0
speech/sim/general1/slow/fix2.wav,general1,slow,0
speech/sim/general1/slow/freeze1.wav,general1,slow,0
speech/sim/general1/slow/freeze2.wav,general1,slow,0
speech/sim/general1/slow/gain1.wav,general1,slow,0
speech/sim/general1/slow/gain2.wav,general1,slow,0
speech/sim/general1/slow/go1.wav,general1,slow,0
speech/sim/general1/slow/go2.wav,general1,slow,0
speech/sim/general1/slow/hello1.wav,general1,slow,0
speech/sim/general1/slow/hello2.wav,general1,slow,0
speech/sim/general1/slow/help1.wav,general1,slow,0
speech/sim/general1/slow/help2.wav,general1,slow,0
speech/sim/general1/slow/histog1.wav,general1,slow,0
speech/sim/general1/slow/histog2.wav,general1,slow,0
speech/sim/general1/slow/hot1.wav,general1,slow,0
speech/sim/general1/slow/hot2.wav,general1,slow,0
speech/sim/general1/slow/mark1.wav,general1,slow,0
speech/sim/general1/slow/mark2.wav,general1,slow,0
speech/sim/general1/slow/nav1.wav,general1,slow,0
speech/sim/general1/slow/nav2.wav,general1,slow,0
speech/sim/general1/slow/no1.wav,general1,slow,0
speech/sim/general1/slow/no2.wav,general1,slow,0
speech/sim/general1/slow/oh1.wav,general1,slow,0
speech/sim/general1/slow/oh2.wav,general1,slow,0
speech/sim/general1/slow/on1.wav,general1,slow,0
speech/sim/general1/slow/on2.wav,general1,slow,0
speech/sim/general1/slow/out1.wav,general1,slow,0
speech/sim/general1/slow/out2.wav,general1,slow,0
speech/sim/general1/slow/point1.wav,general1,slow,0
speech/sim/general1/slow/point2.wav,general1,slow,0
speech/sim/general1/slow/six1.wav,general1,slow,0
speech/sim/general1/slow/six2.wav,general1,slow,0
speech/sim/general1/slow/south1.wav,general1,slow,0
speech/sim/general1/slow/south2.wav,general1,slow,0
speech/sim/general1/slow/stand1.wav,general1,slow,0
speech/sim/general1/slow/stand2.wav,general1,slow,0
speech/sim/general1/slow/steer1.wav,general1,slow,0
speech/sim/general1/slow/steer2.wav,general1,slow,0
speech/sim/general1/slow/strafe1.wav,general1,slow,0
speech/sim/general1/slow/strafe2.wav,general1,slow,0
speech/sim/general1/slow/ten1.wav,general1,slow,0
speech/sim/general1/slow/ten2.wav,general1,slow,0
speech/sim/general1/slow/thirty1.wav,general1,slow,0
speech/sim/general1/slow/thirty2.wav,general1,slow,0
speech/sim/general1/slow/three1.wav,general1,slow,0
speech/sim/general1/slow/three2.wav,general1,slow,0
speech/sim/general1/slow/white1.wav,general1,slow,0
speech/sim/general1/slow/white2.wav,general1,slow,0
speech/sim/general1/slow/wide1.wav,general1,slow,0
speech/sim/general1/slow/wide2.wav,general1,slow,0
speech/sim/general1/slow/zero1.wav,general1,slow,0
speech/sim/general1/slow/zero2.wav,general1,slow,0
speech/sim/general1/soft/break1.wav,general1,soft,0
speech/sim/general1/soft/break2.wav,general1,soft,0
speech/sim/general1/soft/change1.wav,general1,soft,0
speech/sim/general1/soft/change2.wav,general1,soft,0
speech/sim/general1/soft/degree1.wav,general1,soft,0
speech/sim/general1/soft/degree2.wav,general1,soft,0
speech/sim/general1/soft/destin1.wav,general1,soft,0
speech/sim/general1/soft/destin2.wav,general1,soft,0
speech/sim/general1/soft/east1.wav,general1,soft,0
speech/sim/general1/soft/east2.wav,general1,soft,0
speech/sim/general1/soft/eight1.wav,general1,soft,0
speech/sim/general1/soft/eight2.wav,general1,soft,0
speech/sim/general1/soft/eighty1.wav,general1,soft,0
speech/sim/general1/soft/eighty2.wav,general1,soft,0
speech/sim/general1/soft/enter1.wav,general1,soft,0
speech/sim/general1/soft/enter2.wav,general1,soft,0
speech/sim/general1/soft/fifty1.wav,general1,soft,0
speech/sim/general1/soft/fifty2.wav,general1,soft,0
speech/sim/general1/soft/fix1.wav,general1,soft,0
speech/sim/general1/soft/fix2.wav,general1,soft,0
speech/sim/general1/soft/freeze1.wav,general1,soft,0
speech/sim/general1/soft/freeze2.wav,general1,soft,0
speech/sim/general1/soft/gain1.wav,general1,soft,0
speech/sim/general1/soft/gain2.wav,general1,soft,0
speech/sim/general1/soft/go1.wav,general1,soft,0
speech/sim/general1/soft/go2.wav,general1,soft,0
speech/sim/general1/soft/hello1.wav,general1,soft,0
speech/sim/general1/soft/hello2.wav,general1,soft,0
speech/sim/general1/soft/help1.wav,general1,soft,0
speech/sim/general1/soft/help2.wav,general1,soft,0
speech/sim/general1/soft/histog1.wav,general1,soft,0
speech/sim/general1/soft/histog2.wav,general1,soft,0
speech/sim/general1/soft/hot1.wav,general1,soft,0
speech/sim/general1/soft/hot2.wav,general1,soft,0
speech/sim/general1/soft/mark1.wav,general1,soft,0
speech/sim/general1/soft/mark2.wav,general1,soft,0
speech/sim/general1/soft/nav1.wav,general1,soft,0
speech/sim/general1/soft/nav2.wav,general1,soft,0
speech/sim/general1/soft/no1.wav,general1,soft,0
speech/sim/general1/soft/no2.wav,general1,soft,0
speech/sim/general1/soft/oh1.wav,general1,soft,0
speech/sim/general1/soft/oh2.wav,general1,soft,0
speech/sim/general1/soft/on1.wav,general1,soft,0
speech/sim/general1/soft/on2.wav,general1,soft,0
speech/sim/general1/soft/out1.wav,general1,soft,0
speech/sim/general1/soft/out2.wav,general1,soft,0
speech/sim/general1/soft/point1.wav,general1,soft,0
speech/sim/general1/soft/point2.wav,general1,soft,0
speech/sim/general1/soft/six1.wav,general1,soft,0
speech/sim/general1/soft/six2.wav,general1,soft,0
speech/sim/general1/soft/south1.wav,general1,soft,0
speech/sim/general1/soft/south2.wav,general1,soft,0
speech/sim/general1/soft/stand1.wav,general1,soft,0
speech/sim/general1/soft/stand2.wav,general1,soft,0
speech/sim/general1/soft/steer1.wav,general1,soft,0
speech/sim/general1/soft/steer2.wav,general1,soft,0
speech/sim/general1/soft/strafe1.wav,general1,soft,0
speech/sim/general1/soft/strafe2.wav,general1,soft,0
speech/sim/general1/soft/ten1.wav,general1,soft,0
speech/sim/general1/soft/ten2.wav,general1,soft,0
speech/sim/general1/soft/thirty1.wav,general1,soft,0
speech/sim/general1/soft/thirty2.wav,general1,soft,0
speech/sim/general1/soft/three1.wav,general1,soft,0
speech/sim/general1/soft/three2.wav,general1,soft,0
speech/sim/general1/soft/white1.wav,general1,soft,0
speech/sim/general1/soft/white2.wav,general1,soft,0
speech/sim/general1/soft/wide1.wav,general1,soft,0
speech/sim/general1/soft/wide2.wav,general1,soft,0
speech/sim/general1/soft/zero1.wav,general1,soft,0
speech/sim/general1/soft/zero2.wav,general1,soft,0
speech/sim/general1/train/break1.wav,general1,train,0
speech/sim/general1/train/break10.wav,general1,train,0
speech/sim/general1/train/break11.wav,general1,train,0
speech/sim/general1/train/break12.wav,general1,train,0
speech/sim/general1/train/break2.wav,general1,train,0
speech/sim/general1/train/break3.wav,general1,train,0
speech/sim/general1/train/break4.wav,general1,train,0
speech/sim/general1/train/break5.wav,general1,train,0
speech/sim/general1/train/break6.wav,general1,train,0
speech/sim/general1/train/break7.wav,general1,train,0
speech/sim/general1/train/break8.wav,general1,train,0
speech/sim/general1/train/break9.wav,general1,train,0
speech/sim/general1/train/change1.wav,general1,train,0
speech/sim/general1/train/change10.wav,general1,train,0
speech/sim/general1/train/change11.wav,general1,train,0
speech/sim/general1/train/change12.wav,general1,train,0
speech/sim/general1/train/change2.wav,general1,train,0
speech/sim/general1/train/change3.wav,general1,train,0
speech/sim/general1/train/change4.wav,general1,train,0
speech/sim/general1/train/change5.wav,general1,train,0
speech/sim/general1/train/change6.wav,general1,train,0
speech/sim/general1/train/change7.wav,general1,train,0
speech/sim/general1/train/change8.wav,general1,train,0
speech/sim/general1/train/change9.wav,general1,train,0
speech/sim/general1/train/degree1.wav,general1,train,0
speech/sim/general1/train/degree10.wav,general1,train,0
speech/sim/general1/train/degree11.wav,general1,train,0
speech/sim/general1/train/degree12.wav,general1,train,0
speech/sim/general1/train/degree2.wav,general1,train,0
speech/sim/general1/train/degree3.wav,general1,train,0
speech/sim/general1/train/degree4.wav,general1,train,0
speech/sim/general1/train/degree5.wav,general1,train,0
speech/sim/general1/train/degree6.wav,general1,train,0
speech/sim/general1/train/degree7.wav,general1,train,0
speech/sim/general1/train/degree8.wav,general1,train,0
speech/sim/general1/train/degree9.wav,general1,train,0
speech/sim/general1/train/destin1.wav,general1,train,0
speech/sim/general1/train/destin10.wav,general1,train,0
speech/sim/general1/train/destin11.wav,general1,train,0
speech/sim/general1/train/destin12.wav,general1,train,0
speech/sim/general1/train/destin2.wav,general1,train,0
speech/sim/general1/train/destin3.wav,general1,train,0
speech/sim/general1/train/destin4.wav,general1,train,0
speech/sim/general1/train/destin5.wav,general1,train,0
speech/sim/general1/train/destin6.wav,general1,train,0
speech/sim/general1/train/destin7.wav,general1,train,0
speech/sim/general1/train/destin8.wav,general1,train,0
speech/sim/general1/train/destin9.wav,general1,train,0
speech/sim/general1/train/east1.wav,general1,train,0
speech/sim/general1/train/east10.wav,general1,train,0
speech/sim/general1/train/east11.wav,general1,train,0
speech/sim/general1/train/east12.wav,general1,train,0
speech/sim/general1/train/east2.wav,general1,train,0
speech/sim/general1/train/east3.wav,general1,train,0
speech/sim/general1/train/east4.wav,general1,train,0
speech/sim/general1/train/east5.wav,general1,train,0
speech/sim/general1/train/east6.wav,general1,train,0
speech/sim/general1/train/east7.wav,general1,train,0
speech/sim/general1/train/east8.wav,general1,train,0
speech/sim/general1/train/east9.wav,general1,train,0
speech/sim/general1/train/eight1.wav,general1,train,0
speech/sim/general1/train/eight10.wav,general1,train,0
speech/sim/general1/train/eight11.wav,general1,train,0
speech/sim/general1/train/eight12.wav,general1,train,0
speech/sim/general1/train/eight2.wav,general1,train,0
speech/sim/general1/train/eight3.wav,general1,train,0
speech/sim/general1/train/eight4.wav,general1,train,0
speech/sim/general1/train/eight5.wav,general1,train,0
speech/sim/general1/train/eight6.wav,general1,train,0
speech/sim/general1/train/eight7.wav,general1,train,0
speech/sim/general1/train/eight8.wav,general1,train,0
speech/sim/general1/train/eight9.wav,general1,train,0
speech/sim/general1/train/eighty1.wav,general1,train,0
speech/sim/general1/train/eighty10.wav,general1,train,0
speech/sim/general1/train/eighty11.wav,general1,train,0
speech/sim/general1/train/eighty12.wav,general1,train,0
speech/sim/general1/train/eighty2.wav,general1,train,0
speech/sim/general1/train/eighty3.wav,general1,train,0
speech/sim/general1/train/eighty4.wav,general1,train,0
speech/sim/general1/train/eighty5.wav,general1,train,0
speech/sim/general1/train/eighty6.wav,general1,train,0
speech/sim/general1/train/eighty7.wav,general1,train,0
speech/sim/general1/train/eighty8.wav,general1,train,0
speech/sim/general1/train/eighty9.wav,general1,train,0
speech/sim/general1/train/enter1.wav,general1,train,0
speech/sim/general1/train/enter10.wav,general1,train,0
speech/sim/general1/train/enter11.wav,general1,train,0
speech/sim/general1/train/enter12.wav,general1,train,0
speech/sim/general1/train/enter2.wav,general1,train,0
speech/sim/general1/train/enter3.wav,general1,train,0
speech/sim/general1/train/enter4.wav,general1,train,0
speech/sim/general1/train/enter5.wav,general1,train,0
speech/sim/general1/train/enter6.wav,general1,train,0
speech/sim/general1/train/enter7.wav,general1,train,0
speech/sim/general1/train/enter8.wav,general1,train,0
speech/sim/general1/train/enter9.wav,general1,train,0
speech/sim/general1/train/fifty1.wav,general1,train,0
speech/sim/general1/train/fifty10.wav,general1,train,0
speech/sim/general1/train/fifty11.wav,general1,train,0
speech/sim/general1/train/fifty12.wav,general1,train,0
speech/sim/general1/train/fifty2.wav,general1,train,0
speech/sim/general1/train/fifty3.wav,general1,train,0
speech/sim/general1/train/fifty4.wav,general1,train,0
speech/sim/general1/train/fifty5.wav,general1,train,0
speech/sim/general1/train/fifty6.wav,general1,train,0
speech/sim/general1/train/fifty7.wav,general1,train,0
speech/sim/general1/train/fifty8.wav,general1,train,0
speech/sim/general1/train/fifty9.wav,general1,train,0
speech/sim/general1/train/fix1.wav,general1,train,0
speech/sim/general1/train/fix10.wav,general1,train,0
speech/sim/general1/train/fix11.wav,general1,train,0
speech/sim/general1/train/fix12.wav,general1,train,0
speech/sim/general1/train/fix2.wav,general1,train,0
speech/sim/general1/train/fix3.wav,general1,train,0
speech/sim/general1/train/fix4.wav,general1,train,0
speech/sim/general1/train/fix5.wav,general1,train,0
speech/sim/general1/train/fix6.wav,general1,train,0
speech/sim/general1/train/fix7.wav,general1,train,0
speech/sim/general1/train/fix8.wav,general1,train,0
speech/sim/general1/train/fix9.wav,general1,train,0
speech/sim/general1/train/freeze1.wav,general1,train,0
speech/sim/general1/train/freeze10.wav,general1,train,0
speech/sim/general1/train/freeze11.wav,general1,train,0
speech/sim/general1/train/freeze12.wav,general1,train,0
speech/sim/general1/train/freeze2.wav,general1,train,0
speech/sim/general1/train/freeze3.wav,general1,train,0
speech/sim/general1/train/freeze4.wav,general1,train,0
speech/sim/general1/train/freeze5.wav,general1,train,0
speech/sim/general1/train/freeze6.wav,general1,train,0
speech/sim/general1/train/freeze7.wav,general1,train,0
speech/sim/general1/train/freeze8.wav,general1,train,0
speech/sim/general1/train/freeze9.wav,general1,train,0
speech/sim/general1/train/gain1.wav,general1,train,0
speech/sim/general1/train/gain10.wav,general1,train,0
speech/sim/general1/train/gain11.wav,general1,train,0
speech/sim/general1/train/gain12.wav,general1,train,0
speech/sim/general1/train/gain2.wav,general1,train,0
speech/sim/general1/train/gain3.wav,general1,train,0
speech/sim/general1/train/gain4.wav,general1,train,0
speech/sim/general1/train/gain5.wav,general1,train,0
speech/sim/general1/train/gain6.wav,general1,train,0
speech/sim/general1/train/gain7.wav,general1,train,0
speech/sim/general1/train/gain8.wav,general1,train,0
speech/sim/general1/train/gain9.wav,general1,train,0
speech/sim/general1/train/go1.wav,general1,train,0
speech/sim/general1/train/go10.wav,general1,train,0
speech/sim/general1/train/go11.wav,general1,train,0
speech/sim/general1/train/go12.wav,general1,train,0
speech/sim/general1/train/go2.wav,general1,train,0
speech/sim/general1/train/go3.wav,general1,train,0
speech/sim/general1/train/go4.wav,general1,train,0
speech/sim/general1/train/go5.wav,general1,train,0
speech/sim/general1/train/go6.wav,general1,train,0
speech/sim/general1/train/go7.wav,general1,train,0
speech/sim/general1/train/go8.wav,general1,train,0
speech/sim/general1/train/go9.wav,general1,train,0
speech/sim/general1/train/hello1.wav,general1,train,0
speech/sim/general1/train/hello10.wav,general1,train,0
speech/sim/general1/train/hello11.wav,general1,train,0
speech/sim/general1/train/hello12.wav,general1,train,0
speech/sim/general1/train/hello2.wav,general1,train,0
speech/sim/general1/train/hello3.wav,general1,train,0
speech/sim/general1/train/hello4.wav,general1,train,0
speech/sim/general1/train/hello5.wav,general1,train,0
speech/sim/general1/train/hello6.wav,general1,train,0
speech/sim/general1/train/hello7.wav,general1,train,0
speech/sim/general1/train/hello8.wav,general1,train,0
speech/sim/general1/train/hello9.wav,general1,train,0
speech/sim/general1/train/help1.wav,general1,train,0
speech/sim/general1/train/help10.wav,general1,train,0
speech/sim/general1/train/help11.wav,general1,train,0
speech/sim/general1/train/help12.wav,general1,train,0
speech/sim/general1/train/help2.wav,general1,train,0
speech/sim/general1/train/help3.wav,general1,train,0
speech/sim/general1/train/help4.wav,general1,train,0
speech/sim/general1/train/help5.wav,general1,train,0
speech/sim/general1/train/help6.wav,general1,train,0
speech/sim/general1/train/help7.wav,general1,train,0
speech/sim/general1/train/help8.wav,general1,train,0
speech/sim/general1/train/help9.wav,general1,train,0
speech/sim/general1/train/histog1.wav,general1,train,0
speech/sim/general1/train/histog10.wav,general1,train,0
speech/sim/general1/train/histog11.wav,general1,train,0
speech/sim/general1/train/histog12.wav,general1,train,0
speech/sim/general1/train/histog2.wav,general1,train,0
speech/sim/general1/train/histog3.wav,general1,train,0
speech/sim/general1/train/histog4.wav,general1,train,0
speech/sim/general1/train/histog5.wav,general1,train,0
speech/sim/general1/train/histog6.wav,general1,train,0
speech/sim/general1/train/histog7.wav,general1,train,0
speech/sim/general1/train/histog8.wav,general1,train,0
speech/sim/general1/train/histog9.wav,general1,train,0
speech/sim/general1/train/hot1.wav,general1,train,0
speech/sim/general1/train/hot10.wav,general1,train,0
speech/sim/general1/train/hot11.wav,general1,train,0
speech/sim/general1/train/hot12.wav,general1,train,0
speech/sim/general1/train/hot2.wav,general1,train,0
speech/sim/general1/train/hot3.wav,general1,train,0
speech/sim/general1/train/hot4.wav,general1,train,0
speech/sim/general1/train/hot5.wav,general1,train,0
speech/sim/general1/train/hot6.wav,general1,train,0
speech/sim/general1/train/hot7.wav,general1,train,0
speech/sim/general1/train/hot8.wav,general1,train,0
speech/sim/general1/train/hot9.wav,general1,train,0
speech/sim/general1/train/mark1.wav,general1,train,0
speech/sim/general1/train/mark10.wav,general1,train,0
speech/sim/general1/train/mark11.wav,general1,train,0
speech/sim/general1/train/mark12.wav,general1,train,0
speech/sim/general1/train/mark2.wav,general1,train,0
speech/sim/general1/train/mark3.wav,general1,train,0
speech/sim/general1/train/mark4.wav,general1,train,0
speech/sim/general1/train/mark5.wav,general1,train,0
speech/sim/general1/train/mark6.wav,general1,train,0
speech/sim/general1/train/mark7.wav,general1,train,0
speech/sim/general1/train/mark8.wav,general1,train,0
speech/sim/general1/train/mark9.wav,general1,train,0
speech/sim/general1/train/nav1.wav,general1,train,0
speech/sim/general1/train/nav10.wav,general1,train,0
speech/sim/general1/train/nav11.wav,general1,train,0
speech/sim/general1/train/nav12.wav,general1,train,0
speech/sim/general1/train/nav2.wav,general1,train,0
speech/sim/general1/train/nav3.wav,general1,train,0
speech/sim/general1/train/nav4.wav,general1,train,0
speech/sim/general1/train/nav5.wav,general1,train,0
speech/sim/general1/train/nav6.wav,general1,train,0
speech/sim/general1/train/nav7.wav,general1,train,0
speech/sim/general1/train/nav8.wav,general1,train,0
speech/sim/general1/train/nav9.wav,general1,train,0
speech/sim/general1/train/no1.wav,general1,train,0
speech/sim/general1/train/no10.wav,general1,train,0
speech/sim/general1/train/no11.wav,general1,train,0
speech/sim/general1/train/no12.wav,general1,train,0
speech/sim/general1/train/no2.wav,general1,train,0
speech/sim/general1/train/no3.wav,general1,train,0
speech/sim/general1/train/no4.wav,general1,train,0
speech/sim/general1/train/no5.wav,general1,train,0
speech/sim/general1/train/no6.wav,general1,train,0
speech/sim/general1/train/no7.wav,general1,train,0
speech/sim/general1/train/no8.wav,general1,train,0
speech/sim/general1/train/no9.wav,general1,train,0
speech/sim/general1/train/oh1.wav,general1,train,0
speech/sim/general1/train/oh10.wav,general1,train,0
speech/sim/general1/train/oh11.wav,general1,train,0
speech/sim/general1/train/oh12.wav,general1,train,0
speech/sim/general1/train/oh2.wav,general1,train,0
speech/sim/general1/train/oh3.wav,general1,train,0
speech/sim/general1/train/oh4.wav,general1,train,0
speech/sim/general1/train/oh5.wav,general1,train,0
speech/sim/general1/train/oh6.wav,general1,train,0
speech/sim/general1/train/oh7.wav,general1,train,0
speech/sim/general1/train/oh8.wav,general1,train,0
speech/sim/general1/train/oh9.wav,general1,train,0
speech/sim/general1/train/on1.wav,general1,train,0
speech/sim/general1/train/on10.wav,general1,train,0
speech/sim/general1/train/on11.wav,general1,train,0
speech/sim/general1/train/on12.wav,general1,train,0
speech/sim/general1/train/on2.wav,general1,train,0
speech/sim/general1/train/on3.wav,general1,train,0
speech/sim/general1/train/on4.wav,general1,train,0
speech/sim/general1/train/on5.wav,general1,train,0
speech/sim/general1/train/on6.wav,general1,train,0
speech/sim/general1/train/on7.wav,general1,train,0
speech/sim/general1/train/on8.wav,general1,train,0
speech/sim/general1/train/on9.wav,general1,train,0
speech/sim/general1/train/out1.wav,general1,train,0
speech/sim/general1/train/out10.wav,general1,train,0
speech/sim/general1/train/out11.wav,general1,train,0
speech/sim/general1/train/out12.wav,general1,train,0
speech/sim/general1/train/out2.wav,general1,train,0
speech/sim/general1/train/out3.wav,general1,train,0
speech/sim/general1/train/out4.wav,general1,train,0
speech/sim/general1/train/out5.wav,general1,train,0
speech/sim/general1/train/out6.wav,general1,train,0
speech/sim/general1/train/out7.wav,general1,train,0
speech/sim/general1/train/out8.wav,general1,train,0
speech/sim/general1/train/out9.wav,general1,train,0
speech/sim/general1/train/point1.wav,general1,train,0
speech/sim/general1/train/point10.wav,general1,train,0
speech/sim/general1/train/point11.wav,general1,train,0
speech/sim/general1/train/point12.wav,general1,train,0
speech/sim/general1/train/point2.wav,general1,train,0
speech/sim/general1/train/point3.wav,general1,train,0
speech/sim/general1/train/point4.wav,general1,train,0
speech/sim/general1/train/point5.wav,general1,train,0
speech/sim/general1/train/point6.wav,general1,train,0
speech/sim/general1/train/point7.wav,general1,train,0
speech/sim/general1/train/point8.wav,general1,train,0
speech/sim/general1/train/point9.wav,general1,train,0
speech/sim/general1/train/six1.wav,general1,train,0
speech/sim/general1/train/six10.wav,general1,train,0
speech/sim/general1/train/six11.wav,general1,train,0
speech/sim/general1/train/six12.wav,general1,train,0
speech/sim/general1/train/six2.wav,general1,train,0
speech/sim/general1/train/six3.wav,general1,train,0
speech/sim/general1/train/six4.wav,general1,train,0
speech/sim/general1/train/six5.wav,general1,train,0
speech/sim/general1/train/six6.wav,general1,train,0
speech/sim/general1/train/six7.wav,general1,train,0
speech/sim/general1/train/six8.wav,general1,train,0
speech/sim/general1/train/six9.wav,general1,train,0
speech/sim/general1/train/south1.wav,general1,train,0
speech/sim/general1/train/south10.wav,general1,train,0
speech/sim/general1/train/south11.wav,general1,train,0
speech/sim/general1/train/south12.wav,general1,train,0
speech/sim/general1/train/south2.wav,general1,train,0
speech/sim/general1/train/south3.wav,general1,train,0
speech/sim/general1/train/south4.wav,general1,train,0
speech/sim/general1/train/south5.wav,general1,train,0
speech/sim/general1/train/south6.wav,general1,train,0
speech/sim/general1/train/south7.wav,general1,train,0
speech/sim/general1/train/south8.wav,general1,train,0
speech/sim/general1/train/south9.wav,general1,train,0
speech/sim/general1/train/stand1.wav,general1,train,0
speech/sim/general1/train/stand10.wav,general1,train,0
speech/sim/general1/train/stand11.wav,general1,train,0
speech/sim/general1/train/stand12.wav,general1,train,0
speech/sim/general1/train/stand2.wav,general1,train,0
speech/sim/general1/train/stand3.wav,general1,train,0
speech/sim/general1/train/stand4.wav,general1,train,0
speech/sim/general1/train/stand5.wav,general1,train,0
speech/sim/general1/train/stand6.wav,general1,train,0
speech/sim/general1/train/stand7.wav,general1,train,0
speech/sim/general1/train/stand8.wav,general1,train,0
speech/sim/general1/train/stand9.wav,general1,train,0
speech/sim/general1/train/steer1.wav,general1,train,0
speech/sim/general1/train/steer10.wav,general1,train,0
speech/sim/general1/train/steer11.wav,general1,train,0
speech/sim/general1/train/steer12.wav,general1,train,0
speech/sim/general1/train/steer2.wav,general1,train,0
speech/sim/general1/train/steer3.wav,general1,train,0
speech/sim/general1/train/steer4.wav,general1,train,0
speech/sim/general1/train/steer5.wav,general1,train,0
speech/sim/general1/train/steer6.wav,general1,train,0
speech/sim/general1/train/steer7.wav,general1,train,0
speech/sim/general1/train/steer8.wav,general1,train,0
speech/sim/general1/train/steer9.wav,general1,train,0
speech/sim/general1/train/strafe1.wav,general1,train,0
speech/sim/general1/train/strafe10.wav,general1,train,0
speech/sim/general1/train/strafe11.wav,general1,train,0
speech/sim/general1/train/strafe12.wav,general1,train,0
speech/sim/general1/train/strafe2.wav,general1,train,0
speech/sim/general1/train/strafe3.wav,general1,train,0
speech/sim/general1/train/strafe4.wav,general1,train,0
speech/sim/general1/train/strafe5.wav,general1,train,0
speech/sim/general1/train/strafe6.wav,general1,train,0
speech/sim/general1/train/strafe7.wav,general1,train,0
speech/sim/general1/train/strafe8.wav,general1,train,0
speech/sim/general1/train/strafe9.wav,general1,train,0
speech/sim/general1/train/ten1.wav,general1,train,0
speech/sim/general1/train/ten10.wav,general1,train,0
speech/sim/general1/train/ten11.wav,general1,train,0
speech/sim/general1/train/ten12.wav,general1,train,0
speech/sim/general1/train/ten2.wav,general1,train,0
speech/sim/general1/train/ten3.wav,general1,train,0
speech/sim/general1/train/ten4.wav,general1,train,0
speech/sim/general1/train/ten5.wav,general1,train,0
speech/sim/general1/train/ten6.wav,general1,train,0
speech/sim/general1/train/ten7.wav,general1,train,0
speech/sim/general1/train/ten8.wav,general1,train,0
speech/sim/general1/train/ten9.wav,general1,train,0
speech/sim/general1/train/thirty1.wav,general1,train,0
speech/sim/general1/train/thirty10.wav,general1,train,0
speech/sim/general1/train/thirty11.wav,general1,train,0
speech/sim/general1/train/thirty12.wav,general1,train,0
speech/sim/general1/train/thirty2.wav,general1,train,0
speech/sim/general1/train/thirty3.wav,general1,train,0
speech/sim/general1/train/thirty4.wav,general1,train,0
speech/sim/general1/train/thirty5.wav,general1,train,0
speech/sim/general1/train/thirty6.wav,general1,train,0
speech/sim/general1/train/thirty7.wav,general1,train,0
speech/sim/general1/train/thirty8.wav,general1,train,0
speech/sim/general1/train/thirty9.wav,general1,train,0
speech/sim/general1/train/three1.wav,general1,train,0
speech/sim/general1/train/three10.wav,general1,train,0
speech/sim/general1/train/three11.wav,general1,train,0
speech/sim/general1/train/three12.wav,general1,train,0
speech/sim/general1/train/three2.wav,general1,train,0
speech/sim/general1/train/three3.wav,general1,train,0
speech/sim/general1/train/three4.wav,general1,train,0
speech/sim/general1/train/three5.wav,general1,train,0
speech/sim/general1/train/three6.wav,general1,train,0
speech/sim/general1/train/three7.wav,general1,train,0
speech/sim/general1/train/three8.wav,general1,train,0
speech/sim/general1/train/three9.wav,general1,train,0
speech/sim/general1/train/white1.wav,general1,train,0
speech/sim/general1/train/white10.wav,general1,train,0
speech/sim/general1/train/white11.wav,general1,train,0
speech/sim/general1/train/white12.wav,general1,train,0
speech/sim/general1/train/white2.wav,general1,train,0
speech/sim/general1/train/white3.wav,general1,train,0
speech/sim/general1/train/white4.wav,general1,train,0
speech/sim/general1/train/white5.wav,general1,train,0
speech/sim/general1/train/white6.wav,general1,train,0
speech/sim/general1/train/white7.wav,general1,train,0
speech/sim/general1/train/white8.wav,general1,train,0
speech/sim/general1/train/white9.wav,general1,train,0
speech/sim/general1/train/wide1.wav,general1,train,0
speech/sim/general1/train/wide10.wav,general1,train,0
speech/sim/general1/train/wide11.wav,general1,train,0
speech/sim/general1/train/wide12.wav,general1,train,0
speech/sim/general1/train/wide2.wav,general1,train,0
speech/sim/general1/train/wide3.wav,general1,train,0
speech/sim/general1/train/wide4.wav,general1,train,0
speech/sim/general1/train/wide5.wav,general1,train,0
speech/sim/general1/train/wide6.wav,general1,train,0
speech/sim/general1/train/wide7.wav,general1,train,0
speech/sim/general1/train/wide8.wav,general1,train,0
speech/sim/general1/train/wide9.wav,general1,train,0
speech/sim/general1/train/zero1.wav,general1,train,0
speech/sim/general1/train/zero10.wav,general1,train,0
speech/sim/general1/train/zero11.wav,general1,train,0
speech/sim/general1/train/zero12.wav,general1,train,0
speech/sim/general1/train/zero2.wav,general1,train,0
speech/sim/general1/train/zero3.wav,general1,train,0
speech/sim/general1/train/zero4.wav,general1,train,0
speech/sim/general1/train/zero5.wav,general1,train,0
speech/sim/general1/train/zero6.wav,general1,train,0
speech/sim/general1/train/zero7.wav,general1,train,0
speech/sim/general1/train/zero8.wav,general1,train,0
speech/sim/general1/train/zero9.wav,general1,train,0
speech/sim/general2/angry/break1.wav,general2,angry,2
speech/sim/general2/angry/break2.wav,general2,angry,2
speech/sim/general2/angry/change1.wav,general2,angry,2
speech/sim/general2/angry/change2.wav,general2,angry,2
speech/sim/general2/angry/degree1.wav,general2,angry,2
speech/sim/general2/angry/degree2.wav,general2,angry,2
speech/sim/general2/angry/destin1.wav,general2,angry,2
speech/sim/general2/angry/destin2.wav,general2,angry,2
speech/sim/general2/angry/east1.wav,general2,angry,2
speech/sim/general2/angry/east2.wav,general2,angry,2
speech/sim/general2/angry/eight1.wav,general2,angry,2
speech/sim/general2/angry/eight2.wav,general2,angry,2
speech/sim/general2/angry/eighty1.wav,general2,angry,2
speech/sim/general2/angry/eighty2.wav,general2,angry,2
speech/sim/general2/angry/enter1.wav,general2,angry,2
speech/sim/general2/angry/enter2.wav,general2,angry,2
speech/sim/general2/angry/fifty1.wav,general2,angry,2
speech/sim/general2/angry/fifty2.wav,general2,angry,2
speech/sim/general2/angry/fix1.wav,general2,angry,2
speech/sim/general2/angry/fix2.wav,general2,angry,2
speech/sim/general2/angry/freeze1.wav,general2,angry,2
speech/sim/general2/angry/freeze2.wav,general2,angry,2
speech/sim/general2/angry/gain1.wav,general2,angry,2
speech/sim/general2/angry/gain2.wav,general2,angry,2
speech/sim/general2/angry/go1.wav,general2,angry,2
speech/sim/general2/angry/go2.wav,general2,angry,2
speech/sim/general2/angry/hello1.wav,general2,angry,2
speech/sim/general2/angry/hello2.wav,general2,angry,2
speech/sim/general2/angry/help1.wav,general2,angry,2
speech/sim/general2/angry/help2.wav,general2,angry,2
speech/sim/general2/angry/histog1.wav,general2,angry,2
speech/sim/general2/angry/histog2.wav,general2,angry,2
speech/sim/general2/angry/hot1.wav,general2,angry,2
speech/sim/general2/angry/hot2.wav,general2,angry,2
speech/sim/general2/angry/mark1.wav,general2,angry,2
speech/sim/general2/angry/mark2.wav,general2,angry,2
speech/sim/general2/angry/nav1.wav,general2,angry,2
speech/sim/general2/angry/nav2.wav,general2,angry,2
speech/sim/general2/angry/no1.wav,general2,angry,2
speech/sim/general2/angry/no2.wav,general2,angry,2
speech/sim/general2/angry/oh1.wav,general2,angry,2
speech/sim/general2/angry/oh2.wav,general2,angry,2
speech/sim/general2/angry/on1.wav,general2,angry,2
speech/sim/general2/angry/on2.wav,general2,angry,2
speech/sim/general2/angry/out1.wav,general2,angry,2
speech/sim/general2/angry/out2.wav,general2,angry,2
speech/sim/general2/angry/point1.wav,general2,angry,2
speech/sim/general2/angry/point2.wav,general2,angry,2
speech/sim/general2/angry/six1.wav,general2,angry,2
speech/sim/general2/angry/six2.wav,general2,angry,2
speech/sim/general2/angry/south1.wav,general2,angry,2
speech/sim/general2/angry/south2.wav,general2,angry,2
speech/sim/general2/angry/stand1.wav,general2,angry,2
speech/sim/general2/angry/stand2.wav,general2,angry,2
speech/sim/general2/angry/steer1.wav,general2,angry,2
speech/sim/general2/angry/steer2.wav,general2,angry,2
speech/sim/general2/angry/strafe1.wav,general2,angry,2
speech/sim/general2/angry/strafe2.wav,general2,angry,2
speech/sim/general2/angry/ten1.wav,general2,angry,2
speech/sim/general2/angry/ten2.wav,general2,angry,2
speech/sim/general2/angry/thirty1.wav,general2,angry,2
speech/sim/general2/angry/thirty2.wav,general2,angry,2
speech/sim/general2/angry/three1.wav,general2,angry,2
speech/sim/general2/angry/three2.wav,general2,angry,2
speech/sim/general2/angry/white1.wav,general2,angry,2
speech/sim/general2/angry/white2.wav,general2,angry,2
speech/sim/general2/angry/wide1.wav,general2,angry,2
speech/sim/general2/angry/wide2.wav,general2,angry,2
speech/sim/general2/angry/zero1.wav,general2,angry,2
speech/sim/general2/angry/zero2.wav,general2,angry,2
speech/sim/general2/clear/break1.wav,general2,clear,0
speech/sim/general2/clear/break2.wav,general2,clear,0
speech/sim/general2/clear/change1.wav,general2,clear,0
speech/sim/general2/clear/change2.wav,general2,clear,0
speech/sim/general2/clear/degree1.wav,general2,clear,0
speech/sim/general2/clear/degree2.wav,general2,clear,0
speech/sim/general2/clear/destin1.wav,general2,clear,0
speech/sim/general2/clear/destin2.wav,general2,clear,0
speech/sim/general2/clear/east1.wav,general2,clear,0
speech/sim/general2/clear/east2.wav,general2,clear,0
speech/sim/general2/clear/eight1.wav,general2,clear,0
speech/sim/general2/clear/eight2.wav,general2,clear,0
speech/sim/general2/clear/eighty1.wav,general2,clear,0
speech/sim/general2/clear/eighty2.wav,general2,clear,0
speech/sim/general2/clear/enter1.wav,general2,clear,0
speech/sim/general2/clear/enter2.wav,general2,clear,0
speech/sim/general2/clear/fifty1.wav,general2,clear,0
speech/sim/general2/clear/fifty2.wav,general2,clear,0
speech/sim/general2/clear/fix1.wav,general2,clear,0
speech/sim/general2/clear/fix2.wav,general2,clear,0
speech/sim/general2/clear/freeze1.wav,general2,clear,0
speech/sim/general2/clear/freeze2.wav,general2,clear,0
speech/sim/general2/clear/gain1.wav,general2,clear,0
speech/sim/general2/clear/gain2.wav,general2,clear,0
speech/sim/general2/clear/go1.wav,general2,clear,0
speech/sim/general2/clear/go2.wav,general2,clear,0
speech/sim/general2/clear/hello1.wav,general2,clear,0
speech/sim/general2/clear/hello2.wav,general2,clear,0
speech/sim/general2/clear/help1.wav,general2,clear,0
speech/sim/general2/clear/help2.wav,general2,clear,0
speech/sim/general2/clear/histog1.wav,general2,clear,0
speech/sim/general2/clear/histog2.wav,general2,clear,0
speech/sim/general2/clear/hot1.wav,general2,clear,0
speech/sim/general2/clear/hot2.wav,general2,clear,0
speech/sim/general2/clear/mark1.wav,general2,clear,0
speech/sim/general2/clear/mark2.wav,general2,clear,0
speech/sim/general2/clear/nav1.wav,general2,clear,0
speech/sim/general2/clear/nav2.wav,general2,clear,0
speech/sim/general2/clear/no1.wav,general2,clear,0
speech/sim/general2/clear/no2.wav,general2,clear,0
speech/sim/general2/clear/oh1.wav,general2,clear,0
speech/sim/general2/clear/oh2.wav,general2,clear,0
speech/sim/general2/clear/on1.wav,general2,clear,0
speech/sim/general2/clear/on2.wav,general2,clear,0
speech/sim/general2/clear/out1.wav,general2,clear,0
speech/sim/general2/clear/out2.wav,general2,clear,0
speech/sim/general2/clear/point1.wav,general2,clear,0
speech/sim/general2/clear/point2.wav,general2,clear,0
speech/sim/general2/clear/six1.wav,general2,clear,0
speech/sim/general2/clear/six2.wav,general2,clear,0
speech/sim/general2/clear/south1.wav,general2,clear,0
speech/sim/general2/clear/south2.wav,general2,clear,0
speech/sim/general2/clear/stand1.wav,general2,clear,0
speech/sim/general2/clear/stand2.wav,general2,clear,0
speech/sim/general2/clear/steer1.wav,general2,clear,0
speech/sim/general2/clear/steer2.wav,general2,clear,0
speech/sim/general2/clear/strafe1.wav,general2,clear,0
speech/sim/general2/clear/strafe2.wav,general2,clear,0
speech/sim/general2/clear/ten1.wav,general2,clear,0
speech/sim/general2/clear/ten2.wav,general2,clear,0
speech/sim/general2/clear/thirty1.wav,general2,clear,0
speech/sim/general2/clear/thirty2.wav,general2,clear,0
speech/sim/general2/clear/three1.wav,general2,clear,0
speech/sim/general2/clear/three2.wav,general2,clear,0
speech/sim/general2/clear/white1.wav,general2,clear,0
speech/sim/general2/clear/white2.wav,general2,clear,0
speech/sim/general2/clear/wide1.wav,general2,clear,0
speech/sim/general2/clear/wide2.wav,general2,clear,0
speech/sim/general2/clear/zero1.wav,general2,clear,0
speech/sim/general2/clear/zero2.wav,general2,clear,0
speech/sim/general2/cond50/break1.wav,general2,cond50,0
speech/sim/general2/cond50/break2.wav,general2,cond50,0
speech/sim/general2/cond50/change1.wav,general2,cond50,0
speech/sim/general2/cond50/change2.wav,general2,cond50,0
speech/sim/general2/cond50/degree1.wav,general2,cond50,0
speech/sim/general2/cond50/degree2.wav,general2,cond50,0
speech/sim/general2/cond50/destin1.wav,general2,cond50,0
speech/sim/general2/cond50/destin2.wav,general2,cond50,0
speech/sim/general2/cond50/east1.wav,general2,cond50,0
speech/sim/general2/cond50/east2.wav,general2,cond50,0
speech/sim/general2/cond50/eight1.wav,general2,cond50,0
speech/sim/general2/cond50/eight2.wav,general2,cond50,0
speech/sim/general2/cond50/eighty1.wav,general2,cond50,0
speech/sim/general2/cond50/eighty2.wav,general2,cond50,0
speech/sim/general2/cond50/enter1.wav,general2,cond50,0
speech/sim/general2/cond50/enter2.wav,general2,cond50,0
speech/sim/general2/cond50/fifty1.wav,general2,cond50,0
speech/sim/general2/cond50/fifty2.wav,general2,cond50,0
speech/sim/general2/cond50/fix1.wav,general2,cond50,0
speech/sim/general2/cond50/fix2.wav,general2,cond50,0
speech/sim/general2/cond50/freeze1.wav,general2,cond50,0
speech/sim/general2/cond50/freeze2.wav,general2,cond50,0
speech/sim/general2/cond50/gain1.wav,general2,cond50,0
speech/sim/general2/cond50/gain2.wav,general2,cond50,0
speech/sim/general2/cond50/go1.wav,general2,cond50,0
speech/sim/general2/cond50/go2.wav,general2,cond50,0
speech/sim/general2/cond50/hello1.wav,general2,cond50,0
speech/sim/general2/cond50/hello2.wav,general2,cond50,0
speech/sim/general2/cond50/help1.wav,general2,cond50,0
speech/sim/general2/cond50/help2.wav,general2,cond50,0
speech/sim/general2/cond50/histog1.wav,general2,cond50,0
speech/sim/general2/cond50/histog2.wav,general2,cond50,0
speech/sim/general2/cond50/hot1.wav,general2,cond50,0
speech/sim/general2/cond50/hot2.wav,general2,cond50,0
speech/sim/general2/cond50/mark1.wav,general2,cond50,0
speech/sim/general2/cond50/mark2.wav,general2,cond50,0
speech/sim/general2/cond50/nav1.wav,general2,cond50,0
speech/sim/general2/cond50/nav2.wav,general2,cond50,0
speech/sim/general2/cond50/no1.wav,general2,cond50,0
speech/sim/general2/cond50/no2.wav,general2,cond50,0
speech/sim/general2/cond50/oh1.wav,general2,cond50,0
speech/sim/general2/cond50/oh2.wav,general2,cond50,0
speech/sim/general2/cond50/on1.wav,general2,cond50,0
speech/sim/general2/cond50/on2.wav,general2,cond50,0
speech/sim/general2/cond50/out1.wav,general2,cond50,0
speech/sim/general2/cond50/out2.wav,general2,cond50,0
speech/sim/general2/cond50/point1.wav,general2,cond50,0
speech/sim/general2/cond50/point2.wav,general2,cond50,0
speech/sim/general2/cond50/six1.wav,general2,cond50,0
speech/sim/general2/cond50/six2.wav,general2,cond50,0
speech/sim/general2/cond50/south1.wav,general2,cond50,0
speech/sim/general2/cond50/south2.wav,general2,cond50,0
speech/sim/general2/cond50/stand1.wav,general2,cond50,0
speech/sim/general2/cond50/stand2.wav,general2,cond50,0
speech/sim/general2/cond50/steer1.wav,general2,cond50,0
speech/sim/general2/cond50/steer2.wav,general2,cond50,0
speech/sim/general2/cond50/strafe1.wav,general2,cond50,0
speech/sim/general2/cond50/strafe2.wav,general2,cond50,0
speech/sim/general2/cond50/ten1.wav,general2,cond50,0
speech/sim/general2/cond50/ten2.wav,general2,cond50,0
speech/sim/general2/cond50/thirty1.wav,general2,cond50,0
speech/sim/general2/cond50/thirty2.wav,general2,cond50,0
speech/sim/general2/cond50/three1.wav,general2,cond50,0
speech/sim/general2/cond50/three2.wav,general2,cond50,0
speech/sim/general2/cond50/white1.wav,general2,cond50,0
speech/sim/general2/cond50/white2.wav,general2,cond50,0
speech/sim/general2/cond50/wide1.wav,general2,cond50,0
speech/sim/general2/cond50/wide2.wav,general2,cond50,0
speech/sim/general2/cond50/zero1.wav,general2,cond50,0
speech/sim/general2/cond50/zero2.wav,general2,cond50,0
speech/sim/general2/cond70/break1.wav,general2,cond70,1
speech/sim/general2/cond70/break2.wav,general2,cond70,1
speech/sim/general2/cond70/change1.wav,general2,cond70,1
speech/sim/general2/cond70/change2.wav,general2,cond70,1
speech/sim/general2/cond70/degree1.wav,general2,cond70,1
speech/sim/general2/cond70/degree2.wav,general2,cond70,1
speech/sim/general2/cond70/destin1.wav,general2,cond70,1
speech/sim/general2/cond70/destin2.wav,general2,cond70,1
speech/sim/general2/cond70/east1.wav,general2,cond70,1
speech/sim/general2/cond70/east2.wav,general2,cond70,1
speech/sim/general2/cond70/eight1.wav,general2,cond70,1
speech/sim/general2/cond70/eight2.wav,general2,cond70,1
speech/sim/general2/cond70/eighty1.wav,general2,cond70,1
speech/sim/general2/cond70/eighty2.wav,general2,cond70,1
speech/sim/general2/cond70/enter1.wav,general2,cond70,1
speech/sim/general2/cond70/enter2.wav,general2,cond70,1
speech/sim/general2/cond70/fifty1.wav,general2,cond70,1
speech/sim/general2/cond70/fifty2.wav,general2,cond70,1
speech/sim/general2/cond70/fix1.wav,general2,cond70,1
speech/sim/general2/cond70/fix2.wav,general2,cond70,1
speech/sim/general2/cond70/freeze1.wav,general2,cond70,1
speech/sim/general2/cond70/freeze2.wav,general2,cond70,1
speech/sim/general2/cond70/gain1.wav,general2,cond70,1
speech/sim/general2/cond70/gain2.wav,general2,cond70,1
speech/sim/general2/cond70/go1.wav,general2,cond70,1
speech/sim/general2/cond70/go2.wav,general2,cond70,1
speech/sim/general2/cond70/hello1.wav,general2,cond70,1
speech/sim/general2/cond70/hello2.wav,general2,cond70,1
speech/sim/general2/cond70/help1.wav,general2,cond70,1
speech/sim/general2/cond70/help2.wav,general2,cond70,1
speech/sim/general2/cond70/histog1.wav,general2,cond70,1
speech/sim/general2/cond70/histog2.wav,general2,cond70,1
speech/sim/general2/cond70/hot1.wav,general2,cond70,1
speech/sim/general2/cond70/hot2.wav,general2,cond70,1
speech/sim/general2/cond70/mark1.wav,general2,cond70,1
speech/sim/general2/cond70/mark2.wav,general2,cond70,1
speech/sim/general2/cond70/nav1.wav,general2,cond70,1
speech/sim/general2/cond70/nav2.wav,general2,cond70,1
speech/sim/general2/cond70/no1.wav,general2,cond70,1
speech/sim/general2/cond70/no2.wav,general2,cond70,1
speech/sim/general2/cond70/oh1.wav,general2,cond70,1
speech/sim/general2/cond70/oh2.wav,general2,cond70,1
speech/sim/general2/cond70/on1.wav,general2,cond70,1
speech/sim/general2/cond70/on2.wav,general2,cond70,1
speech/sim/general2/cond70/out1.wav,general2,cond70,1
speech/sim/general2/cond70/out2.wav,general2,cond70,1
speech/sim/general2/cond70/point1.wav,general2,cond70,1
speech/sim/general2/cond70/point2.wav,general2,cond70,1
speech/sim/general2/cond70/six1.wav,general2,cond70,1
speech/sim/general2/cond70/six2.wav,general2,cond70,1
speech/sim/general2/cond70/south1.wav,general2,cond70,1
speech/sim/general2/cond70/south2.wav,general2,cond70,1
speech/sim/general2/cond70/stand1.wav,general2,cond70,1
speech/sim/general2/cond70/stand2.wav,general2,cond70,1
speech/sim/general2/cond70/steer1.wav,general2,cond70,1
speech/sim/general2/cond70/steer2.wav,general2,cond70,1
speech/sim/general2/cond70/strafe1.wav,general2,cond70,1
speech/sim/general2/cond70/strafe2.wav,general2,cond70,1
speech/sim/general2/cond70/ten1.wav,general2,cond70,1
speech/sim/general2/cond70/ten2.wav,general2,cond70,1
speech/sim/general2/cond70/thirty1.wav,general2,cond70,1
speech/sim/general2/cond70/thirty2.wav,general2,cond70,1
speech/sim/general2/cond70/three1.wav,general2,cond70,1
speech/sim/general2/cond70/three2.wav,general2,cond70,1
speech/sim/general2/cond70/white1.wav,general2,cond70,1
speech/sim/general2/cond70/white2.wav,general2,cond70,1
speech/sim/general2/cond70/wide1.wav,general2,cond70,1
speech/sim/general2/cond70/wide2.wav,general2,cond70,1
speech/sim/general2/cond70/zero1.wav,general2,cond70,1
speech/sim/general2/cond70/zero2.wav,general2,cond70,1
speech/sim/general2/fast/break1.wav,general2,fast,0
speech/sim/general2/fast/break2.wav,general2,fast,0
speech/sim/general2/fast/change1.wav,general2,fast,0
speech/sim/general2/fast/change2.wav,general2,fast,0
speech/sim/general2/fast/degree1.wav,general2,fast,0
speech/sim/general2/fast/degree2.wav,general2,fast,0
speech/sim/general2/fast/destin1.wav,general2,fast,0
speech/sim/general2/fast/destin2.wav,general2,fast,0
speech/sim/general2/fast/east1.wav,general2,fast,0
speech/sim/general2/fast/east2.wav,general2,fast,0
speech/sim/general2/fast/eight1.wav,general2,fast,0
speech/sim/general2/fast/eight2.wav,general2,fast,0
speech/sim/general2/fast/eighty1.wav,general2,fast,0
speech/sim/general2/fast/eighty2.wav,general2,fast,0
speech/sim/general2/fast/enter1.wav,general2,fast,0
speech/sim/general2/fast/enter2.wav,general2,fast,0
speech/sim/general2/fast/fifty1.wav,general2,fast,0
speech/sim/general2/fast/fifty2.wav,general2,fast,0
speech/sim/general2/fast/fix1.wav,general2,fast,0
speech/sim/general2/fast/fix2.wav,general2,fast,0
speech/sim/general2/fast/freeze1.wav,general2,fast,0
speech/sim/general2/fast/freeze2.wav,general2,fast,0
speech/sim/general2/fast/gain1.wav,general2,fast,0
speech/sim/general2/fast/gain2.wav,general2,fast,0
speech/sim/general2/fast/go1.wav,general2,fast,0
speech/sim/general2/fast/go2.wav,general2,fast,0
speech/sim/general2/fast/hello1.wav,general2,fast,0
speech/sim/general2/fast/hello2.wav,general2,fast,0
speech/sim/general2/fast/help1.wav,general2,fast,0
speech/sim/general2/fast/help2.wav,general2,fast,0
speech/sim/general2/fast/histog1.wav,general2,fast,0
speech/sim/general2/fast/histog2.wav,general2,fast,0
speech/sim/general2/fast/hot1.wav,general2,fast,0
speech/sim/general2/fast/hot2.wav,general2,fast,0
speech/sim/general2/fast/mark1.wav,general2,fast,0
speech/sim/general2/fast/mark2.wav,general2,fast,0
speech/sim/general2/fast/nav1.wav,general2,fast,0
speech/sim/general2/fast/nav2.wav,general2,fast,0
speech/sim/general2/fast/no1.wav,general2,fast,0
speech/sim/general2/fast/no2.wav,general2,fast,0
speech/sim/general2/fast/oh1.wav,general2,fast,0
speech/sim/general2/fast/oh2.wav,general2,fast,0
speech/sim/general2/fast/on1.wav,general2,fast,0
speech/sim/general2/fast/on2.wav,general2,fast,0
speech/sim/general2/fast/out1.wav,general2,fast,0
speech/sim/general2/fast/out2.wav,general2,fast,0
speech/sim/general2/fast/point1.wav,general2,fast,0
speech/sim/general2/fast/point2.wav,general2,fast,0
speech/sim/general2/fast/six1.wav,general2,fast,0
speech/sim/general2/fast/six2.wav,general2,fast,0
speech/sim/general2/fast/south1.wav,general2,fast,0
speech/sim/general2/fast/south2.wav,general2,fast,0
speech/sim/general2/fast/stand1.wav,general2,fast,0
speech/sim/general2/fast/stand2.wav,general2,fast,0
speech/sim/general2/fast/steer1.wav,general2,fast,0
speech/sim/general2/fast/steer2.wav,general2,fast,0
speech/sim/general2/fast/strafe1.wav,general2,fast,0
speech/sim/general2/fast/strafe2.wav,general2,fast,0
speech/sim/general2/fast/ten1.wav,general2,fast,0
speech/sim/general2/fast/ten2.wav,general2,fast,0
speech/sim/general2/fast/thirty1.wav,general2,fast,0
speech/sim/general2/fast/thirty2.wav,general2,fast,0
speech/sim/general2/fast/three1.wav,general2,fast,0
speech/sim/general2/fast/three2.wav,general2,fast,0
speech/sim/general2/fast/white1.wav,general2,fast,0
speech/sim/general2/fast/white2.wav,general2,fast,0
speech/sim/general2/fast/wide1.wav,general2,fast,0
speech/sim/general2/fast/wide2.wav,general2,fast,0
speech/sim/general2/fast/zero1.wav,general2,fast,0
speech/sim/general2/fast/zero2.wav,general2,fast,0
speech/sim/general2/lombard/break1.wav,general2,lombard,1
speech/sim/general2/lombard/break2.wav,general2,lombard,1
speech/sim/general2/lombard/change1.wav,general2,lombard,1
speech/sim/general2/lombard/change2.wav,general2,lombard,1
speech/sim/general2/lombard/degree1.wav,general2,lombard,1
speech/sim/general2/lombard/degree2.wav,general2,lombard,1
speech/sim/general2/lombard/destin1.wav,general2,lombard,1
speech/sim/general2/lombard/destin2.wav,general2,lombard,1
speech/sim/general2/lombard/east1.wav,general2,lombard,1
speech/sim/general2/lombard/east2.wav,general2,lombard,1
speech/sim/general2/lombard/eight1.wav,general2,lombard,1
speech/sim/general2/lombard/eight2.wav,general2,lombard,1
speech/sim/general2/lombard/eighty1.wav,general2,lombard,1
speech/sim/general2/lombard/eighty2.wav,general2,lombard,1
speech/sim/general2/lombard/enter1.wav,general2,lombard,1
speech/sim/general2/lombard/enter2.wav,general2,lombard,1
speech/sim/general2/lombard/fifty1.wav,general2,lombard,1
speech/sim/general2/lombard/fifty2.wav,general2,lombard,1
speech/sim/general2/lombard/fix1.wav,general2,lombard,1
speech/sim/general2/lombard/fix2.wav,general2,lombard,1
speech/sim/general2/lombard/freeze1.wav,general2,lombard,1
speech/sim/general2/lombard/freeze2.wav,general2,lombard,1
speech/sim/general2/lombard/gain1.wav,general2,lombard,1
speech/sim/general2/lombard/gain2.wav,general2,lombard,1
speech/sim/general2/lombard/go1.wav,general2,lombard,1
speech/sim/general2/lombard/go2.wav,general2,lombard,1
speech/sim/general2/lombard/hello1.wav,general2,lombard,1
speech/sim/general2/lombard/hello2.wav,general2,lombard,1
speech/sim/general2/lombard/help1.wav,general2,lombard,1
speech/sim/general2/lombard/help2.wav,general2,lombard,1
speech/sim/general2/lombard/histog1.wav,general2,lombard,1
speech/sim/general2/lombard/histog2.wav,general2,lombard,1
speech/sim/general2/lombard/hot1.wav,general2,lombard,1
speech/sim/general2/lombard/hot2.wav,general2,lombard,1
speech/sim/general2/lombard/mark1.wav,general2,lombard,1
speech/sim/general2/lombard/mark2.wav,general2,lombard,1
speech/sim/general2/lombard/nav1.wav,general2,lombard,1
speech/sim/general2/lombard/nav2.wav,general2,lombard,1
speech/sim/general2/lombard/no1.wav,general2,lombard,1
speech/sim/general2/lombard/no2.wav,general2,lombard,1
speech/sim/general2/lombard/oh1.wav,general2,lombard,1
speech/sim/general2/lombard/oh2.wav,general2,lombard,1
speech/sim/general2/lombard/on1.wav,general2,lombard,1
speech/sim/general2/lombard/on2.wav,general2,lombard,1
speech/sim/general2/lombard/out1.wav,general2,lombard,1
speech/sim/general2/lombard/out2.wav,general2,lombard,1
speech/sim/general2/lombard/point1.wav,general2,lombard,1
speech/sim/general2/lombard/point2.wav,general2,lombard,1
speech/sim/general2/lombard/six1.wav,general2,lombard,1
speech/sim/general2/lombard/six2.wav,general2,lombard,1
speech/sim/general2/lombard/south1.wav,general2,lombard,1
speech/sim/general2/lombard/south2.wav,general2,lombard,1
speech/sim/general2/lombard/stand1.wav,general2,lombard,1
speech/sim/general2/lombard/stand2.wav,general2,lombard,1
speech/sim/general2/lombard/steer1.wav,general2,lombard,1
speech/sim/general2/lombard/steer2.wav,general2,lombard,1
speech/sim/general2/lombard/strafe1.wav,general2,lombard,1
speech/sim/general2/lombard/strafe2.wav,general2,lombard,1
speech/sim/general2/lombard/ten1.wav,general2,lombard,1
speech/sim/general2/lombard/ten2.wav,general2,lombard,1
speech/sim/general2/lombard/thirty1.wav,general2,lombard,1
speech/sim/general2/lombard/thirty2.wav,general2,lombard,1
speech/sim/general2/lombard/three1.wav,general2,lombard,1
speech/sim/general2/lombard/three2.wav,general2,lombard,1
speech/sim/general2/lombard/white1.wav,general2,lombard,1
speech/sim/general2/lombard/white2.wav,general2,lombard,1
speech/sim/general2/lombard/wide1.wav,general2,lombard,1
speech/sim/general2/lombard/wide2.wav,general2,lombard,1
speech/sim/general2/lombard/zero1.wav,general2,lombard,1
speech/sim/general2/lombard/zero2.wav,general2,lombard,1
speech/sim/general2/loud/break1.wav,general2,loud,1
speech/sim/general2/loud/break2.wav,general2,loud,1
speech/sim/general2/loud/change1.wav,general2,loud,1
speech/sim/general2/loud/change2.wav,general2,loud,1
speech/sim/general2/loud/degree1.wav,general2,loud,1
speech/sim/general2/loud/degree2.wav,general2,loud,1
speech/sim/general2/loud/destin1.wav,general2,loud,1
speech/sim/general2/loud/destin2.wav,general2,loud,1
speech/sim/general2/loud/east1.wav,general2,loud,1
speech/sim/general2/loud/east2.wav,general2,loud,1
speech/sim/general2/loud/eight1.wav,general2,loud,1
speech/sim/general2/loud/eight2.wav,general2,loud,1
speech/sim/general2/loud/eighty1.wav,general2,loud,1
speech/sim/general2/loud/eighty2.wav,general2,loud,1
speech/sim/general2/loud/enter1.wav,general2,loud,1
speech/sim/general2/loud/enter2.wav,general2,loud,1
speech/sim/general2/loud/fifty1.wav,general2,loud,1
speech/sim/general2/loud/fifty2.wav,general2,loud,1
speech/sim/general2/loud/fix1.wav,general2,loud,1
speech/sim/general2/loud/fix2.wav,general2,loud,1
speech/sim/general2/loud/freeze1.wav,general2,loud,1
speech/sim/general2/loud/freeze2.wav,general2,loud,1
speech/sim/general2/loud/gain1.wav,general2,loud,1
speech/sim/general2/loud/gain2.wav,general2,loud,1
speech/sim/general2/loud/go1.wav,general2,loud,1
speech/sim/general2/loud/go2.wav,general2,loud,1
speech/sim/general2/loud/hello1.wav,general2,loud,1
speech/sim/general2/loud/hello2.wav,general2,loud,1
speech/sim/general2/loud/help1.wav,general2,loud,1
speech/sim/general2/loud/help2.wav,general2,loud,1
speech/sim/general2/loud/histog1.wav,general2,loud,1
speech/sim/general2/loud/histog2.wav,general2,loud,1
speech/sim/general2/loud/hot1.wav,general2,loud,1
speech/sim/general2/loud/hot2.wav,general2,loud,1
speech/sim/general2/loud/mark1.wav,general2,loud,1
speech/sim/general2/loud/mark2.wav,general2,loud,1
speech/sim/general2/loud/nav1.wav,general2,loud,1
speech/sim/general2/loud/nav2.wav,general2,loud,1
speech/sim/general2/loud/no1.wav,general2,loud,1
speech/sim/general2/loud/no2.wav,general2,loud,1
speech/sim/general2/loud/oh1.wav,general2,loud,1
speech/sim/general2/loud/oh2.wav,general2,loud,1
speech/sim/general2/loud/on1.wav,general2,loud,1
speech/sim/general2/loud/on2.wav,general2,loud,1
speech/sim/general2/loud/out1.wav,general2,loud,1
speech/sim/general2/loud/out2.wav,general2,loud,1
speech/sim/general2/loud/point1.wav,general2,loud,1
speech/sim/general2/loud/point2.wav,general2,loud,1
speech/sim/general2/loud/six1.wav,general2,loud,1
speech/sim/general2/loud/six2.wav,general2,loud,1
speech/sim/general2/loud/south1.wav,general2,loud,1
speech/sim/general2/loud/south2.wav,general2,loud,1
speech/sim/general2/loud/stand1.wav,general2,loud,1
speech/sim/general2/loud/stand2.wav,general2,loud,1
speech/sim/general2/loud/steer1.wav,general2,loud,1
speech/sim/general2/loud/steer2.wav,general2,loud,1
speech/sim/general2/loud/strafe1.wav,general2,loud,1
speech/sim/general2/loud/strafe2.wav,general2,loud,1
speech/sim/general2/loud/ten1.wav,general2,loud,1
speech/sim/general2/loud/ten2.wav,general2,loud,1
speech/sim/general2/loud/thirty1.wav,general2,loud,1
speech/sim/general2/loud/thirty2.wav,general2,loud,1
speech/sim/general2/loud/three1.wav,general2,loud,1
speech/sim/general2/loud/three2.wav,general2,loud,1
speech/sim/general2/loud/white1.wav,general2,loud,1
speech/sim/general2/loud/white2.wav,general2,loud,1
speech/sim/general2/loud/wide1.wav,general2,loud,1
speech/sim/general2/loud/wide2.wav,general2,loud,1
speech/sim/general2/loud/zero1.wav,general2,loud,1
speech/sim/general2/loud/zero2.wav,general2,loud,1
speech/sim/general2/neutral/break1.wav,general2,neutral,0
speech/sim/general2/neutral/break2.wav,general2,neutral,0
speech/sim/general2/neutral/change1.wav,general2,neutral,0
speech/sim/general2/neutral/change2.wav,general2,neutral,0
speech/sim/general2/neutral/degree1.wav,general2,neutral,0
speech/sim/general2/neutral/degree2.wav,general2,neutral,0
speech/sim/general2/neutral/destin1.wav,general2,neutral,0
speech/sim/general2/neutral/destin2.wav,general2,neutral,0
speech/sim/general2/neutral/east1.wav,general2,neutral,0
speech/sim/general2/neutral/east2.wav,general2,neutral,0
speech/sim/general2/neutral/eight1.wav,general2,neutral,0
speech/sim/general2/neutral/eight2.wav,general2,neutral,0
speech/sim/general2/neutral/eighty1.wav,general2,neutral,0
speech/sim/general2/neutral/eighty2.wav,general2,neutral,0
speech/sim/general2/neutral/enter1.wav,general2,neutral,0
speech/sim/general2/neutral/enter2.wav,general2,neutral,0
speech/sim/general2/neutral/fifty1.wav,general2,neutral,0
speech/sim/general2/neutral/fifty2.wav,general2,neutral,0
speech/sim/general2/neutral/fix1.wav,general2,neutral,0
speech/sim/general2/neutral/fix2.wav,general2,neutral,0
speech/sim/general2/neutral/freeze1.wav,general2,neutral,0
speech/sim/general2/neutral/freeze2.wav,general2,neutral,0
speech/sim/general2/neutral/gain1.wav,general2,neutral,0
speech/sim/general2/neutral/gain2.wav,general2,neutral,0
speech/sim/general2/neutral/go1.wav,general2,neutral,0
speech/sim/general2/neutral/go2.wav,general2,neutral,0
speech/sim/general2/neutral/hello1.wav,general2,neutral,0
speech/sim/general2/neutral/hello2.wav,general2,neutral,0
speech/sim/general2/neutral/help1.wav,general2,neutral,0
speech/sim/general2/neutral/help2.wav,general2,neutral,0
speech/sim/general2/neutral/histog1.wav,general2,neutral,0
speech/sim/general2/neutral/histog2.wav,general2,neutral,0
speech/sim/general2/neutral/hot1.wav,general2,neutral,0
speech/sim/general2/neutral/hot2.wav,general2,neutral,0
speech/sim/general2/neutral/mark1.wav,general2,neutral,0
speech/sim/general2/neutral/mark2.wav,general2,neutral,0
speech/sim/general2/neutral/nav1.wav,general2,neutral,0
speech/sim/general2/neutral/nav2.wav,general2,neutral,0
speech/sim/general2/neutral/no1.wav,general2,neutral,0
speech/sim/general2/neutral/no2.wav,general2,neutral,0
speech/sim/general2/neutral/oh1.wav,general2,neutral,0
speech/sim/general2/neutral/oh2.wav,general2,neutral,0
speech/sim/general2/neutral/on1.wav,general2,neutral,0
speech/sim/general2/neutral/on2.wav,general2,neutral,0
speech/sim/general2/neutral/out1.wav,general2,neutral,0
speech/sim/general2/neutral/out2.wav,general2,neutral,0
speech/sim/general2/neutral/point1.wav,general2,neutral,0
speech/sim/general2/neutral/point2.wav,general2,neutral,0
speech/sim/general2/neutral/six1.wav,general2,neutral,0
speech/sim/general2/neutral/six2.wav,general2,neutral,0
speech/sim/general2/neutral/south1.wav,general2,neutral,0
speech/sim/general2/neutral/south2.wav,general2,neutral,0
speech/sim/general2/neutral/stand1.wav,general2,neutral,0
speech/sim/general2/neutral/stand2.wav,general2,neutral,0
speech/sim/general2/neutral/steer1.wav,general2,neutral,0
speech/sim/general2/neutral/steer2.wav,general2,neutral,0
speech/sim/general2/neutral/strafe1.wav,general2,neutral,0
speech/sim/general2/neutral/strafe2.wav,general2,neutral,0
speech/sim/general2/neutral/ten1.wav,general2,neutral,0
speech/sim/general2/neutral/ten2.wav,general2,neutral,0
speech/sim/general2/neutral/thirty1.wav,general2,neutral,0
speech/sim/general2/neutral/thirty2.wav,general2,neutral,0
speech/sim/general2/neutral/three1.wav,general2,neutral,0
speech/sim/general2/neutral/three2.wav,general2,neutral,0
speech/sim/general2/neutral/white1.wav,general2,neutral,0
speech/sim/general2/neutral/white2.wav,general2,neutral,0
speech/sim/general2/neutral/wide1.wav,general2,neutral,0
speech/sim/general2/neutral/wide2.wav,general2,neutral,0
speech/sim/general2/neutral/zero1.wav,general2,neutral,0
speech/sim/general2/neutral/zero2.wav,general2,neutral,0
speech/sim/general2/question/break1.wav,general2,question,0
speech/sim/general2/question/break2.wav,general2,question,0
speech/sim/general2/question/change1.wav,general2,question,0
speech/sim/general2/question/change2.wav,general2,question,0
speech/sim/general2/question/degree1.wav,general2,question,0
speech/sim/general2/question/degree2.wav,general2,question,0
speech/sim/general2/question/destin1.wav,general2,question,0
speech/sim/general2/question/destin2.wav,general2,question,0
speech/sim/general2/question/east1.wav,general2,question,0
speech/sim/general2/question/east2.wav,general2,question,0
speech/sim/general2/question/eight1.wav,general2,question,0
speech/sim/general2/question/eight2.wav,general2,question,0
speech/sim/general2/question/eighty1.wav,general2,question,0
speech/sim/general2/question/eighty2.wav,general2,question,0
speech/sim/general2/question/enter1.wav,general2,question,0
speech/sim/general2/question/enter2.wav,general2,question,0
speech/sim/general2/question/fifty1.wav,general2,question,0
speech/sim/general2/question/fifty2.wav,general2,question,0
speech/sim/general2/question/fix1.wav,general2,question,0
speech/sim/general2/question/fix2.wav,general2,question,0
speech/sim/general2/question/freeze1.wav,general2,question,0
speech/sim/general2/question/freeze2.wav,general2,question,0
speech/sim/general2/question/gain1.wav,general2,question,0
speech/sim/general2/question/gain2.wav,general2,question,0
speech/sim/general2/question/go1.wav,general2,question,0
speech/sim/general2/question/go2.wav,general2,question,0
speech/sim/general2/question/hello1.wav,general2,question,0
speech/sim/general2/question/hello2.wav,general2,question,0
speech/sim/general2/question/help1.wav,general2,question,0
speech/sim/general2/question/help2.wav,general2,question,0
speech/sim/general2/question/histog1.wav,general2,question,0
speech/sim/general2/question/histog2.wav,general2,question,0
speech/sim/general2/question/hot1.wav,general2,question,0
speech/sim/general2/question/hot2.wav,general2,question,0
speech/sim/general2/question/mark1.wav,general2,question,0
speech/sim/general2/question/mark2.wav,general2,question,0
speech/sim/general2/question/nav1.wav,general2,question,0
speech/sim/general2/question/nav2.wav,general2,question,0
speech/sim/general2/question/no1.wav,general2,question,0
speech/sim/general2/question/no2.wav,general2,question,0
speech/sim/general2/question/oh1.wav,general2,question,0
speech/sim/general2/question/oh2.wav,general2,question,0
speech/sim/general2/question/on1.wav,general2,question,0
speech/sim/general2/question/on2.wav,general2,question,0
speech/sim/general2/question/out1.wav,general2,question,0
speech/sim/general2/question/out2.wav,general2,question,0
speech/sim/general2/question/point1.wav,general2,question,0
speech/sim/general2/question/point2.wav,general2,question,0
speech/sim/general2/question/six1.wav,general2,question,0
speech/sim/general2/question/six2.wav,general2,question,0
speech/sim/general2/question/south1.wav,general2,question,0
speech/sim/general2/question/south2.wav,general2,question,0
speech/sim/general2/question/stand1.wav,general2,question,0
speech/sim/general2/question/stand2.wav,general2,question,0
speech/sim/general2/question/steer1.wav,general2,question,0
speech/sim/general2/question/steer2.wav,general2,question,0
speech/sim/general2/question/strafe1.wav,general2,question,0
speech/sim/general2/question/strafe2.wav,general2,question,0
speech/sim/general2/question/ten1.wav,general2,question,0
speech/sim/general2/question/ten2.wav,general2,question,0
speech/sim/general2/question/thirty1.wav,general2,question,0
speech/sim/general2/question/thirty2.wav,general2,question,0
speech/sim/general2/question/three1.wav,general2,question,0
speech/sim/general2/question/three2.wav,general2,question,0
speech/sim/general2/question/white1.wav,general2,question,0
speech/sim/general2/question/white2.wav,general2,question,0
speech/sim/general2/question/wide1.wav,general2,question,0
speech/sim/general2/question/wide2.wav,general2,question,0
speech/sim/general2/question/zero1.wav,general2,question,0
speech/sim/general2/question/zero2.wav,general2,question,0
speech/sim/general2/slow/break1.wav,general2,slow,0
speech/sim/general2/slow/break2.wav,general2,slow,0
speech/sim/general2/slow/change1.wav,general2,slow,0
speech/sim/general2/slow/change2.wav,general2,slow,0
speech/sim/general2/slow/degree1.wav,general2,slow,0
speech/sim/general2/slow/degree2.wav,general2,slow,0
speech/sim/general2/slow/destin1.wav,general2,slow,0
speech/sim/general2/slow/destin2.wav,general2,slow,0
speech/sim/general2/slow/east1.wav,general2,slow,0
speech/sim/general2/slow/east2.wav,general2,slow,0
speech/sim/general2/slow/eight1.wav,general2,slow,0
speech/sim/general2/slow/eight2.wav,general2,slow,0
speech/sim/general2/slow/eighty1.wav,general2,slow,0
speech/sim/general2/slow/eighty2.wav,general2,slow,0
speech/sim/general2/slow/enter1.wav,general2,slow,0
speech/sim/general2/slow/enter2.wav,general2,slow,0
speech/sim/general2/slow/fifty1.wav,general2,slow,0
speech/sim/general2/slow/fifty2.wav,general2,slow,0
speech/sim/general2/slow/fix1.wav,general2,slow,0
speech/sim/general2/slow/fix2.wav,general2,slow,0
speech/sim/general2/slow/freeze1.wav,general2,slow,0
speech/sim/general2/slow/freeze2.wav,general2,slow,0
speech/sim/general2/slow/gain1.wav,general2,slow,0
speech/sim/general2/slow/gain2.wav,general2,slow,0
speech/sim/general2/slow/go1.wav,general2,slow,0
speech/sim/general2/slow/go2.wav,general2,slow,0
speech/sim/general2/slow/hello1.wav,general2,slow,0
speech/sim/general2/slow/hello2.wav,general2,slow,0
speech/sim/general2/slow/help1.wav,general2,slow,0
speech/sim/general2/slow/help2.wav,general2,slow,0
speech/sim/general2/slow/histog1.wav,general2,slow,0
speech/sim/general2/slow/histog2.wav,general2,slow,0
speech/sim/general2/slow/hot1.wav,general2,slow,0
speech/sim/general2/slow/hot2.wav,general2,slow,0
speech/sim/general2/slow/mark1.wav,general2,slow,0
speech/sim/general2/slow/mark2.wav,general2,slow,0
speech/sim/general2/slow/nav1.wav,general2,slow,0
speech/sim/general2/slow/nav2.wav,general2,slow,0
speech/sim/general2/slow/no1.wav,general2,slow,0
speech/sim/general2/slow/no2.wav,general2,slow,0
speech/sim/general2/slow/oh1.wav,general2,slow,0
speech/sim/general2/slow/oh2.wav,general2,slow,0
speech/sim/general2/slow/on1.wav,general2,slow,0
speech/sim/general2/slow/on2.wav,general2,slow,0
speech/sim/general2/slow/out1.wav,general2,slow,0
speech/sim/general2/slow/out2.wav,general2,slow,0
speech/sim/general2/slow/point1.wav,general2,slow,0
speech/sim/general2/slow/point2.wav,general2,slow,0
speech/sim/general2/slow/six1.wav,general2,slow,0
speech/sim/general2/slow/six2.wav,general2,slow,0
speech/sim/general2/slow/south1.wav,general2,slow,0
speech/sim/general2/slow/south2.wav,general2,slow,0
speech/sim/general2/slow/stand1.wav,general2,slow,0
speech/sim/general2/slow/stand2.wav,general2,slow,0
speech/sim/general2/slow/steer1.wav,general2,slow,0
speech/sim/general2/slow/steer2.wav,general2,slow,0
speech/sim/general2/slow/strafe1.wav,general2,slow,0
speech/sim/general2/slow/strafe2.wav,general2,slow,0
speech/sim/general2/slow/ten1.wav,general2,slow,0
speech/sim/general2/slow/ten2.wav,general2,slow,0
speech/sim/general2/slow/thirty1.wav,general2,slow,0
speech/sim/general2/slow/thirty2.wav,general2,slow,0
speech/sim/general2/slow/three1.wav,general2,slow,0
speech/sim/general2/slow/three2.wav,general2,slow,0
speech/sim/general2/slow/white1.wav,general2,slow,0
speech/sim/general2/slow/white2.wav,general2,slow,0
speech/sim/general2/slow/wide1.wav,general2,slow,0
speech/sim/general2/slow/wide2.wav,general2,slow,0
speech/sim/general2/slow/zero1.wav,general2,slow,0
speech/sim/general2/slow/zero2.wav,general2,slow,0
speech/sim/general2/soft/break1.wav,general2,soft,0
speech/sim/general2/soft/break2.wav,general2,soft,0
speech/sim/general2/soft/change1.wav,general2,soft,0
speech/sim/general2/soft/change2.wav,general2,soft,0
speech/sim/general2/soft/degree1.wav,general2,soft,0
speech/sim/general2/soft/degree2.wav,general2,soft,0
speech/sim/general2/soft/destin1.wav,general2,soft,0
speech/sim/general2/soft/destin2.wav,general2,soft,0
speech/sim/general2/soft/east1.wav,general2,soft,0
speech/sim/general2/soft/east2.wav,general2,soft,0
speech/sim/general2/soft/eight1.wav,general2,soft,0
speech/sim/general2/soft/eight2.wav,general2,soft,0
speech/sim/general2/soft/eighty1.wav,general2,soft,0
speech/sim/general2/soft/eighty2.wav,general2,soft,0
speech/sim/general2/soft/enter1.wav,general2,soft,0
speech/sim/general2/soft/enter2.wav,general2,soft,0
speech/sim/general2/soft/fifty1.wav,general2,soft,0
speech/sim/general2/soft/fifty2.wav,general2,soft,0
speech/sim/general2/soft/fix1.wav,general2,soft,0
speech/sim/general2/soft/fix2.wav,general2,soft,0
speech/sim/general2/soft/freeze1.wav,general2,soft,0
speech/sim/general2/soft/freeze2.wav,general2,soft,0
speech/sim/general2/soft/gain1.wav,general2,soft,0
speech/sim/general2/soft/gain2.wav,general2,soft,0
speech/sim/general2/soft/go1.wav,general2,soft,0
speech/sim/general2/soft/go2.wav,general2,soft,0
speech/sim/general2/soft/hello1.wav,general2,soft,0
speech/sim/general2/soft/hello2.wav,general2,soft,0
speech/sim/general2/soft/help1.wav,general2,soft,0
speech/sim/general2/soft/help2.wav,general2,soft,0
speech/sim/general2/soft/histog1.wav,general2,soft,0
speech/sim/general2/soft/histog2.wav,general2,soft,0
speech/sim/general2/soft/hot1.wav,general2,soft,0
speech/sim/general2/soft/hot2.wav,general2,soft,0
speech/sim/general2/soft/mark1.wav,general2,soft,0
speech/sim/general2/soft/mark2.wav,general2,soft,0
speech/sim/general2/soft/nav1.wav,general2,soft,0
speech/sim/general2/soft/nav2.wav,general2,soft,0
speech/sim/general2/soft/no1.wav,general2,soft,0
speech/sim/general2/soft/no2.wav,general2,soft,0
speech/sim/general2/soft/oh1.wav,general2,soft,0
speech/sim/general2/soft/oh2.wav,general2,soft,0
speech/sim/general2/soft/on1.wav,general2,soft,0
speech/sim/general2/soft/on2.wav,general2,soft,0
speech/sim/general2/soft/out1.wav,general2,soft,0
speech/sim/general2/soft/out2.wav,general2,soft,0
speech/sim/general2/soft/point1.wav,general2,soft,0
speech/sim/general2/soft/point2.wav,general2,soft,0
speech/sim/general2/soft/six1.wav,general2,soft,0
speech/sim/general2/soft/six2.wav,general2,soft,0
speech/sim/general2/soft/south1.wav,general2,soft,0
speech/sim/general2/soft/south2.wav,general2,soft,0
speech/sim/general2/soft/stand1.wav,general2,soft,0
speech/sim/general2/soft/stand2.wav,general2,soft,0
speech/sim/general2/soft/steer1.wav,general2,soft,0
speech/sim/general2/soft/steer2.wav,general2,soft,0
speech/sim/general2/soft/strafe1.wav,general2,soft,0
speech/sim/general2/soft/strafe2.wav,general2,soft,0
speech/sim/general2/soft/ten1.wav,general2,soft,0
speech/sim/general2/soft/ten2.wav,general2,soft,0
speech/sim/general2/soft/thirty1.wav,general2,soft,0
speech/sim/general2/soft/thirty2.wav,general2,soft,0
speech/sim/general2/soft/three1.wav,general2,soft,0
speech/sim/general2/soft/three2.wav,general2,soft,0
speech/sim/general2/soft/white1.wav,general2,soft,0
speech/sim/general2/soft/white2.wav,general2,soft,0
speech/sim/general2/soft/wide1.wav,general2,soft,0
speech/sim/general2/soft/wide2.wav,general2,soft,0
speech/sim/general2/soft/zero1.wav,general2,soft,0
speech/sim/general2/soft/zero2.wav,general2,soft,0
speech/sim/general2/train/break1.wav,general2,train,0
speech/sim/general2/train/break10.wav,general2,train,0
speech/sim/general2/train/break11.wav,general2,train,0
speech/sim/general2/train/break12.wav,general2,train,0
speech/sim/general2/train/break2.wav,general2,train,0
speech/sim/general2/train/break3.wav,general2,train,0
speech/sim/general2/train/break4.wav,general2,train,0
speech/sim/general2/train/break5.wav,general2,train,0
speech/sim/general2/train/break6.wav,general2,train,0
speech/sim/general2/train/break7.wav,general2,train,0
speech/sim/general2/train/break8.wav,general2,train,0
speech/sim/general2/train/break9.wav,general2,train,0
speech/sim/general2/train/change1.wav,general2,train,0
speech/sim/general2/train/change10.wav,general2,train,0
speech/sim/general2/train/change11.wav,general2,train,0
speech/sim/general2/train/change12.wav,general2,train,0
speech/sim/general2/train/change2.wav,general2,train,0
speech/sim/general2/train/change3.wav,general2,train,0
speech/sim/general2/train/change4.wav,general2,train,0
speech/sim/general2/train/change5.wav,general2,train,0
speech/sim/general2/train/change6.wav,general2,train,0
speech/sim/general2/train/change7.wav,general2,train,0
speech/sim/general2/train/change8.wav,general2,train,0
speech/sim/general2/train/change9.wav,general2,train,0
speech/sim/general2/train/degree1.wav,general2,train,0
speech/sim/general2/train/degree10.wav,general2,train,0
speech/sim/general2/train/degree11.wav,general2,train,0
speech/sim/general2/train/degree12.wav,general2,train,0
speech/sim/general2/train/degree2.wav,general2,train,0
speech/sim/general2/train/degree3.wav,general2,train,0
speech/sim/general2/train/degree4.wav,general2,train,0
speech/sim/general2/train/degree5.wav,general2,train,0
speech/sim/general2/train/degree6.wav,general2,train,0
speech/sim/general2/train/degree7.wav,general2,train,0
speech/sim/general2/train/degree8.wav,general2,train,0
speech/sim/general2/train/degree9.wav,general2,train,0
speech/sim/general2/train/destin1.wav,general2,train,0
speech/sim/general2/train/destin10.wav,general2,train,0
speech/sim/general2/train/destin11.wav,general2,train,0
speech/sim/general2/train/destin12.wav,general2,train,0
speech/sim/general2/train/destin2.wav,general2,train,0
speech/sim/general2/train/destin3.wav,general2,train,0
speech/sim/general2/train/destin4.wav,general2,train,0
speech/sim/general2/train/destin5.wav,general2,train,0
speech/sim/general2/train/destin6.wav,general2,train,0
speech/sim/general2/train/destin7.wav,general2,train,0
speech/sim/general2/train/destin8.wav,general2,train,0
speech/sim/general2/train/destin9.wav,general2,train,0
speech/sim/general2/train/east1.wav,general2,train,0
speech/sim/general2/train/east10.wav,general2,train,0
speech/sim/general2/train/east11.wav,general2,train,0
speech/sim/general2/train/east12.wav,general2,train,0
speech/sim/general2/train/east2.wav,general2,train,0
speech/sim/general2/train/east3.wav,general2,train,0
speech/sim/general2/train/east4.wav,general2,train,0
speech/sim/general2/train/east5.wav,general2,train,0
speech/sim/general2/train/east6.wav,general2,train,0
speech/sim/general2/train/east7.wav,general2,train,0
speech/sim/general2/train/east8.wav,general2,train,0
speech/sim/general2/train/east9.wav,general2,train,0
speech/sim/general2/train/eight1.wav,general2,train,0
speech/sim/general2/train/eight10.wav,general2,train,0
speech/sim/general2/train/eight11.wav,general2,train,0
speech/sim/general2/train/eight12.wav,general2,train,0
speech/sim/general2/train/eight2.wav,general2,train,0
speech/sim/general2/train/eight3.wav,general2,train,0
speech/sim/general2/train/eight4.wav,general2,train,0
speech/sim/general2/train/eight5.wav,general2,train,0
speech/sim/general2/train/eight6.wav,general2,train,0
speech/sim/general2/train/eight7.wav,general2,train,0
speech/sim/general2/train/eight8.wav,general2,train,0
speech/sim/general2/train/eight9.wav,general2,train,0
speech/sim/general2/train/eighty1.wav,general2,train,0
speech/sim/general2/train/eighty10.wav,general2,train,0
speech/sim/general2/train/eighty11.wav,general2,train,0
speech/sim/general2/train/eighty12.wav,general2,train,0
speech/sim/general2/train/eighty2.wav,general2,train,0
speech/sim/general2/train/eighty3.wav,general2,train,0
speech/sim/general2/train/eighty4.wav,general2,train,0
speech/sim/general2/train/eighty5.wav,general2,train,0
speech/sim/general2/train/eighty6.wav,general2,train,0
speech/sim/general2/train/eighty7.wav,general2,train,0
speech/sim/general2/train/eighty8.wav,general2,train,0
speech/sim/general2/train/eighty9.wav,general2,train,0
speech/sim/general2/train/enter1.wav,general2,train,0
speech/sim/general2/train/enter10.wav,general2,train,0
speech/sim/general2/train/enter11.wav,general2,train,0
speech/sim/general2/train/enter12.wav,general2,train,0
speech/sim/general2/train/enter2.wav,general2,train,0
speech/sim/general2/train/enter3.wav,general2,train,0
speech/sim/general2/train/enter4.wav,general2,train,0
speech/sim/general2/train/enter5.wav,general2,train,0
speech/sim/general2/train/enter6.wav,general2,train,0
speech/sim/general2/train/enter7.wav,general2,train,0
speech/sim/general2/train/enter8.wav,general2,train,0
speech/sim/general2/train/enter9.wav,general2,train,0
speech/sim/general2/train/fifty1.wav,general2,train,0
speech/sim/general2/train/fifty10.wav,general2,train,0
speech/sim/general2/train/fifty11.wav,general2,train,0
speech/sim/general2/train/fifty12.wav,general2,train,0
speech/sim/general2/train/fifty2.wav,general2,train,0
speech/sim/general2/train/fifty3.wav,general2,train,0
speech/sim/general2/train/fifty4.wav,general2,train,0
speech/sim/general2/train/fifty5.wav,general2,train,0
speech/sim/general2/train/fifty6.wav,general2,train,0
speech/sim/general2/train/fifty7.wav,general2,train,0
speech/sim/general2/train/fifty8.wav,general2,train,0
speech/sim/general2/train/fifty9.wav,general2,train,0
speech/sim/general2/train/fix1.wav,general2,train,0
speech/sim/general2/train/fix10.wav,general2,train,0
speech/sim/general2/train/fix11.wav,general2,train,0
speech/sim/general2/train/fix12.wav,general2,train,0
speech/sim/general2/train/fix2.wav,general2,train,0
speech/sim/general2/train/fix3.wav,general2,train,0
speech/sim/general2/train/fix4.wav,general2,train,0
speech/sim/general2/train/fix5.wav,general2,train,0
speech/sim/general2/train/fix6.wav,general2,train,0
speech/sim/general2/train/fix7.wav,general2,train,0
speech/sim/general2/train/fix8.wav,general2,train,0
speech/sim/general2/train/fix9.wav,general2,train,0
speech/sim/general2/train/freeze1.wav,general2,train,0
speech/sim/general2/train/freeze10.wav,general2,train,0
speech/sim/general2/train/freeze11.wav,general2,train,0
speech/sim/general2/train/freeze12.wav,general2,train,0
speech/sim/general2/train/freeze2.wav,general2,train,0
speech/sim/general2/train/freeze3.wav,general2,train,0
speech/sim/general2/train/freeze4.wav,general2,train,0
speech/sim/general2/train/freeze5.wav,general2,train,0
speech/sim/general2/train/freeze6.wav,general2,train,0
speech/sim/general2/train/freeze7.wav,general2,train,0
speech/sim/general2/train/freeze8.wav,general2,train,0
speech/sim/general2/train/freeze9.wav,general2,train,0
speech/sim/general2/train/gain1.wav,general2,train,0
speech/sim/general2/train/gain10.wav,general2,train,0
speech/sim/general2/train/gain11.wav,general2,train,0
speech/sim/general2/train/gain12.wav,general2,train,0
speech/sim/general2/train/gain2.wav,general2,train,0
speech/sim/general2/train/gain3.wav,general2,train,0
speech/sim/general2/train/gain4.wav,general2,train,0
speech/sim/general2/train/gain5.wav,general2,train,0
speech/sim/general2/train/gain6.wav,general2,train,0
speech/sim/general2/train/gain7.wav,general2,train,0
speech/sim/general2/train/gain8.wav,general2,train,0
speech/sim/general2/train/gain9.wav,general2,train,0
speech/sim/general2/train/go1.wav,general2,train,0
speech/sim/general2/train/go10.wav,general2,train,0
speech/sim/general2/train/go11.wav,general2,train,0
speech/sim/general2/train/go12.wav,general2,train,0
speech/sim/general2/train/go2.wav,general2,train,0
speech/sim/general2/train/go3.wav,general2,train,0
speech/sim/general2/train/go4.wav,general2,train,0
speech/sim/general2/train/go5.wav,general2,train,0
speech/sim/general2/train/go6.wav,general2,train,0
speech/sim/general2/train/go7.wav,general2,train,0
speech/sim/general2/train/go8.wav,general2,train,0
speech/sim/general2/train/go9.wav,general2,train,0
speech/sim/general2/train/hello1.wav,general2,train,0
speech/sim/general2/train/hello10.wav,general2,train,0
speech/sim/general2/train/hello11.wav,general2,train,0
speech/sim/general2/train/hello12.wav,general2,train,0
speech/sim/general2/train/hello2.wav,general2,train,0
speech/sim/general2/train/hello3.wav,general2,train,0
speech/sim/general2/train/hello4.wav,general2,train,0
speech/sim/general2/train/hello5.wav,general2,train,0
speech/sim/general2/train/hello6.wav,general2,train,0
speech/sim/general2/train/hello7.wav,general2,train,0
speech/sim/general2/train/hello8.wav,general2,train,0
speech/sim/general2/train/hello9.wav,general2,train,0
speech/sim/general2/train/help1.wav,general2,train,0
speech/sim/general2/train/help10.wav,general2,train,0
speech/sim/general2/train/help11.wav,general2,train,0
speech/sim/general2/train/help12.wav,general2,train,0
speech/sim/general2/train/help2.wav,general2,train,0
speech/sim/general2/train/help3.wav,general2,train,0
speech/sim/general2/train/help4.wav,general2,train,0
speech/sim/general2/train/help5.wav,general2,train,0
speech/sim/general2/train/help6.wav,general2,train,0
speech/sim/general2/train/help7.wav,general2,train,0
speech/sim/general2/train/help8.wav,general2,train,0
speech/sim/general2/train/help9.wav,general2,train,0
speech/sim/general2/train/histog1.wav,general2,train,0
speech/sim/general2/train/histog10.wav,general2,train,0
speech/sim/general2/train/histog11.wav,general2,train,0
speech/sim/general2/train/histog12.wav,general2,train,0
speech/sim/general2/train/histog2.wav,general2,train,0
speech/sim/general2/train/histog3.wav,general2,train,0
speech/sim/general2/train/histog4.wav,general2,train,0
speech/sim/general2/train/histog5.wav,general2,train,0
speech/sim/general2/train/histog6.wav,general2,train,0
speech/sim/general2/train/histog7.wav,general2,train,0
speech/sim/general2/train/histog8.wav,general2,train,0
speech/sim/general2/train/histog9.wav,general2,train,0
speech/sim/general2/train/hot1.wav,general2,train,0
speech/sim/general2/train/hot10.wav,general2,train,0
speech/sim/general2/train/hot11.wav,general2,train,0
speech/sim/general2/train/hot12.wav,general2,train,0
speech/sim/general2/train/hot2.wav,general2,train,0
speech/sim/general2/train/hot3.wav,general2,train,0
speech/sim/general2/train/hot4.wav,general2,train,0
speech/sim/general2/train/hot5.wav,general2,train,0
speech/sim/general2/train/hot6.wav,general2,train,0
speech/sim/general2/train/hot7.wav,general2,train,0
speech/sim/general2/train/hot8.wav,general2,train,0
speech/sim/general2/train/hot9.wav,general2,train,0
speech/sim/general2/train/mark1.wav,general2,train,0
speech/sim/general2/train/mark10.wav,general2,train,0
speech/sim/general2/train/mark11.wav,general2,train,0
speech/sim/general2/train/mark12.wav,general2,train,0
speech/sim/general2/train/mark2.wav,general2,train,0
speech/sim/general2/train/mark3.wav,general2,train,0
speech/sim/general2/train/mark4.wav,general2,train,0
speech/sim/general2/train/mark5.wav,general2,train,0
speech/sim/general2/train/mark6.wav,general2,train,0
speech/sim/general2/train/mark7.wav,general2,train,0
speech/sim/general2/train/mark8.wav,general2,train,0
speech/sim/general2/train/mark9.wav,general2,train,0
speech/sim/general2/train/nav1.wav,general2,train,0
speech/sim/general2/train/nav10.wav,general2,train,0
speech/sim/general2/train/nav11.wav,general2,train,0
speech/sim/general2/train/nav12.wav,general2,train,0
speech/sim/general2/train/nav2.wav,general2,train,0
speech/sim/general2/train/nav3.wav,general2,train,0
speech/sim/general2/train/nav4.wav,general2,train,0
speech/sim/general2/train/nav5.wav,general2,train,0
speech/sim/general2/train/nav6.wav,general2,train,0
speech/sim/general2/train/nav7.wav,general2,train,0
speech/sim/general2/train/nav8.wav,general2,train,0
speech/sim/general2/train/nav9.wav,general2,train,0
speech/sim/general2/train/no1.wav,general2,train,0
speech/sim/general2/train/no10.wav,general2,train,0
speech/sim/general2/train/no11.wav,general2,train,0
speech/sim/general2/train/no12.wav,general2,train,0
speech/sim/general2/train/no2.wav,general2,train,0
speech/sim/general2/train/no3.wav,general2,train,0
speech/sim/general2/train/no4.wav,general2,train,0
speech/sim/general2/train/no5.wav,general2,train,0
speech/sim/general2/train/no6.wav,general2,train,0
speech/sim/general2/train/no7.wav,general2,train,0
speech/sim/general2/train/no8.wav,general2,train,0
speech/sim/general2/train/no9.wav,general2,train,0
speech/sim/general2/train/oh1.wav,general2,train,0
speech/sim/general2/train/oh10.wav,general2,train,0
speech/sim/general2/train/oh11.wav,general2,train,0
speech/sim/general2/train/oh12.wav,general2,train,0
speech/sim/general2/train/oh2.wav,general2,train,0
speech/sim/general2/train/oh3.wav,general2,train,0
speech/sim/general2/train/oh4.wav,general2,train,0
speech/sim/general2/train/oh5.wav,general2,train,0
speech/sim/general2/train/oh6.wav,general2,train,0
speech/sim/general2/train/oh7.wav,general2,train,0
speech/sim/general2/train/oh8.wav,general2,train,0
speech/sim/general2/train/oh9.wav,general2,train,0
speech/sim/general2/train/on1.wav,general2,train,0
speech/sim/general2/train/on10.wav,general2,train,0
speech/sim/general2/train/on11.wav,general2,train,0
speech/sim/general2/train/on12.wav,general2,train,0
speech/sim/general2/train/on2.wav,general2,train,0
speech/sim/general2/train/on3.wav,general2,train,0
speech/sim/general2/train/on4.wav,general2,train,0
speech/sim/general2/train/on5.wav,general2,train,0
speech/sim/general2/train/on6.wav,general2,train,0
speech/sim/general2/train/on7.wav,general2,train,0
speech/sim/general2/train/on8.wav,general2,train,0
speech/sim/general2/train/on9.wav,general2,train,0
speech/sim/general2/train/out1.wav,general2,train,0
speech/sim/general2/train/out10.wav,general2,train,0
speech/sim/general2/train/out11.wav,general2,train,0
speech/sim/general2/train/out12.wav,general2,train,0
speech/sim/general2/train/out2.wav,general2,train,0
speech/sim/general2/train/out3.wav,general2,train,0
speech/sim/general2/train/out4.wav,general2,train,0
speech/sim/general2/train/out5.wav,general2,train,0
speech/sim/general2/train/out6.wav,general2,train,0
speech/sim/general2/train/out7.wav,general2,train,0
speech/sim/general2/train/out8.wav,general2,train,0
speech/sim/general2/train/out9.wav,general2,train,0
speech/sim/general2/train/point1.wav,general2,train,0
speech/sim/general2/train/point10.wav,general2,train,0
speech/sim/general2/train/point11.wav,general2,train,0
speech/sim/general2/train/point12.wav,general2,train,0
speech/sim/general2/train/point2.wav,general2,train,0
speech/sim/general2/train/point3.wav,general2,train,0
speech/sim/general2/train/point4.wav,general2,train,0
speech/sim/general2/train/point5.wav,general2,train,0
speech/sim/general2/train/point6.wav,general2,train,0
speech/sim/general2/train/point7.wav,general2,train,0
speech/sim/general2/train/point8.wav,general2,train,0
speech/sim/general2/train/point9.wav,general2,train,0
speech/sim/general2/train/six1.wav,general2,train,0
speech/sim/general2/train/six10.wav,general2,train,0
speech/sim/general2/train/six11.wav,general2,train,0
speech/sim/general2/train/six12.wav,general2,train,0
speech/sim/general2/train/six2.wav,general2,train,0
speech/sim/general2/train/six3.wav,general2,train,0
speech/sim/general2/train/six4.wav,general2,train,0
speech/sim/general2/train/six5.wav,general2,train,0
speech/sim/general2/train/six6.wav,general2,train,0
speech/sim/general2/train/six7.wav,general2,train,0
speech/sim/general2/train/six8.wav,general2,train,0
speech/sim/general2/train/six9.wav,general2,train,0
speech/sim/general2/train/south1.wav,general2,train,0
speech/sim/general2/train/south10.wav,general2,train,0
speech/sim/general2/train/south11.wav,general2,train,0
speech/sim/general2/train/south12.wav,general2,train,0
speech/sim/general2/train/south2.wav,general2,train,0
speech/sim/general2/train/south3.wav,general2,train,0
speech/sim/general2/train/south4.wav,general2,train,0
speech/sim/general2/train/south5.wav,general2,train,0
speech/sim/general2/train/south6.wav,general2,train,0
speech/sim/general2/train/south7.wav,general2,train,0
speech/sim/general2/train/south8.wav,general2,train,0
speech/sim/general2/train/south9.wav,general2,train,0
speech/sim/general2/train/stand1.wav,general2,train,0
speech/sim/general2/train/stand10.wav,general2,train,0
speech/sim/general2/train/stand11.wav,general2,train,0
speech/sim/general2/train/stand12.wav,general2,train,0
speech/sim/general2/train/stand2.wav,general2,train,0
speech/sim/general2/train/stand3.wav,general2,train,0
speech/sim/general2/train/stand4.wav,general2,train,0
speech/sim/general2/train/stand5.wav,general2,train,0
speech/sim/general2/train/stand6.wav,general2,train,0
speech/sim/general2/train/stand7.wav,general2,train,0
speech/sim/general2/train/stand8.wav,general2,train,0
speech/sim/general2/train/stand9.wav,general2,train,0
speech/sim/general2/train/steer1.wav,general2,train,0
speech/sim/general2/train/steer10.wav,general2,train,0
speech/sim/general2/train/steer11.wav,general2,train,0
speech/sim/general2/train/steer12.wav,general2,train,0
speech/sim/general2/train/steer2.wav,general2,train,0
speech/sim/general2/train/steer3.wav,general2,train,0
speech/sim/general2/train/steer4.wav,general2,train,0
speech/sim/general2/train/steer5.wav,general2,train,0
speech/sim/general2/train/steer6.wav,general2,train,0
speech/sim/general2/train/steer7.wav,general2,train,0
speech/sim/general2/train/steer8.wav,general2,train,0
speech/sim/general2/train/steer9.wav,general2,train,0
speech/sim/general2/train/strafe1.wav,general2,train,0
speech/sim/general2/train/strafe10.wav,general2,train,0
speech/sim/general2/train/strafe11.wav,general2,train,0
speech/sim/general2/train/strafe12.wav,general2,train,0
speech/sim/general2/train/strafe2.wav,general2,train,0
speech/sim/general2/train/strafe3.wav,general2,train,0
speech/sim/general2/train/strafe4.wav,general2,train,0
speech/sim/general2/train/strafe5.wav,general2,train,0
speech/sim/general2/train/strafe6.wav,general2,train,0
speech/sim/general2/train/strafe7.wav,general2,train,0
speech/sim/general2/train/strafe8.wav,general2,train,0
speech/sim/general2/train/strafe9.wav,general2,train,0
speech/sim/general2/train/ten1.wav,general2,train,0
speech/sim/general2/train/ten10.wav,general2,train,0
speech/sim/general2/train/ten11.wav,general2,train,0
speech/sim/general2/train/ten12.wav,general2,train,0
speech/sim/general2/train/ten2.wav,general2,train,0
speech/sim/general2/train/ten3.wav,general2,train,0
speech/sim/general2/train/ten4.wav,general2,train,0
speech/sim/general2/train/ten5.wav,general2,train,0
speech/sim/general2/train/ten6.wav,general2,train,0
speech/sim/general2/train/ten7.wav,general2,train,0
speech/sim/general2/train/ten8.wav,general2,train,0
speech/sim/general2/train/ten9.wav,general2,train,0
speech/sim/general2/train/thirty1.wav,general2,train,0
speech/sim/general2/train/thirty10.wav,general2,train,0
speech/sim/general2/train/thirty11.wav,general2,train,0
speech/sim/general2/train/thirty12.wav,general2,train,0
speech/sim/general2/train/thirty2.wav,general2,train,0
speech/sim/general2/train/thirty3.wav,general2,train,0
speech/sim/general2/train/thirty4.wav,general2,train,0
speech/sim/general2/train/thirty5.wav,general2,train,0
speech/sim/general2/train/thirty6.wav,general2,train,0
speech/sim/general2/train/thirty7.wav,general2,train,0
speech/sim/general2/train/thirty8.wav,general2,train,0
speech/sim/general2/train/thirty9.wav,general2,train,0
speech/sim/general2/train/three1.wav,general2,train,0
speech/sim/general2/train/three10.wav,general2,train,0
speech/sim/general2/train/three11.wav,general2,train,0
speech/sim/general2/train/three12.wav,general2,train,0
speech/sim/general2/train/three2.wav,general2,train,0
speech/sim/general2/train/three3.wav,general2,train,0
speech/sim/general2/train/three4.wav,general2,train,0
speech/sim/general2/train/three5.wav,general2,train,0
speech/sim/general2/train/three6.wav,general2,train,0
speech/sim/general2/train/three7.wav,general2,train,0
speech/sim/general2/train/three8.wav,general2,train,0
speech/sim/general2/train/three9.wav,general2,train,0
speech/sim/general2/train/white1.wav,general2,train,0
speech/sim/general2/train/white10.wav,general2,train,0
speech/sim/general2/train/white11.wav,general2,train,0
speech/sim/general2/train/white12.wav,general2,train,0
speech/sim/general2/train/white2.wav,general2,train,0
speech/sim/general2/train/white3.wav,general2,train,0
speech/sim/general2/train/white4.wav,general2,train,0
speech/sim/general2/train/white5.wav,general2,train,0
speech/sim/general2/train/white6.wav,general2,train,0
speech/sim/general2/train/white7.wav,general2,train,0
speech/sim/general2/train/white8.wav,general2,train,0
speech/sim/general2/train/white9.wav,general2,train,0
speech/sim/general2/train/wide1.wav,general2,train,0
speech/sim/general2/train/wide10.wav,general2,train,0
speech/sim/general2/train/wide11.wav,general2,train,0
speech/sim/general2/train/wide12.wav,general2,train,0
speech/sim/general2/train/wide2.wav,general2,train,0
speech/sim/general2/train/wide3.wav,general2,train,0
speech/sim/general2/train/wide4.wav,general2,train,0
speech/sim/general2/train/wide5.wav,general2,train,0
speech/sim/general2/train/wide6.wav,general2,train,0
speech/sim/general2/train/wide7.wav,general2,train,0
speech/sim/general2/train/wide8.wav,general2,train,0
speech/sim/general2/train/wide9.wav,general2,train,0
speech/sim/general2/train/zero1.wav,general2,train,0
speech/sim/general2/train/zero10.wav,general2,train,0
speech/sim/general2/train/zero11.wav,general2,train,0
speech/sim/general2/train/zero12.wav,general2,train,0
speech/sim/general2/train/zero2.wav,general2,train,0
speech/sim/general2/train/zero3.wav,general2,train,0
speech/sim/general2/train/zero4.wav,general2,train,0
speech/sim/general2/train/zero5.wav,general2,train,0
speech/sim/general2/train/zero6.wav,general2,train,0
speech/sim/general2/train/zero7.wav,general2,train,0
speech/sim/general2/train/zero8.wav,general2,train,0
speech/sim/general2/train/zero9.wav,general2,train,0
speech/sim/general3/angry/break1.wav,general3,angry,2
speech/sim/general3/angry/break2.wav,general3,angry,2
speech/sim/general3/angry/change1.wav,general3,angry,2
speech/sim/general3/angry/change2.wav,general3,angry,2
speech/sim/general3/angry/degree1.wav,general3,angry,2
speech/sim/general3/angry/degree2.wav,general3,angry,2
speech/sim/general3/angry/destin1.wav,general3,angry,2
speech/sim/general3/angry/destin2.wav,general3,angry,2
speech/sim/general3/angry/east1.wav,general3,angry,2
speech/sim/general3/angry/east2.wav,general3,angry,2
speech/sim/general3/angry/eight1.wav,general3,angry,2
speech/sim/general3/angry/eight2.wav,general3,angry,2
speech/sim/general3/angry/eighty1.wav,general3,angry,2
speech/sim/general3/angry/enter1.wav,general3,angry,2
speech/sim/general3/angry/enter2.wav,general3,angry,2
speech/sim/general3/angry/fifty1.wav,general3,angry,2
speech/sim/general3/angry/fifty2.wav,general3,angry,2
speech/sim/general3/angry/fix1.wav,general3,angry,2
speech/sim/general3/angry/fix2.wav,general3,angry,2
speech/sim/general3/angry/freeze1.wav,general3,angry,2
speech/sim/general3/angry/freeze2.wav,general3,angry,2
speech/sim/general3/angry/gain1.wav,general3,angry,2
speech/sim/general3/angry/gain2.wav,general3,angry,2
speech/sim/general3/angry/go1.wav,general3,angry,2
speech/sim/general3/angry/go2.wav,general3,angry,2
speech/sim/general3/angry/hello1.wav,general3,angry,2
speech/sim/general3/angry/hello2.wav,general3,angry,2
speech/sim/general3/angry/help1.wav,general3,angry,2
speech/sim/general3/angry/help2.wav,general3,angry,2
speech/sim/general3/angry/histog1.wav,general3,angry,2
speech/sim/general3/angry/histog2.wav,general3,angry,2
speech/sim/general3/angry/hot1.wav,general3,angry,2
speech/sim/general3/angry/hot2.wav,general3,angry,2
speech/sim/general3/angry/mark1.wav,general3,angry,2
speech/sim/general3/angry/mark2.wav,general3,angry,2
speech/sim/general3/angry/nav1.wav,general3,angry,2
speech/sim/general3/angry/nav2.wav,general3,angry,2
speech/sim/general3/angry/no1.wav,general3,angry,2
speech/sim/general3/angry/no2.wav,general3,angry,2
speech/sim/general3/angry/oh1.wav,general3,angry,2
speech/sim/general3/angry/oh2.wav,general3,angry,2
speech/sim/general3/angry/on1.wav,general3,angry,2
speech/sim/general3/angry/on2.wav,general3,angry,2
speech/sim/general3/angry/on3.wav,general3,angry,2
speech/sim/general3/angry/out1.wav,general3,angry,2
speech/sim/general3/angry/out2.wav,general3,angry,2
speech/sim/general3/angry/point1.wav,general3,angry,2
speech/sim/general3/angry/point2.wav,general3,angry,2
speech/sim/general3/angry/six1.wav,general3,angry,2
speech/sim/general3/angry/six2.wav,general3,angry,2
speech/sim/general3/angry/south1.wav,general3,angry,2
speech/sim/general3/angry/south2.wav,general3,angry,2
speech/sim/general3/angry/stand1.wav,general3,angry,2
speech/sim/general3/angry/stand2.wav,general3,angry,2
speech/sim/general3/angry/steer1.wav,general3,angry,2
speech/sim/general3/angry/steer2.wav,general3,angry,2
speech/sim/general3/angry/strafe1.wav,general3,angry,2
speech/sim/general3/angry/strafe2.wav,general3,angry,2
speech/sim/general3/angry/ten1.wav,general3,angry,2
speech/sim/general3/angry/ten2.wav,general3,angry,2
speech/sim/general3/angry/thirty1.wav,general3,angry,2
speech/sim/general3/angry/thirty2.wav,general3,angry,2
speech/sim/general3/angry/three1.wav,general3,angry,2
speech/sim/general3/angry/three2.wav,general3,angry,2
speech/sim/general3/angry/white1.wav,general3,angry,2
speech/sim/general3/angry/white2.wav,general3,angry,2
speech/sim/general3/angry/wide1.wav,general3,angry,2
speech/sim/general3/angry/wide2.wav,general3,angry,2
speech/sim/general3/angry/zero1.wav,general3,angry,2
speech/sim/general3/angry/zero2.wav,general3,angry,2
speech/sim/general3/clear/break1.wav,general3,clear,0
speech/sim/general3/clear/break2.wav,general3,clear,0
speech/sim/general3/clear/change1.wav,general3,clear,0
speech/sim/general3/clear/change2.wav,general3,clear,0
speech/sim/general3/clear/degree1.wav,general3,clear,0
speech/sim/general3/clear/degree2.wav,general3,clear,0
speech/sim/general3/clear/destin1.wav,general3,clear,0
speech/sim/general3/clear/destin2.wav,general3,clear,0
speech/sim/general3/clear/east1.wav,general3,clear,0
speech/sim/general3/clear/east2.wav,general3,clear,0
speech/sim/general3/clear/eight1.wav,general3,clear,0
speech/sim/general3/clear/eight2.wav,general3,clear,0
speech/sim/general3/clear/eighty1.wav,general3,clear,0
speech/sim/general3/clear/eighty2.wav,general3,clear,0
speech/sim/general3/clear/enter1.wav,general3,clear,0
speech/sim/general3/clear/enter2.wav,general3,clear,0
speech/sim/general3/clear/fifty1.wav,general3,clear,0
speech/sim/general3/clear/fifty2.wav,general3,clear,0
speech/sim/general3/clear/fix1.wav,general3,clear,0
speech/sim/general3/clear/fix2.wav,general3,clear,0
speech/sim/general3/clear/freeze1.wav,general3,clear,0
speech/sim/general3/clear/freeze2.wav,general3,clear,0
speech/sim/general3/clear/gain1.wav,general3,clear,0
speech/sim/general3/clear/gain2.wav,general3,clear,0
speech/sim/general3/clear/go1.wav,general3,clear,0
speech/sim/general3/clear/go2.wav,general3,clear,0
speech/sim/general3/clear/hello1.wav,general3,clear,0
speech/sim/general3/clear/hello2.wav,general3,clear,0
speech/sim/general3/clear/help1.wav,general3,clear,0
speech/sim/general3/clear/help2.wav,general3,clear,0
speech/sim/general3/clear/histog1.wav,general3,clear,0
speech/sim/general3/clear/histog2.wav,general3,clear,0
speech/sim/general3/clear/hot1.wav,general3,clear,0
speech/sim/general3/clear/hot2.wav,general3,clear,0
speech/sim/general3/clear/mark1.wav,general3,clear,0
speech/sim/general3/clear/mark2.wav,general3,clear,0
speech/sim/general3/clear/nav1.wav,general3,clear,0
speech/sim/general3/clear/nav2.wav,general3,clear,0
speech/sim/general3/clear/no1.wav,general3,clear,0
speech/sim/general3/clear/no2.wav,general3,clear,0
speech/sim/general3/clear/oh1.wav,general3,clear,0
speech/sim/general3/clear/oh2.wav,general3,clear,0
speech/sim/general3/clear/on1.wav,general3,clear,0
speech/sim/general3/clear/on2.wav,general3,clear,0
speech/sim/general3/clear/out1.wav,general3,clear,0
speech/sim/general3/clear/out2.wav,general3,clear,0
speech/sim/general3/clear/point1.wav,general3,clear,0
speech/sim/general3/clear/point2.wav,general3,clear,0
speech/sim/general3/clear/six1.wav,general3,clear,0
speech/sim/general3/clear/six2.wav,general3,clear,0
speech/sim/general3/clear/south1.wav,general3,clear,0
speech/sim/general3/clear/south2.wav,general3,clear,0
speech/sim/general3/clear/stand1.wav,general3,clear,0
speech/sim/general3/clear/stand2.wav,general3,clear,0
speech/sim/general3/clear/steer1.wav,general3,clear,0
speech/sim/general3/clear/steer2.wav,general3,clear,0
speech/sim/general3/clear/strafe1.wav,general3,clear,0
speech/sim/general3/clear/strafe2.wav,general3,clear,0
speech/sim/general3/clear/ten1.wav,general3,clear,0
speech/sim/general3/clear/ten2.wav,general3,clear,0
speech/sim/general3/clear/thirty1.wav,general3,clear,0
speech/sim/general3/clear/thirty2.wav,general3,clear,0
speech/sim/general3/clear/three1.wav,general3,clear,0
speech/sim/general3/clear/three2.wav,general3,clear,0
speech/sim/general3/clear/white1.wav,general3,clear,0
speech/sim/general3/clear/white2.wav,general3,clear,0
speech/sim/general3/clear/wide1.wav,general3,clear,0
speech/sim/general3/clear/wide2.wav,general3,clear,0
speech/sim/general3/clear/zero1.wav,general3,clear,0
speech/sim/general3/clear/zero2.wav,general3,clear,0
speech/sim/general3/cond50/break1.wav,general3,cond50,0
speech/sim/general3/cond50/break2.wav,general3,cond50,0
speech/sim/general3/cond50/change1.wav,general3,cond50,0
speech/sim/general3/cond50/change2.wav,general3,cond50,0
speech/sim/general3/cond50/degree1.wav,general3,cond50,0
speech/sim/general3/cond50/degree2.wav,general3,cond50,0
speech/sim/general3/cond50/destin1.wav,general3,cond50,0
speech/sim/general3/cond50/destin2.wav,general3,cond50,0
speech/sim/general3/cond50/east1.wav,general3,cond50,0
speech/sim/general3/cond50/east2.wav,general3,cond50,0
speech/sim/general3/cond50/eight1.wav,general3,cond50,0
speech/sim/general3/cond50/eight2.wav,general3,cond50,0
speech/sim/general3/cond50/eighty1.wav,general3,cond50,0
speech/sim/general3/cond50/eighty2.wav,general3,cond50,0
speech/sim/general3/cond50/enter1.wav,general3,cond50,0
speech/sim/general3/cond50/enter2.wav,general3,cond50,0
speech/sim/general3/cond50/fifty1.wav,general3,cond50,0
speech/sim/general3/cond50/fifty2.wav,general3,cond50,0
speech/sim/general3/cond50/fix1.wav,general3,cond50,0
speech/sim/general3/cond50/fix2.wav,general3,cond50,0
speech/sim/general3/cond50/freeze1.wav,general3,cond50,0
speech/sim/general3/cond50/freeze2.wav,general3,cond50,0
speech/sim/general3/cond50/gain1.wav,general3,cond50,0
speech/sim/general3/cond50/gain2.wav,general3,cond50,0
speech/sim/general3/cond50/go1.wav,general3,cond50,0
speech/sim/general3/cond50/go2.wav,general3,cond50,0
speech/sim/general3/cond50/hello1.wav,general3,cond50,0
speech/sim/general3/cond50/hello2.wav,general3,cond50,0
speech/sim/general3/cond50/help1.wav,general3,cond50,0
speech/sim/general3/cond50/help2.wav,general3,cond50,0
speech/sim/general3/cond50/histog1.wav,general3,cond50,0
speech/sim/general3/cond50/histog2.wav,general3,cond50,0
speech/sim/general3/cond50/hot1.wav,general3,cond50,0
speech/sim/general3/cond50/hot2.wav,general3,cond50,0
speech/sim/general3/cond50/mark1.wav,general3,cond50,0
speech/sim/general3/cond50/mark2.wav,general3,cond50,0
speech/sim/general3/cond50/nav1.wav,general3,cond50,0
speech/sim/general3/cond50/nav2.wav,general3,cond50,0
speech/sim/general3/cond50/no1.wav,general3,cond50,0
speech/sim/general3/cond50/no2.wav,general3,cond50,0
speech/sim/general3/cond50/oh1.wav,general3,cond50,0
speech/sim/general3/cond50/oh2.wav,general3,cond50,0
speech/sim/general3/cond50/on1.wav,general3,cond50,0
speech/sim/general3/cond50/on2.wav,general3,cond50,0
speech/sim/general3/cond50/out1.wav,general3,cond50,0
speech/sim/general3/cond50/out2.wav,general3,cond50,0
speech/sim/general3/cond50/point1.wav,general3,cond50,0
speech/sim/general3/cond50/point2.wav,general3,cond50,0
speech/sim/general3/cond50/six1.wav,general3,cond50,0
speech/sim/general3/cond50/six2.wav,general3,cond50,0
speech/sim/general3/cond50/south1.wav,general3,cond50,0
speech/sim/general3/cond50/south2.wav,general3,cond50,0
speech/sim/general3/cond50/stand1.wav,general3,cond50,0
speech/sim/general3/cond50/stand2.wav,general3,cond50,0
speech/sim/general3/cond50/steer1.wav,general3,cond50,0
speech/sim/general3/cond50/steer2.wav,general3,cond50,0
speech/sim/general3/cond50/strafe1.wav,general3,cond50,0
speech/sim/general3/cond50/strafe2.wav,general3,cond50,0
speech/sim/general3/cond50/ten1.wav,general3,cond50,0
speech/sim/general3/cond50/ten2.wav,general3,cond50,0
speech/sim/general3/cond50/thirty1.wav,general3,cond50,0
speech/sim/general3/cond50/thirty2.wav,general3,cond50,0
speech/sim/general3/cond50/three1.wav,general3,cond50,0
speech/sim/general3/cond50/three2.wav,general3,cond50,0
speech/sim/general3/cond50/white1.wav,general3,cond50,0
speech/sim/general3/cond50/white2.wav,general3,cond50,0
speech/sim/general3/cond50/wide1.wav,general3,cond50,0
speech/sim/general3/cond50/wide2.wav,general3,cond50,0
speech/sim/general3/cond50/zero1.wav,general3,cond50,0
speech/sim/general3/cond50/zero2.wav,general3,cond50,0
speech/sim/general3/cond70/break1.wav,general3,cond70,1
speech/sim/general3/cond70/break2.wav,general3,cond70,1
speech/sim/general3/cond70/change1.wav,general3,cond70,1
speech/sim/general3/cond70/change2.wav,general3,cond70,1
speech/sim/general3/cond70/degree1.wav,general3,cond70,1
speech/sim/general3/cond70/degree2.wav,general3,cond70,1
speech/sim/general3/cond70/destin1.wav,general3,cond70,1
speech/sim/general3/cond70/destin2.wav,general3,cond70,1
speech/sim/general3/cond70/east1.wav,general3,cond70,1
speech/sim/general3/cond70/east2.wav,general3,cond70,1
speech/sim/general3/cond70/eight1.wav,general3,cond70,1
speech/sim/general3/cond70/eight2.wav,general3,cond70,1
speech/sim/general3/cond70/eighty1.wav,general3,cond70,1
speech/sim/general3/cond70/eighty2.wav,general3,cond70,1
speech/sim/general3/cond70/enter1.wav,general3,cond70,1
speech/sim/general3/cond70/enter2.wav,general3,cond70,1
speech/sim/general3/cond70/fifty1.wav,general3,cond70,1
speech/sim/general3/cond70/fifty2.wav,general3,cond70,1
speech/sim/general3/cond70/fix1.wav,general3,cond70,1
speech/sim/general3/cond70/fix2.wav,general3,cond70,1
speech/sim/general3/cond70/freeze1.wav,general3,cond70,1
speech/sim/general3/cond70/freeze2.wav,general3,cond70,1
speech/sim/general3/cond70/gain1.wav,general3,cond70,1
speech/sim/general3/cond70/gain2.wav,general3,cond70,1
speech/sim/general3/cond70/go1.wav,general3,cond70,1
speech/sim/general3/cond70/go2.wav,general3,cond70,1
speech/sim/general3/cond70/hello1.wav,general3,cond70,1
speech/sim/general3/cond70/hello2.wav,general3,cond70,1
speech/sim/general3/cond70/help1.wav,general3,cond70,1
speech/sim/general3/cond70/help2.wav,general3,cond70,1
speech/sim/general3/cond70/histog1.wav,general3,cond70,1
speech/sim/general3/cond70/histog2.wav,general3,cond70,1
speech/sim/general3/cond70/hot1.wav,general3,cond70,1
speech/sim/general3/cond70/hot2.wav,general3,cond70,1
speech/sim/general3/cond70/mark1.wav,general3,cond70,1
speech/sim/general3/cond70/mark2.wav,general3,cond70,1
speech/sim/general3/cond70/nav1.wav,general3,cond70,1
speech/sim/general3/cond70/nav2.wav,general3,cond70,1
speech/sim/general3/cond70/no1.wav,general3,cond70,1
speech/sim/general3/cond70/no2.wav,general3,cond70,1
speech/sim/general3/cond70/oh1.wav,general3,cond70,1
speech/sim/general3/cond70/oh2.wav,general3,cond70,1
speech/sim/general3/cond70/on1.wav,general3,cond70,1
speech/sim/general3/cond70/on2.wav,general3,cond70,1
speech/sim/general3/cond70/out1.wav,general3,cond70,1
speech/sim/general3/cond70/out2.wav,general3,cond70,1
speech/sim/general3/cond70/point1.wav,general3,cond70,1
speech/sim/general3/cond70/point2.wav,general3,cond70,1
speech/sim/general3/cond70/six1.wav,general3,cond70,1
speech/sim/general3/cond70/six2.wav,general3,cond70,1
speech/sim/general3/cond70/south1.wav,general3,cond70,1
speech/sim/general3/cond70/south2.wav,general3,cond70,1
speech/sim/general3/cond70/stand1.wav,general3,cond70,1
speech/sim/general3/cond70/stand2.wav,general3,cond70,1
speech/sim/general3/cond70/steer1.wav,general3,cond70,1
speech/sim/general3/cond70/steer2.wav,general3,cond70,1
speech/sim/general3/cond70/strafe1.wav,general3,cond70,1
speech/sim/general3/cond70/strafe2.wav,general3,cond70,1
speech/sim/general3/cond70/ten1.wav,general3,cond70,1
speech/sim/general3/cond70/ten2.wav,general3,cond70,1
speech/sim/general3/cond70/thirty1.wav,general3,cond70,1
speech/sim/general3/cond70/thirty2.wav,general3,cond70,1
speech/sim/general3/cond70/three1.wav,general3,cond70,1
speech/sim/general3/cond70/three2.wav,general3,cond70,1
speech/sim/general3/cond70/white1.wav,general3,cond70,1
speech/sim/general3/cond70/white2.wav,general3,cond70,1
speech/sim/general3/cond70/wide1.wav,general3,cond70,1
speech/sim/general3/cond70/wide2.wav,general3,cond70,1
speech/sim/general3/cond70/zero1.wav,general3,cond70,1
speech/sim/general3/cond70/zero2.wav,general3,cond70,1
speech/sim/general3/fast/break1.wav,general3,fast,0
speech/sim/general3/fast/break2.wav,general3,fast,0
speech/sim/general3/fast/change1.wav,general3,fast,0
speech/sim/general3/fast/change2.wav,general3,fast,0
speech/sim/general3/fast/degree1.wav,general3,fast,0
speech/sim/general3/fast/degree2.wav,general3,fast,0
speech/sim/general3/fast/destin1.wav,general3,fast,0
speech/sim/general3/fast/destin2.wav,general3,fast,0
speech/sim/general3/fast/east1.wav,general3,fast,0
speech/sim/general3/fast/east2.wav,general3,fast,0
speech/sim/general3/fast/eight1.wav,general3,fast,0
speech/sim/general3/fast/eight2.wav,general3,fast,0
speech/sim/general3/fast/eighty1.wav,general3,fast,0
speech/sim/general3/fast/eighty2.wav,general3,fast,0
speech/sim/general3/fast/enter1.wav,general3,fast,0
speech/sim/general3/fast/enter2.wav,general3,fast,0
speech/sim/general3/fast/fifty1.wav,general3,fast,0
speech/sim/general3/fast/fifty2.wav,general3,fast,0
speech/sim/general3/fast/fix1.wav,general3,fast,0
speech/sim/general3/fast/fix2.wav,general3,fast,0
speech/sim/general3/fast/freeze1.wav,general3,fast,0
speech/sim/general3/fast/freeze2.wav,general3,fast,0
speech/sim/general3/fast/gain1.wav,general3,fast,0
speech/sim/general3/fast/gain2.wav,general3,fast,0
speech/sim/general3/fast/go1.wav,general3,fast,0
speech/sim/general3/fast/go2.wav,general3,fast,0
speech/sim/general3/fast/hello1.wav,general3,fast,0
speech/sim/general3/fast/hello2.wav,general3,fast,0
speech/sim/general3/fast/help1.wav,general3,fast,0
speech/sim/general3/fast/help2.wav,general3,fast,0
speech/sim/general3/fast/histog1.wav,general3,fast,0
speech/sim/general3/fast/histog2.wav,general3,fast,0
speech/sim/general3/fast/hot1.wav,general3,fast,0
speech/sim/general3/fast/hot2.wav,general3,fast,0
speech/sim/general3/fast/mark1.wav,general3,fast,0
speech/sim/general3/fast/mark2.wav,general3,fast,0
speech/sim/general3/fast/nav1.wav,general3,fast,0
speech/sim/general3/fast/nav2.wav,general3,fast,0
speech/sim/general3/fast/no1.wav,general3,fast,0
speech/sim/general3/fast/no2.wav,general3,fast,0
speech/sim/general3/fast/oh1.wav,general3,fast,0
speech/sim/general3/fast/oh2.wav,general3,fast,0
speech/sim/general3/fast/on1.wav,general3,fast,0
speech/sim/general3/fast/on2.wav,general3,fast,0
speech/sim/general3/fast/out1.wav,general3,fast,0
speech/sim/general3/fast/out2.wav,general3,fast,0
speech/sim/general3/fast/point1.wav,general3,fast,0
speech/sim/general3/fast/point2.wav,general3,fast,0
speech/sim/general3/fast/six1.wav,general3,fast,0
speech/sim/general3/fast/six2.wav,general3,fast,0
speech/sim/general3/fast/south1.wav,general3,fast,0
speech/sim/general3/fast/south2.wav,general3,fast,0
speech/sim/general3/fast/stand1.wav,general3,fast,0
speech/sim/general3/fast/stand2.wav,general3,fast,0
speech/sim/general3/fast/steer1.wav,general3,fast,0
speech/sim/general3/fast/steer2.wav,general3,fast,0
speech/sim/general3/fast/strafe1.wav,general3,fast,0
speech/sim/general3/fast/strafe2.wav,general3,fast,0
speech/sim/general3/fast/ten1.wav,general3,fast,0
speech/sim/general3/fast/ten2.wav,general3,fast,0
speech/sim/general3/fast/thirty1.wav,general3,fast,0
speech/sim/general3/fast/thirty2.wav,general3,fast,0
speech/sim/general3/fast/three1.wav,general3,fast,0
speech/sim/general3/fast/three2.wav,general3,fast,0
speech/sim/general3/fast/white1.wav,general3,fast,0
speech/sim/general3/fast/white2.wav,general3,fast,0
speech/sim/general3/fast/wide1.wav,general3,fast,0
speech/sim/general3/fast/wide2.wav,general3,fast,0
speech/sim/general3/fast/zero1.wav,general3,fast,0
speech/sim/general3/fast/zero2.wav,general3,fast,0
speech/sim/general3/lombard/break1.wav,general3,lombard,1
speech/sim/general3/lombard/break2.wav,general3,lombard,1
speech/sim/general3/lombard/change1.wav,general3,lombard,1
speech/sim/general3/lombard/change2.wav,general3,lombard,1
speech/sim/general3/lombard/degree1.wav,general3,lombard,1
speech/sim/general3/lombard/degree2.wav,general3,lombard,1
speech/sim/general3/lombard/destin1.wav,general3,lombard,1
speech/sim/general3/lombard/destin2.wav,general3,lombard,1
speech/sim/general3/lombard/east1.wav,general3,lombard,1
speech/sim/general3/lombard/east2.wav,general3,lombard,1
speech/sim/general3/lombard/eight1.wav,general3,lombard,1
speech/sim/general3/lombard/eight2.wav,general3,lombard,1
speech/sim/general3/lombard/eighty1.wav,general3,lombard,1
speech/sim/general3/lombard/eighty2.wav,general3,lombard,1
speech/sim/general3/lombard/enter1.wav,general3,lombard,1
speech/sim/general3/lombard/enter2.wav,general3,lombard,1
speech/sim/general3/lombard/fifty1.wav,general3,lombard,1
speech/sim/general3/lombard/fifty2.wav,general3,lombard,1
speech/sim/general3/lombard/fix1.wav,general3,lombard,1
speech/sim/general3/lombard/fix2.wav,general3,lombard,1
speech/sim/general3/lombard/freeze1.wav,general3,lombard,1
speech/sim/general3/lombard/freeze2.wav,general3,lombard,1
speech/sim/general3/lombard/gain1.wav,general3,lombard,1
speech/sim/general3/lombard/gain2.wav,general3,lombard,1
speech/sim/general3/lombard/go1.wav,general3,lombard,1
speech/sim/general3/lombard/go2.wav,general3,lombard,1
speech/sim/general3/lombard/hello1.wav,general3,lombard,1
speech/sim/general3/lombard/hello2.wav,general3,lombard,1
speech/sim/general3/lombard/help1.wav,general3,lombard,1
speech/sim/general3/lombard/help2.wav,general3,lombard,1
speech/sim/general3/lombard/histog1.wav,general3,lombard,1
speech/sim/general3/lombard/histog2.wav,general3,lombard,1
speech/sim/general3/lombard/hot1.wav,general3,lombard,1
speech/sim/general3/lombard/hot2.wav,general3,lombard,1
speech/sim/general3/lombard/mark1.wav,general3,lombard,1
speech/sim/general3/lombard/mark2.wav,general3,lombard,1
speech/sim/general3/lombard/nav1.wav,general3,lombard,1
speech/sim/general3/lombard/nav2.wav,general3,lombard,1
speech/sim/general3/lombard/no1.wav,general3,lombard,1
speech/sim/general3/lombard/no2.wav,general3,lombard,1
speech/sim/general3/lombard/oh1.wav,general3,lombard,1
speech/sim/general3/lombard/oh2.wav,general3,lombard,1
speech/sim/general3/lombard/on1.wav,general3,lombard,1
speech/sim/general3/lombard/on2.wav,general3,lombard,1
speech/sim/general3/lombard/out1.wav,general3,lombard,1
speech/sim/general3/lombard/out2.wav,general3,lombard,1
speech/sim/general3/lombard/point1.wav,general3,lombard,1
speech/sim/general3/lombard/point2.wav,general3,lombard,1
speech/sim/general3/lombard/six1.wav,general3,lombard,1
speech/sim/general3/lombard/six2.wav,general3,lombard,1
speech/sim/general3/lombard/south1.wav,general3,lombard,1
speech/sim/general3/lombard/south2.wav,general3,lombard,1
speech/sim/general3/lombard/stand1.wav,general3,lombard,1
speech/sim/general3/lombard/stand2.wav,general3,lombard,1
speech/sim/general3/lombard/steer1.wav,general3,lombard,1
speech/sim/general3/lombard/steer2.wav,general3,lombard,1
speech/sim/general3/lombard/strafe1.wav,general3,lombard,1
speech/sim/general3/lombard/strafe2.wav,general3,lombard,1
speech/sim/general3/lombard/ten1.wav,general3,lombard,1
speech/sim/general3/lombard/ten2.wav,general3,lombard,1
speech/sim/general3/lombard/thirty1.wav,general3,lombard,1
speech/sim/general3/lombard/thirty2.wav,general3,lombard,1
speech/sim/general3/lombard/three1.wav,general3,lombard,1
speech/sim/general3/lombard/three2.wav,general3,lombard,1
speech/sim/general3/lombard/white1.wav,general3,lombard,1
speech/sim/general3/lombard/white2.wav,general3,lombard,1
speech/sim/general3/lombard/wide1.wav,general3,lombard,1
speech/sim/general3/lombard/wide2.wav,general3,lombard,1
speech/sim/general3/lombard/zero1.wav,general3,lombard,1
speech/sim/general3/lombard/zero2.wav,general3,lombard,1
speech/sim/general3/loud/break1.wav,general3,loud,1
speech/sim/general3/loud/break2.wav,general3,loud,1
speech/sim/general3/loud/change1.wav,general3,loud,1
speech/sim/general3/loud/change2.wav,general3,loud,1
speech/sim/general3/loud/degree1.wav,general3,loud,1
speech/sim/general3/loud/degree2.wav,general3,loud,1
speech/sim/general3/loud/destin1.wav,general3,loud,1
speech/sim/general3/loud/destin2.wav,general3,loud,1
speech/sim/general3/loud/east1.wav,general3,loud,1
speech/sim/general3/loud/east2.wav,general3,loud,1
speech/sim/general3/loud/eight1.wav,general3,loud,1
speech/sim/general3/loud/eight2.wav,general3,loud,1
speech/sim/general3/loud/eighty1.wav,general3,loud,1
speech/sim/general3/loud/eighty2.wav,general3,loud,1
speech/sim/general3/loud/enter1.wav,general3,loud,1
speech/sim/general3/loud/enter2.wav,general3,loud,1
speech/sim/general3/loud/fifty1.wav,general3,loud,1
speech/sim/general3/loud/fifty2.wav,general3,loud,1
speech/sim/general3/loud/fix1.wav,general3,loud,1
speech/sim/general3/loud/fix2.wav,general3,loud,1
speech/sim/general3/loud/freeze1.wav,general3,loud,1
speech/sim/general3/loud/freeze2.wav,general3,loud,1
speech/sim/general3/loud/gain1.wav,general3,loud,1
speech/sim/general3/loud/gain2.wav,general3,loud,1
speech/sim/general3/loud/go1.wav,general3,loud,1
speech/sim/general3/loud/go2.wav,general3,loud,1
speech/sim/general3/loud/hello1.wav,general3,loud,1
speech/sim/general3/loud/hello2.wav,general3,loud,1
speech/sim/general3/loud/help1.wav,general3,loud,1
speech/sim/general3/loud/help2.wav,general3,loud,1
speech/sim/general3/loud/histog1.wav,general3,loud,1
speech/sim/general3/loud/histog2.wav,general3,loud,1
speech/sim/general3/loud/hot1.wav,general3,loud,1
speech/sim/general3/loud/hot2.wav,general3,loud,1
speech/sim/general3/loud/mark1.wav,general3,loud,1
speech/sim/general3/loud/mark2.wav,general3,loud,1
speech/sim/general3/loud/nav1.wav,general3,loud,1
speech/sim/general3/loud/nav2.wav,general3,loud,1
speech/sim/general3/loud/no1.wav,general3,loud,1
speech/sim/general3/loud/no2.wav,general3,loud,1
speech/sim/general3/loud/oh1.wav,general3,loud,1
speech/sim/general3/loud/oh2.wav,general3,loud,1
speech/sim/general3/loud/on1.wav,general3,loud,1
speech/sim/general3/loud/on2.wav,general3,loud,1
speech/sim/general3/loud/out1.wav,general3,loud,1
speech/sim/general3/loud/out2.wav,general3,loud,1
speech/sim/general3/loud/point1.wav,general3,loud,1
speech/sim/general3/loud/point2.wav,general3,loud,1
speech/sim/general3/loud/six1.wav,general3,loud,1
speech/sim/general3/loud/six2.wav,general3,loud,1
speech/sim/general3/loud/south1.wav,general3,loud,1
speech/sim/general3/loud/south2.wav,general3,loud,1
speech/sim/general3/loud/stand1.wav,general3,loud,1
speech/sim/general3/loud/stand2.wav,general3,loud,1
speech/sim/general3/loud/steer1.wav,general3,loud,1
speech/sim/general3/loud/steer2.wav,general3,loud,1
speech/sim/general3/loud/strafe1.wav,general3,loud,1
speech/sim/general3/loud/strafe2.wav,general3,loud,1
speech/sim/general3/loud/ten1.wav,general3,loud,1
speech/sim/general3/loud/ten2.wav,general3,loud,1
speech/sim/general3/loud/thirty1.wav,general3,loud,1
speech/sim/general3/loud/thirty2.wav,general3,loud,1
speech/sim/general3/loud/three1.wav,general3,loud,1
speech/sim/general3/loud/three2.wav,general3,loud,1
speech/sim/general3/loud/white1.wav,general3,loud,1
speech/sim/general3/loud/white2.wav,general3,loud,1
speech/sim/general3/loud/wide1.wav,general3,loud,1
speech/sim/general3/loud/wide2.wav,general3,loud,1
speech/sim/general3/loud/zero1.wav,general3,loud,1
speech/sim/general3/loud/zero2.wav,general3,loud,1
speech/sim/general3/neutral/break1.wav,general3,neutral,0
speech/sim/general3/neutral/break2.wav,general3,neutral,0
speech/sim/general3/neutral/change1.wav,general3,neutral,0
speech/sim/general3/neutral/change2.wav,general3,neutral,0
speech/sim/general3/neutral/degree1.wav,general3,neutral,0
speech/sim/general3/neutral/degree2.wav,general3,neutral,0
speech/sim/general3/neutral/destin1.wav,general3,neutral,0
speech/sim/general3/neutral/destin2.wav,general3,neutral,0
speech/sim/general3/neutral/east1.wav,general3,neutral,0
speech/sim/general3/neutral/east2.wav,general3,neutral,0
speech/sim/general3/neutral/eight1.wav,general3,neutral,0
speech/sim/general3/neutral/eight2.wav,general3,neutral,0
speech/sim/general3/neutral/eighty1.wav,general3,neutral,0
speech/sim/general3/neutral/eighty2.wav,general3,neutral,0
speech/sim/general3/neutral/enter1.wav,general3,neutral,0
speech/sim/general3/neutral/enter2.wav,general3,neutral,0
speech/sim/general3/neutral/fifty1.wav,general3,neutral,0
speech/sim/general3/neutral/fifty2.wav,general3,neutral,0
speech/sim/general3/neutral/fix1.wav,general3,neutral,0
speech/sim/general3/neutral/fix2.wav,general3,neutral,0
speech/sim/general3/neutral/freeze1.wav,general3,neutral,0
speech/sim/general3/neutral/freeze2.wav,general3,neutral,0
speech/sim/general3/neutral/gain1.wav,general3,neutral,0
speech/sim/general3/neutral/gain2.wav,general3,neutral,0
speech/sim/general3/neutral/go1.wav,general3,neutral,0
speech/sim/general3/neutral/go2.wav,general3,neutral,0
speech/sim/general3/neutral/hello1.wav,general3,neutral,0
speech/sim/general3/neutral/hello2.wav,general3,neutral,0
speech/sim/general3/neutral/help1.wav,general3,neutral,0
speech/sim/general3/neutral/help2.wav,general3,neutral,0
speech/sim/general3/neutral/histog1.wav,general3,neutral,0
speech/sim/general3/neutral/histog2.wav,general3,neutral,0
speech/sim/general3/neutral/hot1.wav,general3,neutral,0
speech/sim/general3/neutral/hot2.wav,general3,neutral,0
speech/sim/general3/neutral/mark1.wav,general3,neutral,0
speech/sim/general3/neutral/mark2.wav,general3,neutral,0
speech/sim/general3/neutral/nav1.wav,general3,neutral,0
speech/sim/general3/neutral/nav2.wav,general3,neutral,0
speech/sim/general3/neutral/no1.wav,general3,neutral,0
speech/sim/general3/neutral/no2.wav,general3,neutral,0
speech/sim/general3/neutral/oh1.wav,general3,neutral,0
speech/sim/general3/neutral/oh2.wav,general3,neutral,0
speech/sim/general3/neutral/on1.wav,general3,neutral,0
speech/sim/general3/neutral/on2.wav,general3,neutral,0
speech/sim/general3/neutral/out1.wav,general3,neutral,0
speech/sim/general3/neutral/out2.wav,general3,neutral,0
speech/sim/general3/neutral/point1.wav,general3,neutral,0
speech/sim/general3/neutral/point2.wav,general3,neutral,0
speech/sim/general3/neutral/six1.wav,general3,neutral,0
speech/sim/general3/neutral/six2.wav,general3,neutral,0
speech/sim/general3/neutral/south1.wav,general3,neutral,0
speech/sim/general3/neutral/south2.wav,general3,neutral,0
speech/sim/general3/neutral/stand1.wav,general3,neutral,0
speech/sim/general3/neutral/stand2.wav,general3,neutral,0
speech/sim/general3/neutral/steer1.wav,general3,neutral,0
speech/sim/general3/neutral/steer2.wav,general3,neutral,0
speech/sim/general3/neutral/strafe1.wav,general3,neutral,0
speech/sim/general3/neutral/strafe2.wav,general3,neutral,0
speech/sim/general3/neutral/ten1.wav,general3,neutral,0
speech/sim/general3/neutral/ten2.wav,general3,neutral,0
speech/sim/general3/neutral/thirty1.wav,general3,neutral,0
speech/sim/general3/neutral/thirty2.wav,general3,neutral,0
speech/sim/general3/neutral/three1.wav,general3,neutral,0
speech/sim/general3/neutral/three2.wav,general3,neutral,0
speech/sim/general3/neutral/white1.wav,general3,neutral,0
speech/sim/general3/neutral/white2.wav,general3,neutral,0
speech/sim/general3/neutral/wide1.wav,general3,neutral,0
speech/sim/general3/neutral/wide2.wav,general3,neutral,0
speech/sim/general3/neutral/zero1.wav,general3,neutral,0
speech/sim/general3/neutral/zero2.wav,general3,neutral,0
speech/sim/general3/question/break1.wav,general3,question,0
speech/sim/general3/question/break2.wav,general3,question,0
speech/sim/general3/question/change1.wav,general3,question,0
speech/sim/general3/question/change2.wav,general3,question,0
speech/sim/general3/question/degree1.wav,general3,question,0
speech/sim/general3/question/degree2.wav,general3,question,0
speech/sim/general3/question/destin1.wav,general3,question,0
speech/sim/general3/question/destin2.wav,general3,question,0
speech/sim/general3/question/east1.wav,general3,question,0
speech/sim/general3/question/east2.wav,general3,question,0
speech/sim/general3/question/eight1.wav,general3,question,0
speech/sim/general3/question/eight2.wav,general3,question,0
speech/sim/general3/question/eighty1.wav,general3,question,0
speech/sim/general3/question/eighty2.wav,general3,question,0
speech/sim/general3/question/enter1.wav,general3,question,0
speech/sim/general3/question/enter2.wav,general3,question,0
speech/sim/general3/question/fifty1.wav,general3,question,0
speech/sim/general3/question/fifty2.wav,general3,question,0
speech/sim/general3/question/fix1.wav,general3,question,0
speech/sim/general3/question/fix2.wav,general3,question,0
speech/sim/general3/question/freeze1.wav,general3,question,0
speech/sim/general3/question/freeze2.wav,general3,question,0
speech/sim/general3/question/gain1.wav,general3,question,0
speech/sim/general3/question/gain2.wav,general3,question,0
speech/sim/general3/question/go1.wav,general3,question,0
speech/sim/general3/question/go2.wav,general3,question,0
speech/sim/general3/question/hello1.wav,general3,question,0
speech/sim/general3/question/hello2.wav,general3,question,0
speech/sim/general3/question/help1.wav,general3,question,0
speech/sim/general3/question/help2.wav,general3,question,0
speech/sim/general3/question/histog1.wav,general3,question,0
speech/sim/general3/question/histog2.wav,general3,question,0
speech/sim/general3/question/hot1.wav,general3,question,0
speech/sim/general3/question/hot2.wav,general3,question,0
speech/sim/general3/question/mark1.wav,general3,question,0
speech/sim/general3/question/mark2.wav,general3,question,0
speech/sim/general3/question/nav1.wav,general3,question,0
speech/sim/general3/question/nav2.wav,general3,question,0
speech/sim/general3/question/no1.wav,general3,question,0
speech/sim/general3/question/no2.wav,general3,question,0
speech/sim/general3/question/oh1.wav,general3,question,0
speech/sim/general3/question/oh2.wav,general3,question,0
speech/sim/general3/question/on1.wav,general3,question,0
speech/sim/general3/question/on2.wav,general3,question,0
speech/sim/general3/question/out1.wav,general3,question,0
speech/sim/general3/question/out2.wav,general3,question,0
speech/sim/general3/question/point1.wav,general3,question,0
speech/sim/general3/question/point2.wav,general3,question,0
speech/sim/general3/question/six1.wav,general3,question,0
speech/sim/general3/question/six2.wav,general3,question,0
speech/sim/general3/question/south1.wav,general3,question,0
speech/sim/general3/question/south2.wav,general3,question,0
speech/sim/general3/question/stand1.wav,general3,question,0
speech/sim/general3/question/stand2.wav,general3,question,0
speech/sim/general3/question/steer1.wav,general3,question,0
speech/sim/general3/question/steer2.wav,general3,question,0
speech/sim/general3/question/strafe1.wav,general3,question,0
speech/sim/general3/question/strafe2.wav,general3,question,0
speech/sim/general3/question/ten1.wav,general3,question,0
speech/sim/general3/question/ten2.wav,general3,question,0
speech/sim/general3/question/thirty1.wav,general3,question,0
speech/sim/general3/question/thirty2.wav,general3,question,0
speech/sim/general3/question/three1.wav,general3,question,0
speech/sim/general3/question/three2.wav,general3,question,0
speech/sim/general3/question/white1.wav,general3,question,0
speech/sim/general3/question/white2.wav,general3,question,0
speech/sim/general3/question/wide1.wav,general3,question,0
speech/sim/general3/question/wide2.wav,general3,question,0
speech/sim/general3/question/zero1.wav,general3,question,0
speech/sim/general3/question/zero2.wav,general3,question,0
speech/sim/general3/slow/break1.wav,general3,slow,0
speech/sim/general3/slow/break2.wav,general3,slow,0
speech/sim/general3/slow/change1.wav,general3,slow,0
speech/sim/general3/slow/change2.wav,general3,slow,0
speech/sim/general3/slow/degree1.wav,general3,slow,0
speech/sim/general3/slow/degree2.wav,general3,slow,0
speech/sim/general3/slow/destin1.wav,general3,slow,0
speech/sim/general3/slow/destin2.wav,general3,slow,0
speech/sim/general3/slow/east1.wav,general3,slow,0
speech/sim/general3/slow/east2.wav,general3,slow,0
speech/sim/general3/slow/eight1.wav,general3,slow,0
speech/sim/general3/slow/eight2.wav,general3,slow,0
speech/sim/general3/slow/eighty1.wav,general3,slow,0
speech/sim/general3/slow/eighty2.wav,general3,slow,0
speech/sim/general3/slow/enter1.wav,general3,slow,0
speech/sim/general3/slow/enter2.wav,general3,slow,0
speech/sim/general3/slow/fifty1.wav,general3,slow,0
speech/sim/general3/slow/fifty2.wav,general3,slow,0
speech/sim/general3/slow/fix1.wav,general3,slow,0
speech/sim/general3/slow/fix2.wav,general3,slow,0
speech/sim/general3/slow/freeze1.wav,general3,slow,0
speech/sim/general3/slow/freeze2.wav,general3,slow,0
speech/sim/general3/slow/gain1.wav,general3,slow,0
speech/sim/general3/slow/gain2.wav,general3,slow,0
speech/sim/general3/slow/go1.wav,general3,slow,0
speech/sim/general3/slow/go2.wav,general3,slow,0
speech/sim/general3/slow/hello1.wav,general3,slow,0
speech/sim/general3/slow/hello2.wav,general3,slow,0
speech/sim/general3/slow/help1.wav,general3,slow,0
speech/sim/general3/slow/help2.wav,general3,slow,0
speech/sim/general3/slow/histog1.wav,general3,slow,0
speech/sim/general3/slow/histog2.wav,general3,slow,0
speech/sim/general3/slow/hot1.wav,general3,slow,0
speech/sim/general3/slow/hot2.wav,general3,slow,0
speech/sim/general3/slow/mark1.wav,general3,slow,0
speech/sim/general3/slow/mark2.wav,general3,slow,0
speech/sim/general3/slow/nav1.wav,general3,slow,0
speech/sim/general3/slow/nav2.wav,general3,slow,0
speech/sim/general3/slow/no1.wav,general3,slow,0
speech/sim/general3/slow/no2.wav,general3,slow,0
speech/sim/general3/slow/oh1.wav,general3,slow,0
speech/sim/general3/slow/oh2.wav,general3,slow,0
speech/sim/general3/slow/on1.wav,general3,slow,0
speech/sim/general3/slow/on2.wav,general3,slow,0
speech/sim/general3/slow/out1.wav,general3,slow,0
speech/sim/general3/slow/out2.wav,general3,slow,0
speech/sim/general3/slow/point1.wav,general3,slow,0
speech/sim/general3/slow/point2.wav,general3,slow,0
speech/sim/general3/slow/six1.wav,general3,slow,0
speech/sim/general3/slow/six2.wav,general3,slow,0
speech/sim/general3/slow/south1.wav,general3,slow,0
speech/sim/general3/slow/south2.wav,general3,slow,0
speech/sim/general3/slow/stand1.wav,general3,slow,0
speech/sim/general3/slow/stand2.wav,general3,slow,0
speech/sim/general3/slow/steer1.wav,general3,slow,0
speech/sim/general3/slow/steer2.wav,general3,slow,0
speech/sim/general3/slow/strafe1.wav,general3,slow,0
speech/sim/general3/slow/strafe2.wav,general3,slow,0
speech/sim/general3/slow/ten1.wav,general3,slow,0
speech/sim/general3/slow/ten2.wav,general3,slow,0
speech/sim/general3/slow/thirty1.wav,general3,slow,0
speech/sim/general3/slow/thirty2.wav,general3,slow,0
speech/sim/general3/slow/three1.wav,general3,slow,0
speech/sim/general3/slow/three2.wav,general3,slow,0
speech/sim/general3/slow/white1.wav,general3,slow,0
speech/sim/general3/slow/white2.wav,general3,slow,0
speech/sim/general3/slow/wide1.wav,general3,slow,0
speech/sim/general3/slow/wide2.wav,general3,slow,0
speech/sim/general3/slow/zero1.wav,general3,slow,0
speech/sim/general3/slow/zero2.wav,general3,slow,0
speech/sim/general3/soft/break1.wav,general3,soft,0
speech/sim/general3/soft/break2.wav,general3,soft,0
speech/sim/general3/soft/change1.wav,general3,soft,0
speech/sim/general3/soft/change2.wav,general3,soft,0
speech/sim/general3/soft/degree1.wav,general3,soft,0
speech/sim/general3/soft/degree2.wav,general3,soft,0
speech/sim/general3/soft/destin1.wav,general3,soft,0
speech/sim/general3/soft/destin2.wav,general3,soft,0
speech/sim/general3/soft/east1.wav,general3,soft,0
speech/sim/general3/soft/east2.wav,general3,soft,0
speech/sim/general3/soft/eight1.wav,general3,soft,0
speech/sim/general3/soft/eight2.wav,general3,soft,0
speech/sim/general3/soft/eighty1.wav,general3,soft,0
speech/sim/general3/soft/eighty2.wav,general3,soft,0
speech/sim/general3/soft/enter1.wav,general3,soft,0
speech/sim/general3/soft/enter2.wav,general3,soft,0
speech/sim/general3/soft/fifty1.wav,general3,soft,0
speech/sim/general3/soft/fifty2.wav,general3,soft,0
speech/sim/general3/soft/fix1.wav,general3,soft,0
speech/sim/general3/soft/fix2.wav,general3,soft,0
speech/sim/general3/soft/freeze1.wav,general3,soft,0
speech/sim/general3/soft/freeze2.wav,general3,soft,0
speech/sim/general3/soft/gain1.wav,general3,soft,0
speech/sim/general3/soft/gain2.wav,general3,soft,0
speech/sim/general3/soft/go1.wav,general3,soft,0
speech/sim/general3/soft/go2.wav,general3,soft,0
speech/sim/general3/soft/hello1.wav,general3,soft,0
speech/sim/general3/soft/hello2.wav,general3,soft,0
speech/sim/general3/soft/help1.wav,general3,soft,0
speech/sim/general3/soft/help2.wav,general3,soft,0
speech/sim/general3/soft/histog1.wav,general3,soft,0
speech/sim/general3/soft/histog2.wav,general3,soft,0
speech/sim/general3/soft/hot1.wav,general3,soft,0
speech/sim/general3/soft/hot2.wav,general3,soft,0
speech/sim/general3/soft/mark1.wav,general3,soft,0
speech/sim/general3/soft/mark2.wav,general3,soft,0
speech/sim/general3/soft/nav1.wav,general3,soft,0
speech/sim/general3/soft/nav2.wav,general3,soft,0
speech/sim/general3/soft/no1.wav,general3,soft,0
speech/sim/general3/soft/no2.wav,general3,soft,0
speech/sim/general3/soft/oh1.wav,general3,soft,0
speech/sim/general3/soft/oh2.wav,general3,soft,0
speech/sim/general3/soft/on1.wav,general3,soft,0
speech/sim/general3/soft/on2.wav,general3,soft,0
speech/sim/general3/soft/out1.wav,general3,soft,0
speech/sim/general3/soft/out2.wav,general3,soft,0
speech/sim/general3/soft/point1.wav,general3,soft,0
speech/sim/general3/soft/point2.wav,general3,soft,0
speech/sim/general3/soft/six1.wav,general3,soft,0
speech/sim/general3/soft/six2.wav,general3,soft,0
speech/sim/general3/soft/south1.wav,general3,soft,0
speech/sim/general3/soft/south2.wav,general3,soft,0
speech/sim/general3/soft/stand1.wav,general3,soft,0
speech/sim/general3/soft/stand2.wav,general3,soft,0
speech/sim/general3/soft/steer1.wav,general3,soft,0
speech/sim/general3/soft/steer2.wav,general3,soft,0
speech/sim/general3/soft/strafe1.wav,general3,soft,0
speech/sim/general3/soft/strafe2.wav,general3,soft,0
speech/sim/general3/soft/ten1.wav,general3,soft,0
speech/sim/general3/soft/ten2.wav,general3,soft,0
speech/sim/general3/soft/thirty1.wav,general3,soft,0
speech/sim/general3/soft/thirty2.wav,general3,soft,0
speech/sim/general3/soft/three1.wav,general3,soft,0
speech/sim/general3/soft/three2.wav,general3,soft,0
speech/sim/general3/soft/white1.wav,general3,soft,0
speech/sim/general3/soft/white2.wav,general3,soft,0
speech/sim/general3/soft/wide1.wav,general3,soft,0
speech/sim/general3/soft/wide2.wav,general3,soft,0
speech/sim/general3/soft/zero1.wav,general3,soft,0
speech/sim/general3/soft/zero2.wav,general3,soft,0
speech/sim/general3/train/break1.wav,general3,train,0
speech/sim/general3/train/break10.wav,general3,train,0
speech/sim/general3/train/break11.wav,general3,train,0
speech/sim/general3/train/break12.wav,general3,train,0
speech/sim/general3/train/break2.wav,general3,train,0
speech/sim/general3/train/break3.wav,general3,train,0
speech/sim/general3/train/break4.wav,general3,train,0
speech/sim/general3/train/break5.wav,general3,train,0
speech/sim/general3/train/break6.wav,general3,train,0
speech/sim/general3/train/break7.wav,general3,train,0
speech/sim/general3/train/break8.wav,general3,train,0
speech/sim/general3/train/break9.wav,general3,train,0
speech/sim/general3/train/change1.wav,general3,train,0
speech/sim/general3/train/change10.wav,general3,train,0
speech/sim/general3/train/change11.wav,general3,train,0
speech/sim/general3/train/change12.wav,general3,train,0
speech/sim/general3/train/change2.wav,general3,train,0
speech/sim/general3/train/change3.wav,general3,train,0
speech/sim/general3/train/change4.wav,general3,train,0
speech/sim/general3/train/change5.wav,general3,train,0
speech/sim/general3/train/change6.wav,general3,train,0
speech/sim/general3/train/change7.wav,general3,train,0
speech/sim/general3/train/change8.wav,general3,train,0
speech/sim/general3/train/change9.wav,general3,train,0
speech/sim/general3/train/degree1.wav,general3,train,0
speech/sim/general3/train/degree10.wav,general3,train,0
speech/sim/general3/train/degree11.wav,general3,train,0
speech/sim/general3/train/degree12.wav,general3,train,0
speech/sim/general3/train/degree2.wav,general3,train,0
speech/sim/general3/train/degree3.wav,general3,train,0
speech/sim/general3/train/degree4.wav,general3,train,0
speech/sim/general3/train/degree5.wav,general3,train,0
speech/sim/general3/train/degree6.wav,general3,train,0
speech/sim/general3/train/degree7.wav,general3,train,0
speech/sim/general3/train/degree8.wav,general3,train,0
speech/sim/general3/train/degree9.wav,general3,train,0
speech/sim/general3/train/destin1.wav,general3,train,0
speech/sim/general3/train/destin10.wav,general3,train,0
speech/sim/general3/train/destin11.wav,general3,train,0
speech/sim/general3/train/destin12.wav,general3,train,0
speech/sim/general3/train/destin2.wav,general3,train,0
speech/sim/general3/train/destin3.wav,general3,train,0
speech/sim/general3/train/destin4.wav,general3,train,0
speech/sim/general3/train/destin5.wav,general3,train,0
speech/sim/general3/train/destin6.wav,general3,train,0
speech/sim/general3/train/destin7.wav,general3,train,0
speech/sim/general3/train/destin8.wav,general3,train,0
speech/sim/general3/train/destin9.wav,general3,train,0
speech/sim/general3/train/east1.wav,general3,train,0
speech/sim/general3/train/east10.wav,general3,train,0
speech/sim/general3/train/east11.wav,general3,train,0
speech/sim/general3/train/east12.wav,general3,train,0
speech/sim/general3/train/east2.wav,general3,train,0
speech/sim/general3/train/east3.wav,general3,train,0
speech/sim/general3/train/east4.wav,general3,train,0
speech/sim/general3/train/east5.wav,general3,train,0
speech/sim/general3/train/east6.wav,general3,train,0
speech/sim/general3/train/east7.wav,general3,train,0
speech/sim/general3/train/east8.wav,general3,train,0
speech/sim/general3/train/east9.wav,general3,train,0
speech/sim/general3/train/eight1.wav,general3,train,0
speech/sim/general3/train/eight10.wav,general3,train,0
speech/sim/general3/train/eight11.wav,general3,train,0
speech/sim/general3/train/eight12.wav,general3,train,0
speech/sim/general3/train/eight2.wav,general3,train,0
speech/sim/general3/train/eight3.wav,general3,train,0
speech/sim/general3/train/eight4.wav,general3,train,0
speech/sim/general3/train/eight5.wav,general3,train,0
speech/sim/general3/train/eight6.wav,general3,train,0
speech/sim/general3/train/eight7.wav,general3,train,0
speech/sim/general3/train/eight8.wav,general3,train,0
speech/sim/general3/train/eight9.wav,general3,train,0
speech/sim/general3/train/eighty1.wav,general3,train,0
speech/sim/general3/train/eighty10.wav,general3,train,0
speech/sim/general3/train/eighty11.wav,general3,train,0
speech/sim/general3/train/eighty12.wav,general3,train,0
speech/sim/general3/train/eighty2.wav,general3,train,0
speech/sim/general3/train/eighty3.wav,general3,train,0
speech/sim/general3/train/eighty4.wav,general3,train,0
speech/sim/general3/train/eighty5.wav,general3,train,0
speech/sim/general3/train/eighty6.wav,general3,train,0
speech/sim/general3/train/eighty7.wav,general3,train,0
speech/sim/general3/train/eighty8.wav,general3,train,0
speech/sim/general3/train/eighty9.wav,general3,train,0
speech/sim/general3/train/enter1.wav,general3,train,0
speech/sim/general3/train/enter10.wav,general3,train,0
speech/sim/general3/train/enter11.wav,general3,train,0
speech/sim/general3/train/enter12.wav,general3,train,0
speech/sim/general3/train/enter2.wav,general3,train,0
speech/sim/general3/train/enter3.wav,general3,train,0
speech/sim/general3/train/enter4.wav,general3,train,0
speech/sim/general3/train/enter5.wav,general3,train,0
speech/sim/general3/train/enter6.wav,general3,train,0
speech/sim/general3/train/enter7.wav,general3,train,0
speech/sim/general3/train/enter8.wav,general3,train,0
speech/sim/general3/train/enter9.wav,general3,train,0
speech/sim/general3/train/fifty1.wav,general3,train,0
speech/sim/general3/train/fifty10.wav,general3,train,0
speech/sim/general3/train/fifty11.wav,general3,train,0
speech/sim/general3/train/fifty12.wav,general3,train,0
speech/sim/general3/train/fifty2.wav,general3,train,0
speech/sim/general3/train/fifty3.wav,general3,train,0
speech/sim/general3/train/fifty4.wav,general3,train,0
speech/sim/general3/train/fifty5.wav,general3,train,0
speech/sim/general3/train/fifty6.wav,general3,train,0
speech/sim/general3/train/fifty7.wav,general3,train,0
speech/sim/general3/train/fifty8.wav,general3,train,0
speech/sim/general3/train/fifty9.wav,general3,train,0
speech/sim/general3/train/fix1.wav,general3,train,0
speech/sim/general3/train/fix10.wav,general3,train,0
speech/sim/general3/train/fix11.wav,general3,train,0
speech/sim/general3/train/fix12.wav,general3,train,0
speech/sim/general3/train/fix2.wav,general3,train,0
speech/sim/general3/train/fix3.wav,general3,train,0
speech/sim/general3/train/fix4.wav,general3,train,0
speech/sim/general3/train/fix5.wav,general3,train,0
speech/sim/general3/train/fix6.wav,general3,train,0
speech/sim/general3/train/fix7.wav,general3,train,0
speech/sim/general3/train/fix8.wav,general3,train,0
speech/sim/general3/train/fix9.wav,general3,train,0
speech/sim/general3/train/freeze1.wav,general3,train,0
speech/sim/general3/train/freeze10.wav,general3,train,0
speech/sim/general3/train/freeze11.wav,general3,train,0
speech/sim/general3/train/freeze12.wav,general3,train,0
speech/sim/general3/train/freeze2.wav,general3,train,0
speech/sim/general3/train/freeze3.wav,general3,train,0
speech/sim/general3/train/freeze4.wav,general3,train,0
speech/sim/general3/train/freeze5.wav,general3,train,0
speech/sim/general3/train/freeze6.wav,general3,train,0
speech/sim/general3/train/freeze7.wav,general3,train,0
speech/sim/general3/train/freeze8.wav,general3,train,0
speech/sim/general3/train/freeze9.wav,general3,train,0
speech/sim/general3/train/gain1.wav,general3,train,0
speech/sim/general3/train/gain10.wav,general3,train,0
speech/sim/general3/train/gain11.wav,general3,train,0
speech/sim/general3/train/gain12.wav,general3,train,0
speech/sim/general3/train/gain2.wav,general3,train,0
speech/sim/general3/train/gain3.wav,general3,train,0
speech/sim/general3/train/gain4.wav,general3,train,0
speech/sim/general3/train/gain5.wav,general3,train,0
speech/sim/general3/train/gain6.wav,general3,train,0
speech/sim/general3/train/gain7.wav,general3,train,0
speech/sim/general3/train/gain8.wav,general3,train,0
speech/sim/general3/train/gain9.wav,general3,train,0
speech/sim/general3/train/go1.wav,general3,train,0
speech/sim/general3/train/go10.wav,general3,train,0
speech/sim/general3/train/go11.wav,general3,train,0
speech/sim/general3/train/go12.wav,general3,train,0
speech/sim/general3/train/go2.wav,general3,train,0
speech/sim/general3/train/go3.wav,general3,train,0
speech/sim/general3/train/go4.wav,general3,train,0
speech/sim/general3/train/go5.wav,general3,train,0
speech/sim/general3/train/go6.wav,general3,train,0
speech/sim/general3/train/go7.wav,general3,train,0
speech/sim/general3/train/go8.wav,general3,train,0
speech/sim/general3/train/go9.wav,general3,train,0
speech/sim/general3/train/hello1.wav,general3,train,0
speech/sim/general3/train/hello10.wav,general3,train,0
speech/sim/general3/train/hello11.wav,general3,train,0
speech/sim/general3/train/hello12.wav,general3,train,0
speech/sim/general3/train/hello2.wav,general3,train,0
speech/sim/general3/train/hello3.wav,general3,train,0
speech/sim/general3/train/hello4.wav,general3,train,0
speech/sim/general3/train/hello5.wav,general3,train,0
speech/sim/general3/train/hello6.wav,general3,train,0
speech/sim/general3/train/hello7.wav,general3,train,0
speech/sim/general3/train/hello8.wav,general3,train,0
speech/sim/general3/train/hello9.wav,general3,train,0
speech/sim/general3/train/help1.wav,general3,train,0
speech/sim/general3/train/help10.wav,general3,train,0
speech/sim/general3/train/help11.wav,general3,train,0
speech/sim/general3/train/help12.wav,general3,train,0
speech/sim/general3/train/help2.wav,general3,train,0
speech/sim/general3/train/help3.wav,general3,train,0
speech/sim/general3/train/help4.wav,general3,train,0
speech/sim/general3/train/help5.wav,general3,train,0
speech/sim/general3/train/help6.wav,general3,train,0
speech/sim/general3/train/help7.wav,general3,train,0
speech/sim/general3/train/help8.wav,general3,train,0
speech/sim/general3/train/help9.wav,general3,train,0
speech/sim/general3/train/histog1.wav,general3,train,0
speech/sim/general3/train/histog10.wav,general3,train,0
speech/sim/general3/train/histog11.wav,general3,train,0
speech/sim/general3/train/histog12.wav,general3,train,0
speech/sim/general3/train/histog2.wav,general3,train,0
speech/sim/general3/train/histog3.wav,general3,train,0
speech/sim/general3/train/histog4.wav,general3,train,0
speech/sim/general3/train/histog5.wav,general3,train,0
speech/sim/general3/train/histog6.wav,general3,train,0
speech/sim/general3/train/histog7.wav,general3,train,0
speech/sim/general3/train/histog8.wav,general3,train,0
speech/sim/general3/train/histog9.wav,general3,train,0
speech/sim/general3/train/hot1.wav,general3,train,0
speech/sim/general3/train/hot10.wav,general3,train,0
speech/sim/general3/train/hot11.wav,general3,train,0
speech/sim/general3/train/hot12.wav,general3,train,0
speech/sim/general3/train/hot2.wav,general3,train,0
speech/sim/general3/train/hot3.wav,general3,train,0
speech/sim/general3/train/hot4.wav,general3,train,0
speech/sim/general3/train/hot5.wav,general3,train,0
speech/sim/general3/train/hot6.wav,general3,train,0
speech/sim/general3/train/hot7.wav,general3,train,0
speech/sim/general3/train/hot8.wav,general3,train,0
speech/sim/general3/train/hot9.wav,general3,train,0
speech/sim/general3/train/mark1.wav,general3,train,0
speech/sim/general3/train/mark10.wav,general3,train,0
speech/sim/general3/train/mark11.wav,general3,train,0
speech/sim/general3/train/mark12.wav,general3,train,0
speech/sim/general3/train/mark2.wav,general3,train,0
speech/sim/general3/train/mark3.wav,general3,train,0
speech/sim/general3/train/mark4.wav,general3,train,0
speech/sim/general3/train/mark5.wav,general3,train,0
speech/sim/general3/train/mark6.wav,general3,train,0
speech/sim/general3/train/mark7.wav,general3,train,0
speech/sim/general3/train/mark8.wav,general3,train,0
speech/sim/general3/train/mark9.wav,general3,train,0
speech/sim/general3/train/nav1.wav,general3,train,0
speech/sim/general3/train/nav10.wav,general3,train,0
speech/sim/general3/train/nav11.wav,general3,train,0
speech/sim/general3/train/nav12.wav,general3,train,0
speech/sim/general3/train/nav2.wav,general3,train,0
speech/sim/general3/train/nav3.wav,general3,train,0
speech/sim/general3/train/nav4.wav,general3,train,0
speech/sim/general3/train/nav5.wav,general3,train,0
speech/sim/general3/train/nav6.wav,general3,train,0
speech/sim/general3/train/nav7.wav,general3,train,0
speech/sim/general3/train/nav8.wav,general3,train,0
speech/sim/general3/train/nav9.wav,general3,train,0
speech/sim/general3/train/no1.wav,general3,train,0
speech/sim/general3/train/no10.wav,general3,train,0
speech/sim/general3/train/no11.wav,general3,train,0
speech/sim/general3/train/no12.wav,general3,train,0
speech/sim/general3/train/no2.wav,general3,train,0
speech/sim/general3/train/no3.wav,general3,train,0
speech/sim/general3/train/no4.wav,general3,train,0
speech/sim/general3/train/no5.wav,general3,train,0
speech/sim/general3/train/no6.wav,general3,train,0
speech/sim/general3/train/no7.wav,general3,train,0
speech/sim/general3/train/no8.wav,general3,train,0
speech/sim/general3/train/no9.wav,general3,train,0
speech/sim/general3/train/oh1.wav,general3,train,0
speech/sim/general3/train/oh10.wav,general3,train,0
speech/sim/general3/train/oh11.wav,general3,train,0
speech/sim/general3/train/oh12.wav,general3,train,0
speech/sim/general3/train/oh2.wav,general3,train,0
speech/sim/general3/train/oh3.wav,general3,train,0
speech/sim/general3/train/oh4.wav,general3,train,0
speech/sim/general3/train/oh5.wav,general3,train,0
speech/sim/general3/train/oh6.wav,general3,train,0
speech/sim/general3/train/oh7.wav,general3,train,0
speech/sim/general3/train/oh8.wav,general3,train,0
speech/sim/general3/train/oh9.wav,general3,train,0
speech/sim/general3/train/on1.wav,general3,train,0
speech/sim/general3/train/on10.wav,general3,train,0
speech/sim/general3/train/on11.wav,general3,train,0
speech/sim/general3/train/on12.wav,general3,train,0
speech/sim/general3/train/on2.wav,general3,train,0
speech/sim/general3/train/on3.wav,general3,train,0
speech/sim/general3/train/on4.wav,general3,train,0
speech/sim/general3/train/on5.wav,general3,train,0
speech/sim/general3/train/on6.wav,general3,train,0
speech/sim/general3/train/on7.wav,general3,train,0
speech/sim/general3/train/on8.wav,general3,train,0
speech/sim/general3/train/on9.wav,general3,train,0
speech/sim/general3/train/out1.wav,general3,train,0
speech/sim/general3/train/out10.wav,general3,train,0
speech/sim/general3/train/out11.wav,general3,train,0
speech/sim/general3/train/out12.wav,general3,train,0
speech/sim/general3/train/out2.wav,general3,train,0
speech/sim/general3/train/out3.wav,general3,train,0
speech/sim/general3/train/out4.wav,general3,train,0
speech/sim/general3/train/out5.wav,general3,train,0
speech/sim/general3/train/out6.wav,general3,train,0
speech/sim/general3/train/out7.wav,general3,train,0
speech/sim/general3/train/out8.wav,general3,train,0
speech/sim/general3/train/out9.wav,general3,train,0
speech/sim/general3/train/point1.wav,general3,train,0
speech/sim/general3/train/point10.wav,general3,train,0
speech/sim/general3/train/point11.wav,general3,train,0
speech/sim/general3/train/point12.wav,general3,train,0
speech/sim/general3/train/point2.wav,general3,train,0
speech/sim/general3/train/point3.wav,general3,train,0
speech/sim/general3/train/point4.wav,general3,train,0
speech/sim/general3/train/point5.wav,general3,train,0
speech/sim/general3/train/point6.wav,general3,train,0
speech/sim/general3/train/point7.wav,general3,train,0
speech/sim/general3/train/point8.wav,general3,train,0
speech/sim/general3/train/point9.wav,general3,train,0
speech/sim/general3/train/six1.wav,general3,train,0
speech/sim/general3/train/six10.wav,general3,train,0
speech/sim/general3/train/six11.wav,general3,train,0
speech/sim/general3/train/six12.wav,general3,train,0
speech/sim/general3/train/six2.wav,general3,train,0
speech/sim/general3/train/six3.wav,general3,train,0
speech/sim/general3/train/six4.wav,general3,train,0
speech/sim/general3/train/six5.wav,general3,train,0
speech/sim/general3/train/six6.wav,general3,train,0
speech/sim/general3/train/six7.wav,general3,train,0
speech/sim/general3/train/six8.wav,general3,train,0
speech/sim/general3/train/six9.wav,general3,train,0
speech/sim/general3/train/south1.wav,general3,train,0
speech/sim/general3/train/south10.wav,general3,train,0
speech/sim/general3/train/south11.wav,general3,train,0
speech/sim/general3/train/south12.wav,general3,train,0
speech/sim/general3/train/south2.wav,general3,train,0
speech/sim/general3/train/south3.wav,general3,train,0
speech/sim/general3/train/south4.wav,general3,train,0
speech/sim/general3/train/south5.wav,general3,train,0
speech/sim/general3/train/south6.wav,general3,train,0
speech/sim/general3/train/south7.wav,general3,train,0
speech/sim/general3/train/south8.wav,general3,train,0
speech/sim/general3/train/south9.wav,general3,train,0
speech/sim/general3/train/stand1.wav,general3,train,0
speech/sim/general3/train/stand10.wav,general3,train,0
speech/sim/general3/train/stand11.wav,general3,train,0
speech/sim/general3/train/stand12.wav,general3,train,0
speech/sim/general3/train/stand2.wav,general3,train,0
speech/sim/general3/train/stand3.wav,general3,train,0
speech/sim/general3/train/stand4.wav,general3,train,0
speech/sim/general3/train/stand5.wav,general3,train,0
speech/sim/general3/train/stand6.wav,general3,train,0
speech/sim/general3/train/stand7.wav,general3,train,0
speech/sim/general3/train/stand8.wav,general3,train,0
speech/sim/general3/train/stand9.wav,general3,train,0
speech/sim/general3/train/steer1.wav,general3,train,0
speech/sim/general3/train/steer10.wav,general3,train,0
speech/sim/general3/train/steer11.wav,general3,train,0
speech/sim/general3/train/steer12.wav,general3,train,0
speech/sim/general3/train/steer2.wav,general3,train,0
speech/sim/general3/train/steer3.wav,general3,train,0
speech/sim/general3/train/steer4.wav,general3,train,0
speech/sim/general3/train/steer5.wav,general3,train,0
speech/sim/general3/train/steer6.wav,general3,train,0
speech/sim/general3/train/steer7.wav,general3,train,0
speech/sim/general3/train/steer8.wav,general3,train,0
speech/sim/general3/train/steer9.wav,general3,train,0
speech/sim/general3/train/strafe1.wav,general3,train,0
speech/sim/general3/train/strafe10.wav,general3,train,0
speech/sim/general3/train/strafe11.wav,general3,train,0
speech/sim/general3/train/strafe12.wav,general3,train,0
speech/sim/general3/train/strafe2.wav,general3,train,0
speech/sim/general3/train/strafe3.wav,general3,train,0
speech/sim/general3/train/strafe4.wav,general3,train,0
speech/sim/general3/train/strafe5.wav,general3,train,0
speech/sim/general3/train/strafe6.wav,general3,train,0
speech/sim/general3/train/strafe7.wav,general3,train,0
speech/sim/general3/train/strafe8.wav,general3,train,0
speech/sim/general3/train/strafe9.wav,general3,train,0
speech/sim/general3/train/ten1.wav,general3,train,0
speech/sim/general3/train/ten10.wav,general3,train,0
speech/sim/general3/train/ten11.wav,general3,train,0
speech/sim/general3/train/ten12.wav,general3,train,0
speech/sim/general3/train/ten2.wav,general3,train,0
speech/sim/general3/train/ten3.wav,general3,train,0
speech/sim/general3/train/ten4.wav,general3,train,0
speech/sim/general3/train/ten5.wav,general3,train,0
speech/sim/general3/train/ten6.wav,general3,train,0
speech/sim/general3/train/ten7.wav,general3,train,0
speech/sim/general3/train/ten8.wav,general3,train,0
speech/sim/general3/train/ten9.wav,general3,train,0
speech/sim/general3/train/thirty1.wav,general3,train,0
speech/sim/general3/train/thirty10.wav,general3,train,0
speech/sim/general3/train/thirty11.wav,general3,train,0
speech/sim/general3/train/thirty12.wav,general3,train,0
speech/sim/general3/train/thirty2.wav,general3,train,0
speech/sim/general3/train/thirty3.wav,general3,train,0
speech/sim/general3/train/thirty4.wav,general3,train,0
speech/sim/general3/train/thirty5.wav,general3,train,0
speech/sim/general3/train/thirty6.wav,general3,train,0
speech/sim/general3/train/thirty7.wav,general3,train,0
speech/sim/general3/train/thirty8.wav,general3,train,0
speech/sim/general3/train/thirty9.wav,general3,train,0
speech/sim/general3/train/three1.wav,general3,train,0
speech/sim/general3/train/three10.wav,general3,train,0
speech/sim/general3/train/three11.wav,general3,train,0
speech/sim/general3/train/three12.wav,general3,train,0
speech/sim/general3/train/three2.wav,general3,train,0
speech/sim/general3/train/three3.wav,general3,train,0
speech/sim/general3/train/three4.wav,general3,train,0
speech/sim/general3/train/three5.wav,general3,train,0
speech/sim/general3/train/three6.wav,general3,train,0
speech/sim/general3/train/three7.wav,general3,train,0
speech/sim/general3/train/three8.wav,general3,train,0
speech/sim/general3/train/three9.wav,general3,train,0
speech/sim/general3/train/white1.wav,general3,train,0
speech/sim/general3/train/white10.wav,general3,train,0
speech/sim/general3/train/white11.wav,general3,train,0
speech/sim/general3/train/white12.wav,general3,train,0
speech/sim/general3/train/white2.wav,general3,train,0
speech/sim/general3/train/white3.wav,general3,train,0
speech/sim/general3/train/white4.wav,general3,train,0
speech/sim/general3/train/white5.wav,general3,train,0
speech/sim/general3/train/white6.wav,general3,train,0
speech/sim/general3/train/white7.wav,general3,train,0
speech/sim/general3/train/white8.wav,general3,train,0
speech/sim/general3/train/white9.wav,general3,train,0
speech/sim/general3/train/wide1.wav,general3,train,0
speech/sim/general3/train/wide10.wav,general3,train,0
speech/sim/general3/train/wide11.wav,general3,train,0
speech/sim/general3/train/wide12.wav,general3,train,0
speech/sim/general3/train/wide2.wav,general3,train,0
speech/sim/general3/train/wide3.wav,general3,train,0
speech/sim/general3/train/wide4.wav,general3,train,0
speech/sim/general3/train/wide5.wav,general3,train,0
speech/sim/general3/train/wide6.wav,general3,train,0
speech/sim/general3/train/wide7.wav,general3,train,0
speech/sim/general3/train/wide8.wav,general3,train,0
speech/sim/general3/train/wide9.wav,general3,train,0
speech/sim/general3/train/zero1.wav,general3,train,0
speech/sim/general3/train/zero10.wav,general3,train,0
speech/sim/general3/train/zero11.wav,general3,train,0
speech/sim/general3/train/zero12.wav,general3,train,0
speech/sim/general3/train/zero2.wav,general3,train,0
speech/sim/general3/train/zero3.wav,general3,train,0
speech/sim/general3/train/zero4.wav,general3,train,0
speech/sim/general3/train/zero5.wav,general3,train,0
speech/sim/general3/train/zero6.wav,general3,train,0
speech/sim/general3/train/zero7.wav,general3,train,0
speech/sim/general3/train/zero8.wav,general3,train,0
speech/sim/general3/train/zero9.wav,general3,train,0
speech/sim/nyc1/angry/break1.wav,nyc1,angry,2
speech/sim/nyc1/angry/break2.wav,nyc1,angry,2
speech/sim/nyc1/angry/change1.wav,nyc1,angry,2
speech/sim/nyc1/angry/change2.wav,nyc1,angry,2
speech/sim/nyc1/angry/degree1.wav,nyc1,angry,2
speech/sim/nyc1/angry/degree2.wav,nyc1,angry,2
speech/sim/nyc1/angry/destin1.wav,nyc1,angry,2
speech/sim/nyc1/angry/destin2.wav,nyc1,angry,2
speech/sim/nyc1/angry/east1.wav,nyc1,angry,2
speech/sim/nyc1/angry/east2.wav,nyc1,angry,2
speech/sim/nyc1/angry/eight1.wav,nyc1,angry,2
speech/sim/nyc1/angry/eight2.wav,nyc1,angry,2
speech/sim/nyc1/angry/eighty1.wav,nyc1,angry,2
speech/sim/nyc1/angry/eighty2.wav,nyc1,angry,2
speech/sim/nyc1/angry/enter1.wav,nyc1,angry,2
speech/sim/nyc1/angry/enter2.wav,nyc1,angry,2
speech/sim/nyc1/angry/fifty1.wav,nyc1,angry,2
speech/sim/nyc1/angry/fifty2.wav,nyc1,angry,2
speech/sim/nyc1/angry/fix1.wav,nyc1,angry,2
speech/sim/nyc1/angry/fix2.wav,nyc1,angry,2
speech/sim/nyc1/angry/freeze1.wav,nyc1,angry,2
speech/sim/nyc1/angry/freeze2.wav,nyc1,angry,2
speech/sim/nyc1/angry/gain1.wav,nyc1,angry,2
speech/sim/nyc1/angry/gain2.wav,nyc1,angry,2
speech/sim/nyc1/angry/go1.wav,nyc1,angry,2
speech/sim/nyc1/angry/go2.wav,nyc1,angry,2
speech/sim/nyc1/angry/hello1.wav,nyc1,angry,2
speech/sim/nyc1/angry/hello2.wav,nyc1,angry,2
speech/sim/nyc1/angry/help1.wav,nyc1,angry,2
speech/sim/nyc1/angry/help2.wav,nyc1,angry,2
speech/sim/nyc1/angry/histog1.wav,nyc1,angry,2
speech/sim/nyc1/angry/histog2.wav,nyc1,angry,2
speech/sim/nyc1/angry/hot1.wav,nyc1,angry,2
speech/sim/nyc1/angry/hot2.wav,nyc1,angry,2
speech/sim/nyc1/angry/mark1.wav,nyc1,angry,2
speech/sim/nyc1/angry/mark2.wav,nyc1,angry,2
speech/sim/nyc1/angry/nav1.wav,nyc1,angry,2
speech/sim/nyc1/angry/nav2.wav,nyc1,angry,2
speech/sim/nyc1/angry/no1.wav,nyc1,angry,2
speech/sim/nyc1/angry/no2.wav,nyc1,angry,2
speech/sim/nyc1/angry/oh1.wav,nyc1,angry,2
speech/sim/nyc1/angry/oh2.wav,nyc1,angry,2
speech/sim/nyc1/angry/on1.wav,nyc1,angry,2
speech/sim/nyc1/angry/on2.wav,nyc1,angry,2
speech/sim/nyc1/angry/out1.wav,nyc1,angry,2
speech/sim/nyc1/angry/out2.wav,nyc1,angry,2
speech/sim/nyc1/angry/point1.wav,nyc1,angry,2
speech/sim/nyc1/angry/point2.wav,nyc1,angry,2
speech/sim/nyc1/angry/six1.wav,nyc1,angry,2
speech/sim/nyc1/angry/six2.wav,nyc1,angry,2
speech/sim/nyc1/angry/south1.wav,nyc1,angry,2
speech/sim/nyc1/angry/south2.wav,nyc1,angry,2
speech/sim/nyc1/angry/stand1.wav,nyc1,angry,2
speech/sim/nyc1/angry/stand2.wav,nyc1,angry,2
speech/sim/nyc1/angry/steer1.wav,nyc1,angry,2
speech/sim/nyc1/angry/steer2.wav,nyc1,angry,2
speech/sim/nyc1/angry/strafe1.wav,nyc1,angry,2
speech/sim/nyc1/angry/strafe2.wav,nyc1,angry,2
speech/sim/nyc1/angry/ten1.wav,nyc1,angry,2
speech/sim/nyc1/angry/ten2.wav,nyc1,angry,2
speech/sim/nyc1/angry/thirty1.wav,nyc1,angry,2
speech/sim/nyc1/angry/thirty2.wav,nyc1,angry,2
speech/sim/nyc1/angry/three1.wav,nyc1,angry,2
speech/sim/nyc1/angry/three2.wav,nyc1,angry,2
speech/sim/nyc1/angry/white1.wav,nyc1,angry,2
speech/sim/nyc1/angry/white2.wav,nyc1,angry,2
speech/sim/nyc1/angry/wide1.wav,nyc1,angry,2
speech/sim/nyc1/angry/wide2.wav,nyc1,angry,2
speech/sim/nyc1/angry/zero1.wav,nyc1,angry,2
speech/sim/nyc1/angry/zero2.wav,nyc1,angry,2
speech/sim/nyc1/clear/break1.wav,nyc1,clear,0
speech/sim/nyc1/clear/break2.wav,nyc1,clear,0
speech/sim/nyc1/clear/change1.wav,nyc1,clear,0
speech/sim/nyc1/clear/change2.wav,nyc1,clear,0
speech/sim/nyc1/clear/degree1.wav,nyc1,clear,0
speech/sim/nyc1/clear/degree2.wav,nyc1,clear,0
speech/sim/nyc1/clear/destin1.wav,nyc1,clear,0
speech/sim/nyc1/clear/destin2.wav,nyc1,clear,0
speech/sim/nyc1/clear/east1.wav,nyc1,clear,0
speech/sim/nyc1/clear/east2.wav,nyc1,clear,0
speech/sim/nyc1/clear/eight1.wav,nyc1,clear,0
speech/sim/nyc1/clear/eight2.wav,nyc1,clear,0
speech/sim/nyc1/clear/eighty1.wav,nyc1,clear,0
speech/sim/nyc1/clear/eighty2.wav,nyc1,clear,0
speech/sim/nyc1/clear/enter1.wav,nyc1,clear,0
speech/sim/nyc1/clear/enter2.wav,nyc1,clear,0
speech/sim/nyc1/clear/fifty1.wav,nyc1,clear,0
speech/sim/nyc1/clear/fifty2.wav,nyc1,clear,0
speech/sim/nyc1/clear/fix1.wav,nyc1,clear,0
speech/sim/nyc1/clear/fix2.wav,nyc1,clear,0
speech/sim/nyc1/clear/freeze1.wav,nyc1,clear,0
speech/sim/nyc1/clear/freeze2.wav,nyc1,clear,0
speech/sim/nyc1/clear/gain1.wav,nyc1,clear,0
speech/sim/nyc1/clear/gain2.wav,nyc1,clear,0
speech/sim/nyc1/clear/go1.wav,nyc1,clear,0
speech/sim/nyc1/clear/go2.wav,nyc1,clear,0
speech/sim/nyc1/clear/hello1.wav,nyc1,clear,0
speech/sim/nyc1/clear/hello2.wav,nyc1,clear,0
speech/sim/nyc1/clear/help1.wav,nyc1,clear,0
speech/sim/nyc1/clear/help2.wav,nyc1,clear,0
speech/sim/nyc1/clear/histog1.wav,nyc1,clear,0
speech/sim/nyc1/clear/histog2.wav,nyc1,clear,0
speech/sim/nyc1/clear/hot1.wav,nyc1,clear,0
speech/sim/nyc1/clear/hot2.wav,nyc1,clear,0
speech/sim/nyc1/clear/mark1.wav,nyc1,clear,0
speech/sim/nyc1/clear/mark2.wav,nyc1,clear,0
speech/sim/nyc1/clear/nav1.wav,nyc1,clear,0
speech/sim/nyc1/clear/nav2.wav,nyc1,clear,0
speech/sim/nyc1/clear/no1.wav,nyc1,clear,0
speech/sim/nyc1/clear/no2.wav,nyc1,clear,0
speech/sim/nyc1/clear/oh1.wav,nyc1,clear,0
speech/sim/nyc1/clear/oh2.wav,nyc1,clear,0
speech/sim/nyc1/clear/on1.wav,nyc1,clear,0
speech/sim/nyc1/clear/on2.wav,nyc1,clear,0
speech/sim/nyc1/clear/out1.wav,nyc1,clear,0
speech/sim/nyc1/clear/out2.wav,nyc1,clear,0
speech/sim/nyc1/clear/point1.wav,nyc1,clear,0
speech/sim/nyc1/clear/point2.wav,nyc1,clear,0
speech/sim/nyc1/clear/six1.wav,nyc1,clear,0
speech/sim/nyc1/clear/six2.wav,nyc1,clear,0
speech/sim/nyc1/clear/south1.wav,nyc1,clear,0
speech/sim/nyc1/clear/south2.wav,nyc1,clear,0
speech/sim/nyc1/clear/stand1.wav,nyc1,clear,0
speech/sim/nyc1/clear/stand2.wav,nyc1,clear,0
speech/sim/nyc1/clear/steer1.wav,nyc1,clear,0
speech/sim/nyc1/clear/steer2.wav,nyc1,clear,0
speech/sim/nyc1/clear/strafe1.wav,nyc1,clear,0
speech/sim/nyc1/clear/strafe2.wav,nyc1,clear,0
speech/sim/nyc1/clear/ten1.wav,nyc1,clear,0
speech/sim/nyc1/clear/ten2.wav,nyc1,clear,0
speech/sim/nyc1/clear/thirty1.wav,nyc1,clear,0
speech/sim/nyc1/clear/thirty2.wav,nyc1,clear,0
speech/sim/nyc1/clear/three1.wav,nyc1,clear,0
speech/sim/nyc1/clear/three2.wav,nyc1,clear,0
speech/sim/nyc1/clear/white1.wav,nyc1,clear,0
speech/sim/nyc1/clear/white2.wav,nyc1,clear,0
speech/sim/nyc1/clear/wide1.wav,nyc1,clear,0
speech/sim/nyc1/clear/wide2.wav,nyc1,clear,0
speech/sim/nyc1/clear/zero1.wav,nyc1,clear,0
speech/sim/nyc1/clear/zero2.wav,nyc1,clear,0
speech/sim/nyc1/cond50/break1.wav,nyc1,cond50,0
speech/sim/nyc1/cond50/break2.wav,nyc1,cond50,0
speech/sim/nyc1/cond50/change1.wav,nyc1,cond50,0
speech/sim/nyc1/cond50/change2.wav,nyc1,cond50,0
speech/sim/nyc1/cond50/degree1.wav,nyc1,cond50,0
speech/sim/nyc1/cond50/degree2.wav,nyc1,cond50,0
speech/sim/nyc1/cond50/destin1.wav,nyc1,cond50,0
speech/sim/nyc1/cond50/destin2.wav,nyc1,cond50,0
speech/sim/nyc1/cond50/east1.wav,nyc1,cond50,0
speech/sim/nyc1/cond50/east2.wav,nyc1,cond50,0
speech/sim/nyc1/cond50/eight1.wav,nyc1,cond50,0
speech/sim/nyc1/cond50/eight2.wav,nyc1,cond50,0
speech/sim/nyc1/cond50/eighty1.wav,nyc1,cond50,0
speech/sim/nyc1/cond50/eighty2.wav,nyc1,cond50,0
speech/sim/nyc1/cond50/enter1.wav,nyc1,cond50,0
speech/sim/nyc1/cond50/enter2.wav,nyc1,cond50,0
speech/sim/nyc1/cond50/fifty1.wav,nyc1,cond50,0
speech/sim/nyc1/cond50/fifty2.wav,nyc1,cond50,0
speech/sim/nyc1/cond50/fix1.wav,nyc1,cond50,0
speech/sim/nyc1/cond50/fix2.wav,nyc1,cond50,0
speech/sim/nyc1/cond50/freeze1.wav,nyc1,cond50,0
speech/sim/nyc1/cond50/freeze2.wav,nyc1,cond50,0
speech/sim/nyc1/cond50/gain1.wav,nyc1,cond50,0
speech/sim/nyc1/cond50/gain2.wav,nyc1,cond50,0
speech/sim/nyc1/cond50/go1.wav,nyc1,cond50,0
speech/sim/nyc1/cond50/go2.wav,nyc1,cond50,0
speech/sim/nyc1/cond50/hello1.wav,nyc1,cond50,0
speech/sim/nyc1/cond50/hello2.wav,nyc1,cond50,0
speech/sim/nyc1/cond50/help1.wav,nyc1,cond50,0
speech/sim/nyc1/cond50/help2.wav,nyc1,cond50,0
speech/sim/nyc1/cond50/histog1.wav,nyc1,cond50,0
speech/sim/nyc1/cond50/histog2.wav,nyc1,cond50,0
speech/sim/nyc1/cond50/hot1.wav,nyc1,cond50,0
speech/sim/nyc1/cond50/hot2.wav,nyc1,cond50,0
speech/sim/nyc1/cond50/mark1.wav,nyc1,cond50,0
speech/sim/nyc1/cond50/mark2.wav,nyc1,cond50,0
speech/sim/nyc1/cond50/nav1.wav,nyc1,cond50,0
speech/sim/nyc1/cond50/nav2.wav,nyc1,cond50,0
speech/sim/nyc1/cond50/no1.wav,nyc1,cond50,0
speech/sim/nyc1/cond50/no2.wav,nyc1,cond50,0
speech/sim/nyc1/cond50/oh1.wav,nyc1,cond50,0
speech/sim/nyc1/cond50/oh2.wav,nyc1,cond50,0
speech/sim/nyc1/cond50/on1.wav,nyc1,cond50,0
speech/sim/nyc1/cond50/on2.wav,nyc1,cond50,0
speech/sim/nyc1/cond50/out1.wav,nyc1,cond50,0
speech/sim/nyc1/cond50/out2.wav,nyc1,cond50,0
speech/sim/nyc1/cond50/point1.wav,nyc1,cond50,0
speech/sim/nyc1/cond50/point2.wav,nyc1,cond50,0
speech/sim/nyc1/cond50/six1.wav,nyc1,cond50,0
speech/sim/nyc1/cond50/six2.wav,nyc1,cond50,0
speech/sim/nyc1/cond50/south1.wav,nyc1,cond50,0
speech/sim/nyc1/cond50/south2.wav,nyc1,cond50,0
speech/sim/nyc1/cond50/stand1.wav,nyc1,cond50,0
speech/sim/nyc1/cond50/stand2.wav,nyc1,cond50,0
speech/sim/nyc1/cond50/steer1.wav,nyc1,cond50,0
speech/sim/nyc1/cond50/steer2.wav,nyc1,cond50,0
speech/sim/nyc1/cond50/strafe1.wav,nyc1,cond50,0
speech/sim/nyc1/cond50/strafe2.wav,nyc1,cond50,0
speech/sim/nyc1/cond50/ten1.wav,nyc1,cond50,0
speech/sim/nyc1/cond50/ten2.wav,nyc1,cond50,0
speech/sim/nyc1/cond50/thirty1.wav,nyc1,cond50,0
speech/sim/nyc1/cond50/thirty2.wav,nyc1,cond50,0
speech/sim/nyc1/cond50/three1.wav,nyc1,cond50,0
speech/sim/nyc1/cond50/three2.wav,nyc1,cond50,0
speech/sim/nyc1/cond50/white1.wav,nyc1,cond50,0
speech/sim/nyc1/cond50/white2.wav,nyc1,cond50,0
speech/sim/nyc1/cond50/wide1.wav,nyc1,cond50,0
speech/sim/nyc1/cond50/wide2.wav,nyc1,cond50,0
speech/sim/nyc1/cond50/zero1.wav,nyc1,cond50,0
speech/sim/nyc1/cond50/zero2.wav,nyc1,cond50,0
speech/sim/nyc1/cond70/break1.wav,nyc1,cond70,1
speech/sim/nyc1/cond70/break2.wav,nyc1,cond70,1
speech/sim/nyc1/cond70/change1.wav,nyc1,cond70,1
speech/sim/nyc1/cond70/change2.wav,nyc1,cond70,1
speech/sim/nyc1/cond70/degree1.wav,nyc1,cond70,1
speech/sim/nyc1/cond70/degree2.wav,nyc1,cond70,1
speech/sim/nyc1/cond70/destin1.wav,nyc1,cond70,1
speech/sim/nyc1/cond70/destin2.wav,nyc1,cond70,1
speech/sim/nyc1/cond70/east1.wav,nyc1,cond70,1
speech/sim/nyc1/cond70/east2.wav,nyc1,cond70,1
speech/sim/nyc1/cond70/eight1.wav,nyc1,cond70,1
speech/sim/nyc1/cond70/eight2.wav,nyc1,cond70,1
speech/sim/nyc1/cond70/eighty1.wav,nyc1,cond70,1
speech/sim/nyc1/cond70/eighty2.wav,nyc1,cond70,1
speech/sim/nyc1/cond70/enter1.wav,nyc1,cond70,1
speech/sim/nyc1/cond70/enter2.wav,nyc1,cond70,1
speech/sim/nyc1/cond70/fifty1.wav,nyc1,cond70,1
speech/sim/nyc1/cond70/fifty2.wav,nyc1,cond70,1
speech/sim/nyc1/cond70/fix1.wav,nyc1,cond70,1
speech/sim/nyc1/cond70/fix2.wav,nyc1,cond70,1
speech/sim/nyc1/cond70/freeze1.wav,nyc1,cond70,1
speech/sim/nyc1/cond70/freeze2.wav,nyc1,cond70,1
speech/sim/nyc1/cond70/gain1.wav,nyc1,cond70,1
speech/sim/nyc1/cond70/gain2.wav,nyc1,cond70,1
speech/sim/nyc1/cond70/go1.wav,nyc1,cond70,1
speech/sim/nyc1/cond70/go2.wav,nyc1,cond70,1
speech/sim/nyc1/cond70/hello1.wav,nyc1,cond70,1
speech/sim/nyc1/cond70/hello2.wav,nyc1,cond70,1
speech/sim/nyc1/cond70/help1.wav,nyc1,cond70,1
speech/sim/nyc1/cond70/help2.wav,nyc1,cond70,1
speech/sim/nyc1/cond70/histog1.wav,nyc1,cond70,1
speech/sim/nyc1/cond70/histog2.wav,nyc1,cond70,1
speech/sim/nyc1/cond70/hot1.wav,nyc1,cond70,1
speech/sim/nyc1/cond70/hot2.wav,nyc1,cond70,1
speech/sim/nyc1/cond70/mark1.wav,nyc1,cond70,1
speech/sim/nyc1/cond70/mark2.wav,nyc1,cond70,1
speech/sim/nyc1/cond70/nav1.wav,nyc1,cond70,1
speech/sim/nyc1/cond70/nav2.wav,nyc1,cond70,1
speech/sim/nyc1/cond70/no1.wav,nyc1,cond70,1
speech/sim/nyc1/cond70/no2.wav,nyc1,cond70,1
speech/sim/nyc1/cond70/oh1.wav,nyc1,cond70,1
speech/sim/nyc1/cond70/oh2.wav,nyc1,cond70,1
speech/sim/nyc1/cond70/on1.wav,nyc1,cond70,1
speech/sim/nyc1/cond70/on2.wav,nyc1,cond70,1
speech/sim/nyc1/cond70/out1.wav,nyc1,cond70,1
speech/sim/nyc1/cond70/out2.wav,nyc1,cond70,1
speech/sim/nyc1/cond70/point1.wav,nyc1,cond70,1
speech/sim/nyc1/cond70/point2.wav,nyc1,cond70,1
speech/sim/nyc1/cond70/six1.wav,nyc1,cond70,1
speech/sim/nyc1/cond70/six2.wav,nyc1,cond70,1
speech/sim/nyc1/cond70/south1.wav,nyc1,cond70,1
speech/sim/nyc1/cond70/south2.wav,nyc1,cond70,1
speech/sim/nyc1/cond70/stand1.wav,nyc1,cond70,1
speech/sim/nyc1/cond70/stand2.wav,nyc1,cond70,1
speech/sim/nyc1/cond70/steer1.wav,nyc1,cond70,1
speech/sim/nyc1/cond70/steer2.wav,nyc1,cond70,1
speech/sim/nyc1/cond70/strafe1.wav,nyc1,cond70,1
speech/sim/nyc1/cond70/strafe2.wav,nyc1,cond70,1
speech/sim/nyc1/cond70/ten1.wav,nyc1,cond70,1
speech/sim/nyc1/cond70/ten2.wav,nyc1,cond70,1
speech/sim/nyc1/cond70/thirty1.wav,nyc1,cond70,1
speech/sim/nyc1/cond70/thirty2.wav,nyc1,cond70,1
speech/sim/nyc1/cond70/three1.wav,nyc1,cond70,1
speech/sim/nyc1/cond70/three2.wav,nyc1,cond70,1
speech/sim/nyc1/cond70/white1.wav,nyc1,cond70,1
speech/sim/nyc1/cond70/white2.wav,nyc1,cond70,1
speech/sim/nyc1/cond70/wide1.wav,nyc1,cond70,1
speech/sim/nyc1/cond70/wide2.wav,nyc1,cond70,1
speech/sim/nyc1/cond70/zero1.wav,nyc1,cond70,1
speech/sim/nyc1/cond70/zero2.wav,nyc1,cond70,1
speech/sim/nyc1/fast/break1.wav,nyc1,fast,0
speech/sim/nyc1/fast/break2.wav,nyc1,fast,0
speech/sim/nyc1/fast/change1.wav,nyc1,fast,0
speech/sim/nyc1/fast/change2.wav,nyc1,fast,0
speech/sim/nyc1/fast/degree1.wav,nyc1,fast,0
speech/sim/nyc1/fast/degree2.wav,nyc1,fast,0
speech/sim/nyc1/fast/destin1.wav,nyc1,fast,0
speech/sim/nyc1/fast/destin2.wav,nyc1,fast,0
speech/sim/nyc1/fast/east1.wav,nyc1,fast,0
speech/sim/nyc1/fast/east2.wav,nyc1,fast,0
speech/sim/nyc1/fast/eight1.wav,nyc1,fast,0
speech/sim/nyc1/fast/eight2.wav,nyc1,fast,0
speech/sim/nyc1/fast/eighty1.wav,nyc1,fast,0
speech/sim/nyc1/fast/eighty2.wav,nyc1,fast,0
speech/sim/nyc1/fast/enter1.wav,nyc1,fast,0
speech/sim/nyc1/fast/enter2.wav,nyc1,fast,0
speech/sim/nyc1/fast/fifty1.wav,nyc1,fast,0
speech/sim/nyc1/fast/fifty2.wav,nyc1,fast,0
speech/sim/nyc1/fast/fix1.wav,nyc1,fast,0
speech/sim/nyc1/fast/fix2.wav,nyc1,fast,0
speech/sim/nyc1/fast/freeze1.wav,nyc1,fast,0
speech/sim/nyc1/fast/freeze2.wav,nyc1,fast,0
speech/sim/nyc1/fast/gain1.wav,nyc1,fast,0
speech/sim/nyc1/fast/gain2.wav,nyc1,fast,0
speech/sim/nyc1/fast/go1.wav,nyc1,fast,0
speech/sim/nyc1/fast/go2.wav,nyc1,fast,0
speech/sim/nyc1/fast/hello1.wav,nyc1,fast,0
speech/sim/nyc1/fast/hello2.wav,nyc1,fast,0
speech/sim/nyc1/fast/help1.wav,nyc1,fast,0
speech/sim/nyc1/fast/help2.wav,nyc1,fast,0
speech/sim/nyc1/fast/histog1.wav,nyc1,fast,0
speech/sim/nyc1/fast/histog2.wav,nyc1,fast,0
speech/sim/nyc1/fast/hot1.wav,nyc1,fast,0
speech/sim/nyc1/fast/hot2.wav,nyc1,fast,0
speech/sim/nyc1/fast/mark1.wav,nyc1,fast,0
speech/sim/nyc1/fast/mark2.wav,nyc1,fast,0
speech/sim/nyc1/fast/nav1.wav,nyc1,fast,0
speech/sim/nyc1/fast/nav2.wav,nyc1,fast,0
speech/sim/nyc1/fast/no1.wav,nyc1,fast,0
speech/sim/nyc1/fast/no2.wav,nyc1,fast,0
speech/sim/nyc1/fast/oh1.wav,nyc1,fast,0
speech/sim/nyc1/fast/oh2.wav,nyc1,fast,0
speech/sim/nyc1/fast/on1.wav,nyc1,fast,0
speech/sim/nyc1/fast/on2.wav,nyc1,fast,0
speech/sim/nyc1/fast/out1.wav,nyc1,fast,0
speech/sim/nyc1/fast/out2.wav,nyc1,fast,0
speech/sim/nyc1/fast/point1.wav,nyc1,fast,0
speech/sim/nyc1/fast/point2.wav,nyc1,fast,0
speech/sim/nyc1/fast/six1.wav,nyc1,fast,0
speech/sim/nyc1/fast/six2.wav,nyc1,fast,0
speech/sim/nyc1/fast/south1.wav,nyc1,fast,0
speech/sim/nyc1/fast/south2.wav,nyc1,fast,0
speech/sim/nyc1/fast/stand1.wav,nyc1,fast,0
speech/sim/nyc1/fast/stand2.wav,nyc1,fast,0
speech/sim/nyc1/fast/steer1.wav,nyc1,fast,0
speech/sim/nyc1/fast/steer2.wav,nyc1,fast,0
speech/sim/nyc1/fast/strafe1.wav,nyc1,fast,0
speech/sim/nyc1/fast/strafe2.wav,nyc1,fast,0
speech/sim/nyc1/fast/ten1.wav,nyc1,fast,0
speech/sim/nyc1/fast/ten2.wav,nyc1,fast,0
speech/sim/nyc1/fast/thirty1.wav,nyc1,fast,0
speech/sim/nyc1/fast/thirty2.wav,nyc1,fast,0
speech/sim/nyc1/fast/three1.wav,nyc1,fast,0
speech/sim/nyc1/fast/three2.wav,nyc1,fast,0
speech/sim/nyc1/fast/white1.wav,nyc1,fast,0
speech/sim/nyc1/fast/white2.wav,nyc1,fast,0
speech/sim/nyc1/fast/wide1.wav,nyc1,fast,0
speech/sim/nyc1/fast/wide2.wav,nyc1,fast,0
speech/sim/nyc1/fast/zero1.wav,nyc1,fast,0
speech/sim/nyc1/fast/zero2.wav,nyc1,fast,0
speech/sim/nyc1/lombard/break1.wav,nyc1,lombard,1
speech/sim/nyc1/lombard/break2.wav,nyc1,lombard,1
speech/sim/nyc1/lombard/change1.wav,nyc1,lombard,1
speech/sim/nyc1/lombard/change2.wav,nyc1,lombard,1
speech/sim/nyc1/lombard/degree1.wav,nyc1,lombard,1
speech/sim/nyc1/lombard/degree2.wav,nyc1,lombard,1
speech/sim/nyc1/lombard/destin1.wav,nyc1,lombard,1
speech/sim/nyc1/lombard/destin2.wav,nyc1,lombard,1
speech/sim/nyc1/lombard/east1.wav,nyc1,lombard,1
speech/sim/nyc1/lombard/east2.wav,nyc1,lombard,1
speech/sim/nyc1/lombard/eight1.wav,nyc1,lombard,1
speech/sim/nyc1/lombard/eight2.wav,nyc1,lombard,1
speech/sim/nyc1/lombard/eighty1.wav,nyc1,lombard,1
speech/sim/nyc1/lombard/eighty2.wav,nyc1,lombard,1
speech/sim/nyc1/lombard/enter1.wav,nyc1,lombard,1
speech/sim/nyc1/lombard/enter2.wav,nyc1,lombard,1
speech/sim/nyc1/lombard/fifty1.wav,nyc1,lombard,1
speech/sim/nyc1/lombard/fifty2.wav,nyc1,lombard,1
speech/sim/nyc1/lombard/fix1.wav,nyc1,lombard,1
speech/sim/nyc1/lombard/fix2.wav,nyc1,lombard,1
speech/sim/nyc1/lombard/freeze1.wav,nyc1,lombard,1
speech/sim/nyc1/lombard/freeze2.wav,nyc1,lombard,1
speech/sim/nyc1/lombard/gain1.wav,nyc1,lombard,1
speech/sim/nyc1/lombard/gain2.wav,nyc1,lombard,1
speech/sim/nyc1/lombard/go1.wav,nyc1,lombard,1
speech/sim/nyc1/lombard/go2.wav,nyc1,lombard,1
speech/sim/nyc1/lombard/hello1.wav,nyc1,lombard,1
speech/sim/nyc1/lombard/hello2.wav,nyc1,lombard,1
speech/sim/nyc1/lombard/help1.wav,nyc1,lombard,1
speech/sim/nyc1/lombard/help2.wav,nyc1,lombard,1
speech/sim/nyc1/lombard/histog1.wav,nyc1,lombard,1
speech/sim/nyc1/lombard/histog2.wav,nyc1,lombard,1
speech/sim/nyc1/lombard/hot1.wav,nyc1,lombard,1
speech/sim/nyc1/lombard/hot2.wav,nyc1,lombard,1
speech/sim/nyc1/lombard/mark1.wav,nyc1,lombard,1
speech/sim/nyc1/lombard/mark2.wav,nyc1,lombard,1
speech/sim/nyc1/lombard/nav1.wav,nyc1,lombard,1
speech/sim/nyc1/lombard/nav2.wav,nyc1,lombard,1
speech/sim/nyc1/lombard/no1.wav,nyc1,lombard,1
speech/sim/nyc1/lombard/no2.wav,nyc1,lombard,1
speech/sim/nyc1/lombard/oh1.wav,nyc1,lombard,1
speech/sim/nyc1/lombard/oh2.wav,nyc1,lombard,1
speech/sim/nyc1/lombard/on1.wav,nyc1,lombard,1
speech/sim/nyc1/lombard/on2.wav,nyc1,lombard,1
speech/sim/nyc1/lombard/out1.wav,nyc1,lombard,1
speech/sim/nyc1/lombard/out2.wav,nyc1,lombard,1
speech/sim/nyc1/lombard/point1.wav,nyc1,lombard,1
speech/sim/nyc1/lombard/point2.wav,nyc1,lombard,1
speech/sim/nyc1/lombard/six1.wav,nyc1,lombard,1
speech/sim/nyc1/lombard/six2.wav,nyc1,lombard,1
speech/sim/nyc1/lombard/south1.wav,nyc1,lombard,1
speech/sim/nyc1/lombard/south2.wav,nyc1,lombard,1
speech/sim/nyc1/lombard/stand1.wav,nyc1,lombard,1
speech/sim/nyc1/lombard/stand2.wav,nyc1,lombard,1
speech/sim/nyc1/lombard/steer1.wav,nyc1,lombard,1
speech/sim/nyc1/lombard/steer2.wav,nyc1,lombard,1
speech/sim/nyc1/lombard/strafe1.wav,nyc1,lombard,1
speech/sim/nyc1/lombard/strafe2.wav,nyc1,lombard,1
speech/sim/nyc1/lombard/ten1.wav,nyc1,lombard,1
speech/sim/nyc1/lombard/ten2.wav,nyc1,lombard,1
speech/sim/nyc1/lombard/thirty1.wav,nyc1,lombard,1
speech/sim/nyc1/lombard/thirty2.wav,nyc1,lombard,1
speech/sim/nyc1/lombard/three1.wav,nyc1,lombard,1
speech/sim/nyc1/lombard/three2.wav,nyc1,lombard,1
speech/sim/nyc1/lombard/white1.wav,nyc1,lombard,1
speech/sim/nyc1/lombard/white2.wav,nyc1,lombard,1
speech/sim/nyc1/lombard/wide1.wav,nyc1,lombard,1
speech/sim/nyc1/lombard/wide2.wav,nyc1,lombard,1
speech/sim/nyc1/lombard/zero1.wav,nyc1,lombard,1
speech/sim/nyc1/lombard/zero2.wav,nyc1,lombard,1
speech/sim/nyc1/loud/break1.wav,nyc1,loud,1
speech/sim/nyc1/loud/break2.wav,nyc1,loud,1
speech/sim/nyc1/loud/change1.wav,nyc1,loud,1
speech/sim/nyc1/loud/change2.wav,nyc1,loud,1
speech/sim/nyc1/loud/degree1.wav,nyc1,loud,1
speech/sim/nyc1/loud/degree2.wav,nyc1,loud,1
speech/sim/nyc1/loud/destin1.wav,nyc1,loud,1
speech/sim/nyc1/loud/destin2.wav,nyc1,loud,1
speech/sim/nyc1/loud/east1.wav,nyc1,loud,1
speech/sim/nyc1/loud/east2.wav,nyc1,loud,1
speech/sim/nyc1/loud/eight1.wav,nyc1,loud,1
speech/sim/nyc1/loud/eight2.wav,nyc1,loud,1
speech/sim/nyc1/loud/eighty1.wav,nyc1,loud,1
speech/sim/nyc1/loud/eighty2.wav,nyc1,loud,1
speech/sim/nyc1/loud/enter1.wav,nyc1,loud,1
speech/sim/nyc1/loud/enter2.wav,nyc1,loud,1
speech/sim/nyc1/loud/fifty1.wav,nyc1,loud,1
speech/sim/nyc1/loud/fifty2.wav,nyc1,loud,1
speech/sim/nyc1/loud/fix1.wav,nyc1,loud,1
speech/sim/nyc1/loud/fix2.wav,nyc1,loud,1
speech/sim/nyc1/loud/freeze1.wav,nyc1,loud,1
speech/sim/nyc1/loud/freeze2.wav,nyc1,loud,1
speech/sim/nyc1/loud/gain1.wav,nyc1,loud,1
speech/sim/nyc1/loud/gain2.wav,nyc1,loud,1
speech/sim/nyc1/loud/go1.wav,nyc1,loud,1
speech/sim/nyc1/loud/go2.wav,nyc1,loud,1
speech/sim/nyc1/loud/hello1.wav,nyc1,loud,1
speech/sim/nyc1/loud/hello2.wav,nyc1,loud,1
speech/sim/nyc1/loud/help1.wav,nyc1,loud,1
speech/sim/nyc1/loud/help2.wav,nyc1,loud,1
speech/sim/nyc1/loud/histog1.wav,nyc1,loud,1
speech/sim/nyc1/loud/histog2.wav,nyc1,loud,1
speech/sim/nyc1/loud/hot1.wav,nyc1,loud,1
speech/sim/nyc1/loud/hot2.wav,nyc1,loud,1
speech/sim/nyc1/loud/mark1.wav,nyc1,loud,1
speech/sim/nyc1/loud/mark2.wav,nyc1,loud,1
speech/sim/nyc1/loud/nav1.wav,nyc1,loud,1
speech/sim/nyc1/loud/nav2.wav,nyc1,loud,1
speech/sim/nyc1/loud/no1.wav,nyc1,loud,1
speech/sim/nyc1/loud/no2.wav,nyc1,loud,1
speech/sim/nyc1/loud/oh1.wav,nyc1,loud,1
speech/sim/nyc1/loud/oh2.wav,nyc1,loud,1
speech/sim/nyc1/loud/on1.wav,nyc1,loud,1
speech/sim/nyc1/loud/on2.wav,nyc1,loud,1
speech/sim/nyc1/loud/out1.wav,nyc1,loud,1
speech/sim/nyc1/loud/out2.wav,nyc1,loud,1
speech/sim/nyc1/loud/point1.wav,nyc1,loud,1
speech/sim/nyc1/loud/point2.wav,nyc1,loud,1
speech/sim/nyc1/loud/six1.wav,nyc1,loud,1
speech/sim/nyc1/loud/six2.wav,nyc1,loud,1
speech/sim/nyc1/loud/south1.wav,nyc1,loud,1
speech/sim/nyc1/loud/south2.wav,nyc1,loud,1
speech/sim/nyc1/loud/stand1.wav,nyc1,loud,1
speech/sim/nyc1/loud/stand2.wav,nyc1,loud,1
speech/sim/nyc1/loud/steer1.wav,nyc1,loud,1
speech/sim/nyc1/loud/steer2.wav,nyc1,loud,1
speech/sim/nyc1/loud/strafe1.wav,nyc1,loud,1
speech/sim/nyc1/loud/strafe2.wav,nyc1,loud,1
speech/sim/nyc1/loud/ten1.wav,nyc1,loud,1
speech/sim/nyc1/loud/ten2.wav,nyc1,loud,1
speech/sim/nyc1/loud/thirty1.wav,nyc1,loud,1
speech/sim/nyc1/loud/thirty2.wav,nyc1,loud,1
speech/sim/nyc1/loud/three1.wav,nyc1,loud,1
speech/sim/nyc1/loud/three2.wav,nyc1,loud,1
speech/sim/nyc1/loud/white1.wav,nyc1,loud,1
speech/sim/nyc1/loud/white2.wav,nyc1,loud,1
speech/sim/nyc1/loud/wide1.wav,nyc1,loud,1
speech/sim/nyc1/loud/wide2.wav,nyc1,loud,1
speech/sim/nyc1/loud/zero1.wav,nyc1,loud,1
speech/sim/nyc1/loud/zero2.wav,nyc1,loud,1
speech/sim/nyc1/neutral/break1.wav,nyc1,neutral,0
speech/sim/nyc1/neutral/break2.wav,nyc1,neutral,0
speech/sim/nyc1/neutral/change1.wav,nyc1,neutral,0
speech/sim/nyc1/neutral/change2.wav,nyc1,neutral,0
speech/sim/nyc1/neutral/degree1.wav,nyc1,neutral,0
speech/sim/nyc1/neutral/degree2.wav,nyc1,neutral,0
speech/sim/nyc1/neutral/destin1.wav,nyc1,neutral,0
speech/sim/nyc1/neutral/destin2.wav,nyc1,neutral,0
speech/sim/nyc1/neutral/east1.wav,nyc1,neutral,0
speech/sim/nyc1/neutral/east2.wav,nyc1,neutral,0
speech/sim/nyc1/neutral/eight1.wav,nyc1,neutral,0
speech/sim/nyc1/neutral/eight2.wav,nyc1,neutral,0
speech/sim/nyc1/neutral/eighty1.wav,nyc1,neutral,0
speech/sim/nyc1/neutral/eighty2.wav,nyc1,neutral,0
speech/sim/nyc1/neutral/enter1.wav,nyc1,neutral,0
speech/sim/nyc1/neutral/enter2.wav,nyc1,neutral,0
speech/sim/nyc1/neutral/fifty1.wav,nyc1,neutral,0
speech/sim/nyc1/neutral/fifty2.wav,nyc1,neutral,0
speech/sim/nyc1/neutral/fix1.wav,nyc1,neutral,0
speech/sim/nyc1/neutral/fix2.wav,nyc1,neutral,0
speech/sim/nyc1/neutral/freeze1.wav,nyc1,neutral,0
speech/sim/nyc1/neutral/freeze2.wav,nyc1,neutral,0
speech/sim/nyc1/neutral/gain1.wav,nyc1,neutral,0
speech/sim/nyc1/neutral/gain2.wav,nyc1,neutral,0
speech/sim/nyc1/neutral/go1.wav,nyc1,neutral,0
speech/sim/nyc1/neutral/go2.wav,nyc1,neutral,0
speech/sim/nyc1/neutral/hello1.wav,nyc1,neutral,0
speech/sim/nyc1/neutral/hello2.wav,nyc1,neutral,0
speech/sim/nyc1/neutral/help1.wav,nyc1,neutral,0
speech/sim/nyc1/neutral/help2.wav,nyc1,neutral,0
speech/sim/nyc1/neutral/histog1.wav,nyc1,neutral,0
speech/sim/nyc1/neutral/histog2.wav,nyc1,neutral,0
speech/sim/nyc1/neutral/hot1.wav,nyc1,neutral,0
speech/sim/nyc1/neutral/hot2.wav,nyc1,neutral,0
speech/sim/nyc1/neutral/mark1.wav,nyc1,neutral,0
speech/sim/nyc1/neutral/mark2.wav,nyc1,neutral,0
speech/sim/nyc1/neutral/nav1.wav,nyc1,neutral,0
speech/sim/nyc1/neutral/nav2.wav,nyc1,neutral,0
speech/sim/nyc1/neutral/no1.wav,nyc1,neutral,0
speech/sim/nyc1/neutral/no2.wav,nyc1,neutral,0
speech/sim/nyc1/neutral/oh1.wav,nyc1,neutral,0
speech/sim/nyc1/neutral/oh2.wav,nyc1,neutral,0
speech/sim/nyc1/neutral/on1.wav,nyc1,neutral,0
speech/sim/nyc1/neutral/on2.wav,nyc1,neutral,0
speech/sim/nyc1/neutral/out1.wav,nyc1,neutral,0
speech/sim/nyc1/neutral/out2.wav,nyc1,neutral,0
speech/sim/nyc1/neutral/point1.wav,nyc1,neutral,0
speech/sim/nyc1/neutral/point2.wav,nyc1,neutral,0
speech/sim/nyc1/neutral/six1.wav,nyc1,neutral,0
speech/sim/nyc1/neutral/six2.wav,nyc1,neutral,0
speech/sim/nyc1/neutral/south1.wav,nyc1,neutral,0
speech/sim/nyc1/neutral/south2.wav,nyc1,neutral,0
speech/sim/nyc1/neutral/stand1.wav,nyc1,neutral,0
speech/sim/nyc1/neutral/stand2.wav,nyc1,neutral,0
speech/sim/nyc1/neutral/steer1.wav,nyc1,neutral,0
speech/sim/nyc1/neutral/steer2.wav,nyc1,neutral,0
speech/sim/nyc1/neutral/strafe1.wav,nyc1,neutral,0
speech/sim/nyc1/neutral/strafe2.wav,nyc1,neutral,0
speech/sim/nyc1/neutral/ten1.wav,nyc1,neutral,0
speech/sim/nyc1/neutral/ten2.wav,nyc1,neutral,0
speech/sim/nyc1/neutral/thirty1.wav,nyc1,neutral,0
speech/sim/nyc1/neutral/thirty2.wav,nyc1,neutral,0
speech/sim/nyc1/neutral/three1.wav,nyc1,neutral,0
speech/sim/nyc1/neutral/three2.wav,nyc1,neutral,0
speech/sim/nyc1/neutral/white1.wav,nyc1,neutral,0
speech/sim/nyc1/neutral/white2.wav,nyc1,neutral,0
speech/sim/nyc1/neutral/wide1.wav,nyc1,neutral,0
speech/sim/nyc1/neutral/wide2.wav,nyc1,neutral,0
speech/sim/nyc1/neutral/zero1.wav,nyc1,neutral,0
speech/sim/nyc1/neutral/zero2.wav,nyc1,neutral,0
speech/sim/nyc1/question/break1.wav,nyc1,question,0
speech/sim/nyc1/question/break2.wav,nyc1,question,0
speech/sim/nyc1/question/change1.wav,nyc1,question,0
speech/sim/nyc1/question/change2.wav,nyc1,question,0
speech/sim/nyc1/question/degree1.wav,nyc1,question,0
speech/sim/nyc1/question/degree2.wav,nyc1,question,0
speech/sim/nyc1/question/destin1.wav,nyc1,question,0
speech/sim/nyc1/question/destin2.wav,nyc1,question,0
speech/sim/nyc1/question/east1.wav,nyc1,question,0
speech/sim/nyc1/question/east2.wav,nyc1,question,0
speech/sim/nyc1/question/eight1.wav,nyc1,question,0
speech/sim/nyc1/question/eight2.wav,nyc1,question,0
speech/sim/nyc1/question/eighty1.wav,nyc1,question,0
speech/sim/nyc1/question/eighty2.wav,nyc1,question,0
speech/sim/nyc1/question/enter1.wav,nyc1,question,0
speech/sim/nyc1/question/enter2.wav,nyc1,question,0
speech/sim/nyc1/question/fifty1.wav,nyc1,question,0
speech/sim/nyc1/question/fifty2.wav,nyc1,question,0
speech/sim/nyc1/question/fix1.wav,nyc1,question,0
speech/sim/nyc1/question/fix2.wav,nyc1,question,0
speech/sim/nyc1/question/freeze1.wav,nyc1,question,0
speech/sim/nyc1/question/freeze2.wav,nyc1,question,0
speech/sim/nyc1/question/gain1.wav,nyc1,question,0
speech/sim/nyc1/question/gain2.wav,nyc1,question,0
speech/sim/nyc1/question/go1.wav,nyc1,question,0
speech/sim/nyc1/question/go2.wav,nyc1,question,0
speech/sim/nyc1/question/hello1.wav,nyc1,question,0
speech/sim/nyc1/question/hello2.wav,nyc1,question,0
speech/sim/nyc1/question/help1.wav,nyc1,question,0
speech/sim/nyc1/question/help2.wav,nyc1,question,0
speech/sim/nyc1/question/histog1.wav,nyc1,question,0
speech/sim/nyc1/question/histog2.wav,nyc1,question,0
speech/sim/nyc1/question/hot1.wav,nyc1,question,0
speech/sim/nyc1/question/hot2.wav,nyc1,question,0
speech/sim/nyc1/question/mark1.wav,nyc1,question,0
speech/sim/nyc1/question/mark2.wav,nyc1,question,0
speech/sim/nyc1/question/nav1.wav,nyc1,question,0
speech/sim/nyc1/question/nav2.wav,nyc1,question,0
speech/sim/nyc1/question/no1.wav,nyc1,question,0
speech/sim/nyc1/question/no2.wav,nyc1,question,0
speech/sim/nyc1/question/oh1.wav,nyc1,question,0
speech/sim/nyc1/question/oh2.wav,nyc1,question,0
speech/sim/nyc1/question/on1.wav,nyc1,question,0
speech/sim/nyc1/question/on2.wav,nyc1,question,0
speech/sim/nyc1/question/out1.wav,nyc1,question,0
speech/sim/nyc1/question/out2.wav,nyc1,question,0
speech/sim/nyc1/question/point1.wav,nyc1,question,0
speech/sim/nyc1/question/point2.wav,nyc1,question,0
speech/sim/nyc1/question/six1.wav,nyc1,question,0
speech/sim/nyc1/question/six2.wav,nyc1,question,0
speech/sim/nyc1/question/south1.wav,nyc1,question,0
speech/sim/nyc1/question/south2.wav,nyc1,question,0
speech/sim/nyc1/question/stand1.wav,nyc1,question,0
speech/sim/nyc1/question/stand2.wav,nyc1,question,0
speech/sim/nyc1/question/steer1.wav,nyc1,question,0
speech/sim/nyc1/question/steer2.wav,nyc1,question,0
speech/sim/nyc1/question/strafe1.wav,nyc1,question,0
speech/sim/nyc1/question/strafe2.wav,nyc1,question,0
speech/sim/nyc1/question/ten1.wav,nyc1,question,0
speech/sim/nyc1/question/ten2.wav,nyc1,question,0
speech/sim/nyc1/question/thirty1.wav,nyc1,question,0
speech/sim/nyc1/question/thirty2.wav,nyc1,question,0
speech/sim/nyc1/question/three1.wav,nyc1,question,0
speech/sim/nyc1/question/three2.wav,nyc1,question,0
speech/sim/nyc1/question/white1.wav,nyc1,question,0
speech/sim/nyc1/question/white2.wav,nyc1,question,0
speech/sim/nyc1/question/wide1.wav,nyc1,question,0
speech/sim/nyc1/question/wide2.wav,nyc1,question,0
speech/sim/nyc1/question/zero1.wav,nyc1,question,0
speech/sim/nyc1/question/zero2.wav,nyc1,question,0
speech/sim/nyc1/slow/break1.wav,nyc1,slow,0
speech/sim/nyc1/slow/break2.wav,nyc1,slow,0
speech/sim/nyc1/slow/change1.wav,nyc1,slow,0
speech/sim/nyc1/slow/change2.wav,nyc1,slow,0
speech/sim/nyc1/slow/degree1.wav,nyc1,slow,0
speech/sim/nyc1/slow/degree2.wav,nyc1,slow,0
speech/sim/nyc1/slow/destin1.wav,nyc1,slow,0
speech/sim/nyc1/slow/destin2.wav,nyc1,slow,0
speech/sim/nyc1/slow/east1.wav,nyc1,slow,0
speech/sim/nyc1/slow/east2.wav,nyc1,slow,0
speech/sim/nyc1/slow/eight1.wav,nyc1,slow,0
speech/sim/nyc1/slow/eight2.wav,nyc1,slow,0
speech/sim/nyc1/slow/eighty1.wav,nyc1,slow,0
speech/sim/nyc1/slow/eighty2.wav,nyc1,slow,0
speech/sim/nyc1/slow/enter1.wav,nyc1,slow,0
speech/sim/nyc1/slow/enter2.wav,nyc1,slow,0
speech/sim/nyc1/slow/fifty1.wav,nyc1,slow,0
speech/sim/nyc1/slow/fifty2.wav,nyc1,slow,0
speech/sim/nyc1/slow/fix1.wav,nyc1,slow,0
speech/sim/nyc1/slow/fix2.wav,nyc1,slow,0
speech/sim/nyc1/slow/freeze1.wav,nyc1,slow,0
speech/sim/nyc1/slow/freeze2.wav,nyc1,slow,0
speech/sim/nyc1/slow/gain1.wav,nyc1,slow,0
speech/sim/nyc1/slow/gain2.wav,nyc1,slow,0
speech/sim/nyc1/slow/go1.wav,nyc1,slow,0
speech/sim/nyc1/slow/go2.wav,nyc1,slow,0
speech/sim/nyc1/slow/hello1.wav,nyc1,slow,0
speech/sim/nyc1/slow/hello2.wav,nyc1,slow,0
speech/sim/nyc1/slow/help1.wav,nyc1,slow,0
speech/sim/nyc1/slow/help2.wav,nyc1,slow,0
speech/sim/nyc1/slow/histog1.wav,nyc1,slow,0
speech/sim/nyc1/slow/histog2.wav,nyc1,slow,0
speech/sim/nyc1/slow/hot1.wav,nyc1,slow,0
speech/sim/nyc1/slow/hot2.wav,nyc1,slow,0
speech/sim/nyc1/slow/mark1.wav,nyc1,slow,0
speech/sim/nyc1/slow/mark2.wav,nyc1,slow,0
speech/sim/nyc1/slow/nav1.wav,nyc1,slow,0
speech/sim/nyc1/slow/nav2.wav,nyc1,slow,0
speech/sim/nyc1/slow/no1.wav,nyc1,slow,0
speech/sim/nyc1/slow/no2.wav,nyc1,slow,0
speech/sim/nyc1/slow/oh1.wav,nyc1,slow,0
speech/sim/nyc1/slow/oh2.wav,nyc1,slow,0
speech/sim/nyc1/slow/on1.wav,nyc1,slow,0
speech/sim/nyc1/slow/on2.wav,nyc1,slow,0
speech/sim/nyc1/slow/out1.wav,nyc1,slow,0
speech/sim/nyc1/slow/out2.wav,nyc1,slow,0
speech/sim/nyc1/slow/point1.wav,nyc1,slow,0
speech/sim/nyc1/slow/point2.wav,nyc1,slow,0
speech/sim/nyc1/slow/six1.wav,nyc1,slow,0
speech/sim/nyc1/slow/six2.wav,nyc1,slow,0
speech/sim/nyc1/slow/south1.wav,nyc1,slow,0
speech/sim/nyc1/slow/south2.wav,nyc1,slow,0
speech/sim/nyc1/slow/stand1.wav,nyc1,slow,0
speech/sim/nyc1/slow/stand2.wav,nyc1,slow,0
speech/sim/nyc1/slow/steer1.wav,nyc1,slow,0
speech/sim/nyc1/slow/steer2.wav,nyc1,slow,0
speech/sim/nyc1/slow/strafe1.wav,nyc1,slow,0
speech/sim/nyc1/slow/strafe2.wav,nyc1,slow,0
speech/sim/nyc1/slow/ten1.wav,nyc1,slow,0
speech/sim/nyc1/slow/ten2.wav,nyc1,slow,0
speech/sim/nyc1/slow/thirty1.wav,nyc1,slow,0
speech/sim/nyc1/slow/thirty2.wav,nyc1,slow,0
speech/sim/nyc1/slow/three1.wav,nyc1,slow,0
speech/sim/nyc1/slow/three2.wav,nyc1,slow,0
speech/sim/nyc1/slow/white1.wav,nyc1,slow,0
speech/sim/nyc1/slow/white2.wav,nyc1,slow,0
speech/sim/nyc1/slow/wide1.wav,nyc1,slow,0
speech/sim/nyc1/slow/wide2.wav,nyc1,slow,0
speech/sim/nyc1/slow/zero1.wav,nyc1,slow,0
speech/sim/nyc1/slow/zero2.wav,nyc1,slow,0
speech/sim/nyc1/soft/break1.wav,nyc1,soft,0
speech/sim/nyc1/soft/break2.wav,nyc1,soft,0
speech/sim/nyc1/soft/change1.wav,nyc1,soft,0
speech/sim/nyc1/soft/change2.wav,nyc1,soft,0
speech/sim/nyc1/soft/degree1.wav,nyc1,soft,0
speech/sim/nyc1/soft/degree2.wav,nyc1,soft,0
speech/sim/nyc1/soft/destin1.wav,nyc1,soft,0
speech/sim/nyc1/soft/destin2.wav,nyc1,soft,0
speech/sim/nyc1/soft/east1.wav,nyc1,soft,0
speech/sim/nyc1/soft/east2.wav,nyc1,soft,0
speech/sim/nyc1/soft/eight1.wav,nyc1,soft,0
speech/sim/nyc1/soft/eight2.wav,nyc1,soft,0
speech/sim/nyc1/soft/eighty1.wav,nyc1,soft,0
speech/sim/nyc1/soft/eighty2.wav,nyc1,soft,0
speech/sim/nyc1/soft/enter1.wav,nyc1,soft,0
speech/sim/nyc1/soft/enter2.wav,nyc1,soft,0
speech/sim/nyc1/soft/fifty1.wav,nyc1,soft,0
speech/sim/nyc1/soft/fifty2.wav,nyc1,soft,0
speech/sim/nyc1/soft/fix1.wav,nyc1,soft,0
speech/sim/nyc1/soft/fix2.wav,nyc1,soft,0
speech/sim/nyc1/soft/freeze1.wav,nyc1,soft,0
speech/sim/nyc1/soft/freeze2.wav,nyc1,soft,0
speech/sim/nyc1/soft/gain1.wav,nyc1,soft,0
speech/sim/nyc1/soft/gain2.wav,nyc1,soft,0
speech/sim/nyc1/soft/go1.wav,nyc1,soft,0
speech/sim/nyc1/soft/go2.wav,nyc1,soft,0
speech/sim/nyc1/soft/hello1.wav,nyc1,soft,0
speech/sim/nyc1/soft/hello2.wav,nyc1,soft,0
speech/sim/nyc1/soft/help1.wav,nyc1,soft,0
speech/sim/nyc1/soft/help2.wav,nyc1,soft,0
speech/sim/nyc1/soft/histog1.wav,nyc1,soft,0
speech/sim/nyc1/soft/histog2.wav,nyc1,soft,0
speech/sim/nyc1/soft/hot1.wav,nyc1,soft,0
speech/sim/nyc1/soft/hot2.wav,nyc1,soft,0
speech/sim/nyc1/soft/mark1.wav,nyc1,soft,0
speech/sim/nyc1/soft/mark2.wav,nyc1,soft,0
speech/sim/nyc1/soft/nav1.wav,nyc1,soft,0
speech/sim/nyc1/soft/nav2.wav,nyc1,soft,0
speech/sim/nyc1/soft/no1.wav,nyc1,soft,0
speech/sim/nyc1/soft/no2.wav,nyc1,soft,0
speech/sim/nyc1/soft/oh1.wav,nyc1,soft,0
speech/sim/nyc1/soft/oh2.wav,nyc1,soft,0
speech/sim/nyc1/soft/on1.wav,nyc1,soft,0
speech/sim/nyc1/soft/on2.wav,nyc1,soft,0
speech/sim/nyc1/soft/out1.wav,nyc1,soft,0
speech/sim/nyc1/soft/out2.wav,nyc1,soft,0
speech/sim/nyc1/soft/point1.wav,nyc1,soft,0
speech/sim/nyc1/soft/point2.wav,nyc1,soft,0
speech/sim/nyc1/soft/six1.wav,nyc1,soft,0
speech/sim/nyc1/soft/six2.wav,nyc1,soft,0
speech/sim/nyc1/soft/south1.wav,nyc1,soft,0
speech/sim/nyc1/soft/south2.wav,nyc1,soft,0
speech/sim/nyc1/soft/stand1.wav,nyc1,soft,0
speech/sim/nyc1/soft/stand2.wav,nyc1,soft,0
speech/sim/nyc1/soft/steer1.wav,nyc1,soft,0
speech/sim/nyc1/soft/steer2.wav,nyc1,soft,0
speech/sim/nyc1/soft/strafe1.wav,nyc1,soft,0
speech/sim/nyc1/soft/strafe2.wav,nyc1,soft,0
speech/sim/nyc1/soft/ten1.wav,nyc1,soft,0
speech/sim/nyc1/soft/ten2.wav,nyc1,soft,0
speech/sim/nyc1/soft/thirty1.wav,nyc1,soft,0
speech/sim/nyc1/soft/thirty2.wav,nyc1,soft,0
speech/sim/nyc1/soft/three1.wav,nyc1,soft,0
speech/sim/nyc1/soft/three2.wav,nyc1,soft,0
speech/sim/nyc1/soft/white1.wav,nyc1,soft,0
speech/sim/nyc1/soft/white2.wav,nyc1,soft,0
speech/sim/nyc1/soft/wide1.wav,nyc1,soft,0
speech/sim/nyc1/soft/wide2.wav,nyc1,soft,0
speech/sim/nyc1/soft/zero1.wav,nyc1,soft,0
speech/sim/nyc1/soft/zero2.wav,nyc1,soft,0
speech/sim/nyc1/train/break1.wav,nyc1,train,0
speech/sim/nyc1/train/break10.wav,nyc1,train,0
speech/sim/nyc1/train/break11.wav,nyc1,train,0
speech/sim/nyc1/train/break12.wav,nyc1,train,0
speech/sim/nyc1/train/break2.wav,nyc1,train,0
speech/sim/nyc1/train/break3.wav,nyc1,train,0
speech/sim/nyc1/train/break4.wav,nyc1,train,0
speech/sim/nyc1/train/break5.wav,nyc1,train,0
speech/sim/nyc1/train/break6.wav,nyc1,train,0
speech/sim/nyc1/train/break7.wav,nyc1,train,0
speech/sim/nyc1/train/break8.wav,nyc1,train,0
speech/sim/nyc1/train/break9.wav,nyc1,train,0
speech/sim/nyc1/train/change1.wav,nyc1,train,0
speech/sim/nyc1/train/change10.wav,nyc1,train,0
speech/sim/nyc1/train/change11.wav,nyc1,train,0
speech/sim/nyc1/train/change12.wav,nyc1,train,0
speech/sim/nyc1/train/change2.wav,nyc1,train,0
speech/sim/nyc1/train/change3.wav,nyc1,train,0
speech/sim/nyc1/train/change4.wav,nyc1,train,0
speech/sim/nyc1/train/change5.wav,nyc1,train,0
speech/sim/nyc1/train/change6.wav,nyc1,train,0
speech/sim/nyc1/train/change7.wav,nyc1,train,0
speech/sim/nyc1/train/change8.wav,nyc1,train,0
speech/sim/nyc1/train/change9.wav,nyc1,train,0
speech/sim/nyc1/train/degree1.wav,nyc1,train,0
speech/sim/nyc1/train/degree10.wav,nyc1,train,0
speech/sim/nyc1/train/degree11.wav,nyc1,train,0
speech/sim/nyc1/train/degree12.wav,nyc1,train,0
speech/sim/nyc1/train/degree2.wav,nyc1,train,0
speech/sim/nyc1/train/degree3.wav,nyc1,train,0
speech/sim/nyc1/train/degree4.wav,nyc1,train,0
speech/sim/nyc1/train/degree5.wav,nyc1,train,0
speech/sim/nyc1/train/degree6.wav,nyc1,train,0
speech/sim/nyc1/train/degree7.wav,nyc1,train,0
speech/sim/nyc1/train/degree8.wav,nyc1,train,0
speech/sim/nyc1/train/degree9.wav,nyc1,train,0
speech/sim/nyc1/train/destin1.wav,nyc1,train,0
speech/sim/nyc1/train/destin10.wav,nyc1,train,0
speech/sim/nyc1/train/destin11.wav,nyc1,train,0
speech/sim/nyc1/train/destin12.wav,nyc1,train,0
speech/sim/nyc1/train/destin2.wav,nyc1,train,0
speech/sim/nyc1/train/destin3.wav,nyc1,train,0
speech/sim/nyc1/train/destin4.wav,nyc1,train,0
speech/sim/nyc1/train/destin5.wav,nyc1,train,0
speech/sim/nyc1/train/destin6.wav,nyc1,train,0
speech/sim/nyc1/train/destin7.wav,nyc1,train,0
speech/sim/nyc1/train/destin8.wav,nyc1,train,0
speech/sim/nyc1/train/destin9.wav,nyc1,train,0
speech/sim/nyc1/train/east1.wav,nyc1,train,0
speech/sim/nyc1/train/east10.wav,nyc1,train,0
speech/sim/nyc1/train/east11.wav,nyc1,train,0
speech/sim/nyc1/train/east12.wav,nyc1,train,0
speech/sim/nyc1/train/east2.wav,nyc1,train,0
speech/sim/nyc1/train/east3.wav,nyc1,train,0
speech/sim/nyc1/train/east4.wav,nyc1,train,0
speech/sim/nyc1/train/east5.wav,nyc1,train,0
speech/sim/nyc1/train/east6.wav,nyc1,train,0
speech/sim/nyc1/train/east7.wav,nyc1,train,0
speech/sim/nyc1/train/east8.wav,nyc1,train,0
speech/sim/nyc1/train/east9.wav,nyc1,train,0
speech/sim/nyc1/train/eight1.wav,nyc1,train,0
speech/sim/nyc1/train/eight10.wav,nyc1,train,0
speech/sim/nyc1/train/eight11.wav,nyc1,train,0
speech/sim/nyc1/train/eight12.wav,nyc1,train,0
speech/sim/nyc1/train/eight2.wav,nyc1,train,0
speech/sim/nyc1/train/eight3.wav,nyc1,train,0
speech/sim/nyc1/train/eight4.wav,nyc1,train,0
speech/sim/nyc1/train/eight5.wav,nyc1,train,0
speech/sim/nyc1/train/eight6.wav,nyc1,train,0
speech/sim/nyc1/train/eight7.wav,nyc1,train,0
speech/sim/nyc1/train/eight8.wav,nyc1,train,0
speech/sim/nyc1/train/eight9.wav,nyc1,train,0
speech/sim/nyc1/train/eighty1.wav,nyc1,train,0
speech/sim/nyc1/train/eighty10.wav,nyc1,train,0
speech/sim/nyc1/train/eighty11.wav,nyc1,train,0
speech/sim/nyc1/train/eighty12.wav,nyc1,train,0
speech/sim/nyc1/train/eighty2.wav,nyc1,train,0
speech/sim/nyc1/train/eighty3.wav,nyc1,train,0
speech/sim/nyc1/train/eighty4.wav,nyc1,train,0
speech/sim/nyc1/train/eighty5.wav,nyc1,train,0
speech/sim/nyc1/train/eighty6.wav,nyc1,train,0
speech/sim/nyc1/train/eighty7.wav,nyc1,train,0
speech/sim/nyc1/train/eighty8.wav,nyc1,train,0
speech/sim/nyc1/train/eighty9.wav,nyc1,train,0
speech/sim/nyc1/train/enter1.wav,nyc1,train,0
speech/sim/nyc1/train/enter10.wav,nyc1,train,0
speech/sim/nyc1/train/enter11.wav,nyc1,train,0
speech/sim/nyc1/train/enter12.wav,nyc1,train,0
speech/sim/nyc1/train/enter2.wav,nyc1,train,0
speech/sim/nyc1/train/enter3.wav,nyc1,train,0
speech/sim/nyc1/train/enter4.wav,nyc1,train,0
speech/sim/nyc1/train/enter5.wav,nyc1,train,0
speech/sim/nyc1/train/enter6.wav,nyc1,train,0
speech/sim/nyc1/train/enter7.wav,nyc1,train,0
speech/sim/nyc1/train/enter8.wav,nyc1,train,0
speech/sim/nyc1/train/enter9.wav,nyc1,train,0
speech/sim/nyc1/train/fifty1.wav,nyc1,train,0
speech/sim/nyc1/train/fifty10.wav,nyc1,train,0
speech/sim/nyc1/train/fifty11.wav,nyc1,train,0
speech/sim/nyc1/train/fifty12.wav,nyc1,train,0
speech/sim/nyc1/train/fifty2.wav,nyc1,train,0
speech/sim/nyc1/train/fifty3.wav,nyc1,train,0
speech/sim/nyc1/train/fifty4.wav,nyc1,train,0
speech/sim/nyc1/train/fifty5.wav,nyc1,train,0
speech/sim/nyc1/train/fifty6.wav,nyc1,train,0
speech/sim/nyc1/train/fifty7.wav,nyc1,train,0
speech/sim/nyc1/train/fifty8.wav,nyc1,train,0
speech/sim/nyc1/train/fifty9.wav,nyc1,train,0
speech/sim/nyc1/train/fix1.wav,nyc1,train,0
speech/sim/nyc1/train/fix10.wav,nyc1,train,0
speech/sim/nyc1/train/fix11.wav,nyc1,train,0
speech/sim/nyc1/train/fix12.wav,nyc1,train,0
speech/sim/nyc1/train/fix2.wav,nyc1,train,0
speech/sim/nyc1/train/fix3.wav,nyc1,train,0
speech/sim/nyc1/train/fix4.wav,nyc1,train,0
speech/sim/nyc1/train/fix5.wav,nyc1,train,0
speech/sim/nyc1/train/fix6.wav,nyc1,train,0
speech/sim/nyc1/train/fix7.wav,nyc1,train,0
speech/sim/nyc1/train/fix8.wav,nyc1,train,0
speech/sim/nyc1/train/fix9.wav,nyc1,train,0
speech/sim/nyc1/train/freeze1.wav,nyc1,train,0
speech/sim/nyc1/train/freeze10.wav,nyc1,train,0
speech/sim/nyc1/train/freeze11.wav,nyc1,train,0
speech/sim/nyc1/train/freeze12.wav,nyc1,train,0
speech/sim/nyc1/train/freeze2.wav,nyc1,train,0
speech/sim/nyc1/train/freeze3.wav,nyc1,train,0
speech/sim/nyc1/train/freeze4.wav,nyc1,train,0
speech/sim/nyc1/train/freeze5.wav,nyc1,train,0
speech/sim/nyc1/train/freeze6.wav,nyc1,train,0
speech/sim/nyc1/train/freeze7.wav,nyc1,train,0
speech/sim/nyc1/train/freeze8.wav,nyc1,train,0
speech/sim/nyc1/train/freeze9.wav,nyc1,train,0
speech/sim/nyc1/train/gain1.wav,nyc1,train,0
speech/sim/nyc1/train/gain10.wav,nyc1,train,0
speech/sim/nyc1/train/gain11.wav,nyc1,train,0
speech/sim/nyc1/train/gain12.wav,nyc1,train,0
speech/sim/nyc1/train/gain2.wav,nyc1,train,0
speech/sim/nyc1/train/gain3.wav,nyc1,train,0
speech/sim/nyc1/train/gain4.wav,nyc1,train,0
speech/sim/nyc1/train/gain5.wav,nyc1,train,0
speech/sim/nyc1/train/gain6.wav,nyc1,train,0
speech/sim/nyc1/train/gain7.wav,nyc1,train,0
speech/sim/nyc1/train/gain8.wav,nyc1,train,0
speech/sim/nyc1/train/gain9.wav,nyc1,train,0
speech/sim/nyc1/train/go1.wav,nyc1,train,0
speech/sim/nyc1/train/go10.wav,nyc1,train,0
speech/sim/nyc1/train/go11.wav,nyc1,train,0
speech/sim/nyc1/train/go12.wav,nyc1,train,0
speech/sim/nyc1/train/go2.wav,nyc1,train,0
speech/sim/nyc1/train/go3.wav,nyc1,train,0
speech/sim/nyc1/train/go4.wav,nyc1,train,0
speech/sim/nyc1/train/go5.wav,nyc1,train,0
speech/sim/nyc1/train/go6.wav,nyc1,train,0
speech/sim/nyc1/train/go7.wav,nyc1,train,0
speech/sim/nyc1/train/go8.wav,nyc1,train,0
speech/sim/nyc1/train/go9.wav,nyc1,train,0
speech/sim/nyc1/train/hello1.wav,nyc1,train,0
speech/sim/nyc1/train/hello10.wav,nyc1,train,0
speech/sim/nyc1/train/hello11.wav,nyc1,train,0
speech/sim/nyc1/train/hello12.wav,nyc1,train,0
speech/sim/nyc1/train/hello2.wav,nyc1,train,0
speech/sim/nyc1/train/hello3.wav,nyc1,train,0
speech/sim/nyc1/train/hello4.wav,nyc1,train,0
speech/sim/nyc1/train/hello5.wav,nyc1,train,0
speech/sim/nyc1/train/hello6.wav,nyc1,train,0
speech/sim/nyc1/train/hello7.wav,nyc1,train,0
speech/sim/nyc1/train/hello8.wav,nyc1,train,0
speech/sim/nyc1/train/hello9.wav,nyc1,train,0
speech/sim/nyc1/train/help1.wav,nyc1,train,0
speech/sim/nyc1/train/help10.wav,nyc1,train,0
speech/sim/nyc1/train/help11.wav,nyc1,train,0
speech/sim/nyc1/train/help12.wav,nyc1,train,0
speech/sim/nyc1/train/help2.wav,nyc1,train,0
speech/sim/nyc1/train/help3.wav,nyc1,train,0
speech/sim/nyc1/train/help4.wav,nyc1,train,0
speech/sim/nyc1/train/help5.wav,nyc1,train,0
speech/sim/nyc1/train/help6.wav,nyc1,train,0
speech/sim/nyc1/train/help7.wav,nyc1,train,0
speech/sim/nyc1/train/help8.wav,nyc1,train,0
speech/sim/nyc1/train/help9.wav,nyc1,train,0
speech/sim/nyc1/train/histog1.wav,nyc1,train,0
speech/sim/nyc1/train/histog10.wav,nyc1,train,0
speech/sim/nyc1/train/histog11.wav,nyc1,train,0
speech/sim/nyc1/train/histog12.wav,nyc1,train,0
speech/sim/nyc1/train/histog2.wav,nyc1,train,0
speech/sim/nyc1/train/histog3.wav,nyc1,train,0
speech/sim/nyc1/train/histog4.wav,nyc1,train,0
speech/sim/nyc1/train/histog5.wav,nyc1,train,0
speech/sim/nyc1/train/histog6.wav,nyc1,train,0
speech/sim/nyc1/train/histog7.wav,nyc1,train,0
speech/sim/nyc1/train/histog8.wav,nyc1,train,0
speech/sim/nyc1/train/histog9.wav,nyc1,train,0
speech/sim/nyc1/train/hot1.wav,nyc1,train,0
speech/sim/nyc1/train/hot10.wav,nyc1,train,0
speech/sim/nyc1/train/hot11.wav,nyc1,train,0
speech/sim/nyc1/train/hot12.wav,nyc1,train,0
speech/sim/nyc1/train/hot2.wav,nyc1,train,0
speech/sim/nyc1/train/hot3.wav,nyc1,train,0
speech/sim/nyc1/train/hot4.wav,nyc1,train,0
speech/sim/nyc1/train/hot5.wav,nyc1,train,0
speech/sim/nyc1/train/hot6.wav,nyc1,train,0
speech/sim/nyc1/train/hot7.wav,nyc1,train,0
speech/sim/nyc1/train/hot8.wav,nyc1,train,0
speech/sim/nyc1/train/hot9.wav,nyc1,train,0
speech/sim/nyc1/train/mark1.wav,nyc1,train,0
speech/sim/nyc1/train/mark10.wav,nyc1,train,0
speech/sim/nyc1/train/mark11.wav,nyc1,train,0
speech/sim/nyc1/train/mark12.wav,nyc1,train,0
speech/sim/nyc1/train/mark2.wav,nyc1,train,0
speech/sim/nyc1/train/mark3.wav,nyc1,train,0
speech/sim/nyc1/train/mark4.wav,nyc1,train,0
speech/sim/nyc1/train/mark5.wav,nyc1,train,0
speech/sim/nyc1/train/mark6.wav,nyc1,train,0
speech/sim/nyc1/train/mark7.wav,nyc1,train,0
speech/sim/nyc1/train/mark8.wav,nyc1,train,0
speech/sim/nyc1/train/mark9.wav,nyc1,train,0
speech/sim/nyc1/train/nav1.wav,nyc1,train,0
speech/sim/nyc1/train/nav10.wav,nyc1,train,0
speech/sim/nyc1/train/nav11.wav,nyc1,train,0
speech/sim/nyc1/train/nav12.wav,nyc1,train,0
speech/sim/nyc1/train/nav2.wav,nyc1,train,0
speech/sim/nyc1/train/nav3.wav,nyc1,train,0
speech/sim/nyc1/train/nav4.wav,nyc1,train,0
speech/sim/nyc1/train/nav5.wav,nyc1,train,0
speech/sim/nyc1/train/nav6.wav,nyc1,train,0
speech/sim/nyc1/train/nav7.wav,nyc1,train,0
speech/sim/nyc1/train/nav8.wav,nyc1,train,0
speech/sim/nyc1/train/nav9.wav,nyc1,train,0
speech/sim/nyc1/train/no1.wav,nyc1,train,0
speech/sim/nyc1/train/no10.wav,nyc1,train,0
speech/sim/nyc1/train/no11.wav,nyc1,train,0
speech/sim/nyc1/train/no12.wav,nyc1,train,0
speech/sim/nyc1/train/no2.wav,nyc1,train,0
speech/sim/nyc1/train/no3.wav,nyc1,train,0
speech/sim/nyc1/train/no4.wav,nyc1,train,0
speech/sim/nyc1/train/no5.wav,nyc1,train,0
speech/sim/nyc1/train/no6.wav,nyc1,train,0
speech/sim/nyc1/train/no7.wav,nyc1,train,0
speech/sim/nyc1/train/no8.wav,nyc1,train,0
speech/sim/nyc1/train/no9.wav,nyc1,train,0
speech/sim/nyc1/train/oh1.wav,nyc1,train,0
speech/sim/nyc1/train/oh10.wav,nyc1,train,0
speech/sim/nyc1/train/oh11.wav,nyc1,train,0
speech/sim/nyc1/train/oh12.wav,nyc1,train,0
speech/sim/nyc1/train/oh2.wav,nyc1,train,0
speech/sim/nyc1/train/oh3.wav,nyc1,train,0
speech/sim/nyc1/train/oh4.wav,nyc1,train,0
speech/sim/nyc1/train/oh5.wav,nyc1,train,0
speech/sim/nyc1/train/oh6.wav,nyc1,train,0
speech/sim/nyc1/train/oh7.wav,nyc1,train,0
speech/sim/nyc1/train/oh8.wav,nyc1,train,0
speech/sim/nyc1/train/oh9.wav,nyc1,train,0
speech/sim/nyc1/train/on1.wav,nyc1,train,0
speech/sim/nyc1/train/on10.wav,nyc1,train,0
speech/sim/nyc1/train/on11.wav,nyc1,train,0
speech/sim/nyc1/train/on12.wav,nyc1,train,0
speech/sim/nyc1/train/on2.wav,nyc1,train,0
speech/sim/nyc1/train/on3.wav,nyc1,train,0
speech/sim/nyc1/train/on4.wav,nyc1,train,0
speech/sim/nyc1/train/on5.wav,nyc1,train,0
speech/sim/nyc1/train/on6.wav,nyc1,train,0
speech/sim/nyc1/train/on7.wav,nyc1,train,0
speech/sim/nyc1/train/on8.wav,nyc1,train,0
speech/sim/nyc1/train/on9.wav,nyc1,train,0
speech/sim/nyc1/train/out1.wav,nyc1,train,0
speech/sim/nyc1/train/out10.wav,nyc1,train,0
speech/sim/nyc1/train/out11.wav,nyc1,train,0
speech/sim/nyc1/train/out12.wav,nyc1,train,0
speech/sim/nyc1/train/out2.wav,nyc1,train,0
speech/sim/nyc1/train/out3.wav,nyc1,train,0
speech/sim/nyc1/train/out4.wav,nyc1,train,0
speech/sim/nyc1/train/out5.wav,nyc1,train,0
speech/sim/nyc1/train/out6.wav,nyc1,train,0
speech/sim/nyc1/train/out7.wav,nyc1,train,0
speech/sim/nyc1/train/out8.wav,nyc1,train,0
speech/sim/nyc1/train/out9.wav,nyc1,train,0
speech/sim/nyc1/train/point1.wav,nyc1,train,0
speech/sim/nyc1/train/point10.wav,nyc1,train,0
speech/sim/nyc1/train/point11.wav,nyc1,train,0
speech/sim/nyc1/train/point12.wav,nyc1,train,0
speech/sim/nyc1/train/point2.wav,nyc1,train,0
speech/sim/nyc1/train/point3.wav,nyc1,train,0
speech/sim/nyc1/train/point4.wav,nyc1,train,0
speech/sim/nyc1/train/point5.wav,nyc1,train,0
speech/sim/nyc1/train/point6.wav,nyc1,train,0
speech/sim/nyc1/train/point7.wav,nyc1,train,0
speech/sim/nyc1/train/point8.wav,nyc1,train,0
speech/sim/nyc1/train/point9.wav,nyc1,train,0
speech/sim/nyc1/train/six1.wav,nyc1,train,0
speech/sim/nyc1/train/six10.wav,nyc1,train,0
speech/sim/nyc1/train/six11.wav,nyc1,train,0
speech/sim/nyc1/train/six12.wav,nyc1,train,0
speech/sim/nyc1/train/six2.wav,nyc1,train,0
speech/sim/nyc1/train/six3.wav,nyc1,train,0
speech/sim/nyc1/train/six4.wav,nyc1,train,0
speech/sim/nyc1/train/six5.wav,nyc1,train,0
speech/sim/nyc1/train/six6.wav,nyc1,train,0
speech/sim/nyc1/train/six7.wav,nyc1,train,0
speech/sim/nyc1/train/six8.wav,nyc1,train,0
speech/sim/nyc1/train/six9.wav,nyc1,train,0
speech/sim/nyc1/train/south1.wav,nyc1,train,0
speech/sim/nyc1/train/south10.wav,nyc1,train,0
speech/sim/nyc1/train/south11.wav,nyc1,train,0
speech/sim/nyc1/train/south12.wav,nyc1,train,0
speech/sim/nyc1/train/south2.wav,nyc1,train,0
speech/sim/nyc1/train/south3.wav,nyc1,train,0
speech/sim/nyc1/train/south4.wav,nyc1,train,0
speech/sim/nyc1/train/south5.wav,nyc1,train,0
speech/sim/nyc1/train/south6.wav,nyc1,train,0
speech/sim/nyc1/train/south7.wav,nyc1,train,0
speech/sim/nyc1/train/south8.wav,nyc1,train,0
speech/sim/nyc1/train/south9.wav,nyc1,train,0
speech/sim/nyc1/train/stand1.wav,nyc1,train,0
speech/sim/nyc1/train/stand10.wav,nyc1,train,0
speech/sim/nyc1/train/stand11.wav,nyc1,train,0
speech/sim/nyc1/train/stand12.wav,nyc1,train,0
speech/sim/nyc1/train/stand2.wav,nyc1,train,0
speech/sim/nyc1/train/stand3.wav,nyc1,train,0
speech/sim/nyc1/train/stand4.wav,nyc1,train,0
speech/sim/nyc1/train/stand5.wav,nyc1,train,0
speech/sim/nyc1/train/stand6.wav,nyc1,train,0
speech/sim/nyc1/train/stand7.wav,nyc1,train,0
speech/sim/nyc1/train/stand8.wav,nyc1,train,0
speech/sim/nyc1/train/stand9.wav,nyc1,train,0
speech/sim/nyc1/train/steer1.wav,nyc1,train,0
speech/sim/nyc1/train/steer10.wav,nyc1,train,0
speech/sim/nyc1/train/steer11.wav,nyc1,train,0
speech/sim/nyc1/train/steer12.wav,nyc1,train,0
speech/sim/nyc1/train/steer2.wav,nyc1,train,0
speech/sim/nyc1/train/steer3.wav,nyc1,train,0
speech/sim/nyc1/train/steer4.wav,nyc1,train,0
speech/sim/nyc1/train/steer5.wav,nyc1,train,0
speech/sim/nyc1/train/steer6.wav,nyc1,train,0
speech/sim/nyc1/train/steer7.wav,nyc1,train,0
speech/sim/nyc1/train/steer8.wav,nyc1,train,0
speech/sim/nyc1/train/steer9.wav,nyc1,train,0
speech/sim/nyc1/train/strafe1.wav,nyc1,train,0
speech/sim/nyc1/train/strafe10.wav,nyc1,train,0
speech/sim/nyc1/train/strafe11.wav,nyc1,train,0
speech/sim/nyc1/train/strafe12.wav,nyc1,train,0
speech/sim/nyc1/train/strafe2.wav,nyc1,train,0
speech/sim/nyc1/train/strafe3.wav,nyc1,train,0
speech/sim/nyc1/train/strafe4.wav,nyc1,train,0
speech/sim/nyc1/train/strafe5.wav,nyc1,train,0
speech/sim/nyc1/train/strafe6.wav,nyc1,train,0
speech/sim/nyc1/train/strafe7.wav,nyc1,train,0
speech/sim/nyc1/train/strafe8.wav,nyc1,train,0
speech/sim/nyc1/train/strafe9.wav,nyc1,train,0
speech/sim/nyc1/train/ten1.wav,nyc1,train,0
speech/sim/nyc1/train/ten10.wav,nyc1,train,0
speech/sim/nyc1/train/ten11.wav,nyc1,train,0
speech/sim/nyc1/train/ten12.wav,nyc1,train,0
speech/sim/nyc1/train/ten2.wav,nyc1,train,0
speech/sim/nyc1/train/ten3.wav,nyc1,train,0
speech/sim/nyc1/train/ten4.wav,nyc1,train,0
speech/sim/nyc1/train/ten5.wav,nyc1,train,0
speech/sim/nyc1/train/ten6.wav,nyc1,train,0
speech/sim/nyc1/train/ten7.wav,nyc1,train,0
speech/sim/nyc1/train/ten8.wav,nyc1,train,0
speech/sim/nyc1/train/ten9.wav,nyc1,train,0
speech/sim/nyc1/train/thirty1.wav,nyc1,train,0
speech/sim/nyc1/train/thirty10.wav,nyc1,train,0
speech/sim/nyc1/train/thirty11.wav,nyc1,train,0
speech/sim/nyc1/train/thirty12.wav,nyc1,train,0
speech/sim/nyc1/train/thirty2.wav,nyc1,train,0
speech/sim/nyc1/train/thirty3.wav,nyc1,train,0
speech/sim/nyc1/train/thirty4.wav,nyc1,train,0
speech/sim/nyc1/train/thirty5.wav,nyc1,train,0
speech/sim/nyc1/train/thirty6.wav,nyc1,train,0
speech/sim/nyc1/train/thirty7.wav,nyc1,train,0
speech/sim/nyc1/train/thirty8.wav,nyc1,train,0
speech/sim/nyc1/train/thirty9.wav,nyc1,train,0
speech/sim/nyc1/train/three1.wav,nyc1,train,0
speech/sim/nyc1/train/three10.wav,nyc1,train,0
speech/sim/nyc1/train/three11.wav,nyc1,train,0
speech/sim/nyc1/train/three12.wav,nyc1,train,0
speech/sim/nyc1/train/three2.wav,nyc1,train,0
speech/sim/nyc1/train/three3.wav,nyc1,train,0
speech/sim/nyc1/train/three4.wav,nyc1,train,0
speech/sim/nyc1/train/three5.wav,nyc1,train,0
speech/sim/nyc1/train/three6.wav,nyc1,train,0
speech/sim/nyc1/train/three7.wav,nyc1,train,0
speech/sim/nyc1/train/three8.wav,nyc1,train,0
speech/sim/nyc1/train/three9.wav,nyc1,train,0
speech/sim/nyc1/train/white1.wav,nyc1,train,0
speech/sim/nyc1/train/white10.wav,nyc1,train,0
speech/sim/nyc1/train/white11.wav,nyc1,train,0
speech/sim/nyc1/train/white12.wav,nyc1,train,0
speech/sim/nyc1/train/white2.wav,nyc1,train,0
speech/sim/nyc1/train/white3.wav,nyc1,train,0
speech/sim/nyc1/train/white4.wav,nyc1,train,0
speech/sim/nyc1/train/white5.wav,nyc1,train,0
speech/sim/nyc1/train/white6.wav,nyc1,train,0
speech/sim/nyc1/train/white7.wav,nyc1,train,0
speech/sim/nyc1/train/white8.wav,nyc1,train,0
speech/sim/nyc1/train/white9.wav,nyc1,train,0
speech/sim/nyc1/train/wide1.wav,nyc1,train,0
speech/sim/nyc1/train/wide10.wav,nyc1,train,0
speech/sim/nyc1/train/wide11.wav,nyc1,train,0
speech/sim/nyc1/train/wide12.wav,nyc1,train,0
speech/sim/nyc1/train/wide2.wav,nyc1,train,0
speech/sim/nyc1/train/wide3.wav,nyc1,train,0
speech/sim/nyc1/train/wide4.wav,nyc1,train,0
speech/sim/nyc1/train/wide5.wav,nyc1,train,0
speech/sim/nyc1/train/wide6.wav,nyc1,train,0
speech/sim/nyc1/train/wide7.wav,nyc1,train,0
speech/sim/nyc1/train/wide8.wav,nyc1,train,0
speech/sim/nyc1/train/wide9.wav,nyc1,train,0
speech/sim/nyc1/train/zero1.wav,nyc1,train,0
speech/sim/nyc1/train/zero10.wav,nyc1,train,0
speech/sim/nyc1/train/zero11.wav,nyc1,train,0
speech/sim/nyc1/train/zero12.wav,nyc1,train,0
speech/sim/nyc1/train/zero2.wav,nyc1,train,0
speech/sim/nyc1/train/zero3.wav,nyc1,train,0
speech/sim/nyc1/train/zero4.wav,nyc1,train,0
speech/sim/nyc1/train/zero5.wav,nyc1,train,0
speech/sim/nyc1/train/zero6.wav,nyc1,train,0
speech/sim/nyc1/train/zero7.wav,nyc1,train,0
speech/sim/nyc1/train/zero8.wav,nyc1,train,0
speech/sim/nyc1/train/zero9.wav,nyc1,train,0
speech/sim/nyc2/angry/break1.wav,nyc2,angry,2
speech/sim/nyc2/angry/break2.wav,nyc2,angry,2
speech/sim/nyc2/angry/change1.wav,nyc2,angry,2
speech/sim/nyc2/angry/change2.wav,nyc2,angry,2
speech/sim/nyc2/angry/degree1.wav,nyc2,angry,2
speech/sim/nyc2/angry/degree2.wav,nyc2,angry,2
speech/sim/nyc2/angry/destin1.wav,nyc2,angry,2
speech/sim/nyc2/angry/destin2.wav,nyc2,angry,2
speech/sim/nyc2/angry/east1.wav,nyc2,angry,2
speech/sim/nyc2/angry/east2.wav,nyc2,angry,2
speech/sim/nyc2/angry/eight1.wav,nyc2,angry,2
speech/sim/nyc2/angry/eight2.wav,nyc2,angry,2
speech/sim/nyc2/angry/eighty1.wav,nyc2,angry,2
speech/sim/nyc2/angry/eighty2.wav,nyc2,angry,2
speech/sim/nyc2/angry/enter1.wav,nyc2,angry,2
speech/sim/nyc2/angry/enter2.wav,nyc2,angry,2
speech/sim/nyc2/angry/fifty1.wav,nyc2,angry,2
speech/sim/nyc2/angry/fifty2.wav,nyc2,angry,2
speech/sim/nyc2/angry/fix1.wav,nyc2,angry,2
speech/sim/nyc2/angry/fix2.wav,nyc2,angry,2
speech/sim/nyc2/angry/freeze1.wav,nyc2,angry,2
speech/sim/nyc2/angry/freeze2.wav,nyc2,angry,2
speech/sim/nyc2/angry/gain1.wav,nyc2,angry,2
speech/sim/nyc2/angry/gain2.wav,nyc2,angry,2
speech/sim/nyc2/angry/go1.wav,nyc2,angry,2
speech/sim/nyc2/angry/go2.wav,nyc2,angry,2
speech/sim/nyc2/angry/hello1.wav,nyc2,angry,2
speech/sim/nyc2/angry/hello2.wav,nyc2,angry,2
speech/sim/nyc2/angry/help1.wav,nyc2,angry,2
speech/sim/nyc2/angry/help2.wav,nyc2,angry,2
speech/sim/nyc2/angry/histog1.wav,nyc2,angry,2
speech/sim/nyc2/angry/histog2.wav,nyc2,angry,2
speech/sim/nyc2/angry/hot1.wav,nyc2,angry,2
speech/sim/nyc2/angry/hot2.wav,nyc2,angry,2
speech/sim/nyc2/angry/mark1.wav,nyc2,angry,2
speech/sim/nyc2/angry/mark2.wav,nyc2,angry,2
speech/sim/nyc2/angry/nav1.wav,nyc2,angry,2
speech/sim/nyc2/angry/nav2.wav,nyc2,angry,2
speech/sim/nyc2/angry/no1.wav,nyc2,angry,2
speech/sim/nyc2/angry/no2.wav,nyc2,angry,2
speech/sim/nyc2/angry/oh1.wav,nyc2,angry,2
speech/sim/nyc2/angry/oh2.wav,nyc2,angry,2
speech/sim/nyc2/angry/on1.wav,nyc2,angry,2
speech/sim/nyc2/angry/on2.wav,nyc2,angry,2
speech/sim/nyc2/angry/out1.wav,nyc2,angry,2
speech/sim/nyc2/angry/out2.wav,nyc2,angry,2
speech/sim/nyc2/angry/point1.wav,nyc2,angry,2
speech/sim/nyc2/angry/point2.wav,nyc2,angry,2
speech/sim/nyc2/angry/six1.wav,nyc2,angry,2
speech/sim/nyc2/angry/six2.wav,nyc2,angry,2
speech/sim/nyc2/angry/south1.wav,nyc2,angry,2
speech/sim/nyc2/angry/south2.wav,nyc2,angry,2
speech/sim/nyc2/angry/stand1.wav,nyc2,angry,2
speech/sim/nyc2/angry/stand2.wav,nyc2,angry,2
speech/sim/nyc2/angry/steer1.wav,nyc2,angry,2
speech/sim/nyc2/angry/steer2.wav,nyc2,angry,2
speech/sim/nyc2/angry/strafe1.wav,nyc2,angry,2
speech/sim/nyc2/angry/strafe2.wav,nyc2,angry,2
speech/sim/nyc2/angry/ten1.wav,nyc2,angry,2
speech/sim/nyc2/angry/ten2.wav,nyc2,angry,2
speech/sim/nyc2/angry/thirty1.wav,nyc2,angry,2
speech/sim/nyc2/angry/thirty2.wav,nyc2,angry,2
speech/sim/nyc2/angry/three1.wav,nyc2,angry,2
speech/sim/nyc2/angry/three2.wav,nyc2,angry,2
speech/sim/nyc2/angry/white1.wav,nyc2,angry,2
speech/sim/nyc2/angry/white2.wav,nyc2,angry,2
speech/sim/nyc2/angry/wide1.wav,nyc2,angry,2
speech/sim/nyc2/angry/wide2.wav,nyc2,angry,2
speech/sim/nyc2/angry/zero1.wav,nyc2,angry,2
speech/sim/nyc2/angry/zero2.wav,nyc2,angry,2
speech/sim/nyc2/clear/break1.wav,nyc2,clear,0
speech/sim/nyc2/clear/break2.wav,nyc2,clear,0
speech/sim/nyc2/clear/change1.wav,nyc2,clear,0
speech/sim/nyc2/clear/change2.wav,nyc2,clear,0
speech/sim/nyc2/clear/degree1.wav,nyc2,clear,0
speech/sim/nyc2/clear/degree2.wav,nyc2,clear,0
speech/sim/nyc2/clear/destin1.wav,nyc2,clear,0
speech/sim/nyc2/clear/destin2.wav,nyc2,clear,0
speech/sim/nyc2/clear/east1.wav,nyc2,clear,0
speech/sim/nyc2/clear/east2.wav,nyc2,clear,0
speech/sim/nyc2/clear/eight1.wav,nyc2,clear,0
speech/sim/nyc2/clear/eight2.wav,nyc2,clear,0
speech/sim/nyc2/clear/eighty1.wav,nyc2,clear,0
speech/sim/nyc2/clear/eighty2.wav,nyc2,clear,0
speech/sim/nyc2/clear/enter1.wav,nyc2,clear,0
speech/sim/nyc2/clear/enter2.wav,nyc2,clear,0
speech/sim/nyc2/clear/fifty1.wav,nyc2,clear,0
speech/sim/nyc2/clear/fifty2.wav,nyc2,clear,0
speech/sim/nyc2/clear/fix1.wav,nyc2,clear,0
speech/sim/nyc2/clear/fix2.wav,nyc2,clear,0
speech/sim/nyc2/clear/freeze1.wav,nyc2,clear,0
speech/sim/nyc2/clear/freeze2.wav,nyc2,clear,0
speech/sim/nyc2/clear/gain1.wav,nyc2,clear,0
speech/sim/nyc2/clear/gain2.wav,nyc2,clear,0
speech/sim/nyc2/clear/go1.wav,nyc2,clear,0
speech/sim/nyc2/clear/go2.wav,nyc2,clear,0
speech/sim/nyc2/clear/hello1.wav,nyc2,clear,0
speech/sim/nyc2/clear/hello2.wav,nyc2,clear,0
speech/sim/nyc2/clear/help1.wav,nyc2,clear,0
speech/sim/nyc2/clear/help2.wav,nyc2,clear,0
speech/sim/nyc2/clear/histog1.wav,nyc2,clear,0
speech/sim/nyc2/clear/histog2.wav,nyc2,clear,0
speech/sim/nyc2/clear/hot1.wav,nyc2,clear,0
speech/sim/nyc2/clear/hot2.wav,nyc2,clear,0
speech/sim/nyc2/clear/mark1.wav,nyc2,clear,0
speech/sim/nyc2/clear/mark2.wav,nyc2,clear,0
speech/sim/nyc2/clear/nav1.wav,nyc2,clear,0
speech/sim/nyc2/clear/nav2.wav,nyc2,clear,0
speech/sim/nyc2/clear/no1.wav,nyc2,clear,0
speech/sim/nyc2/clear/no2.wav,nyc2,clear,0
speech/sim/nyc2/clear/oh1.wav,nyc2,clear,0
speech/sim/nyc2/clear/oh2.wav,nyc2,clear,0
speech/sim/nyc2/clear/on1.wav,nyc2,clear,0
speech/sim/nyc2/clear/on2.wav,nyc2,clear,0
speech/sim/nyc2/clear/out1.wav,nyc2,clear,0
speech/sim/nyc2/clear/out2.wav,nyc2,clear,0
speech/sim/nyc2/clear/point1.wav,nyc2,clear,0
speech/sim/nyc2/clear/point2.wav,nyc2,clear,0
speech/sim/nyc2/clear/six1.wav,nyc2,clear,0
speech/sim/nyc2/clear/six2.wav,nyc2,clear,0
speech/sim/nyc2/clear/south1.wav,nyc2,clear,0
speech/sim/nyc2/clear/south2.wav,nyc2,clear,0
speech/sim/nyc2/clear/stand1.wav,nyc2,clear,0
speech/sim/nyc2/clear/stand2.wav,nyc2,clear,0
speech/sim/nyc2/clear/steer1.wav,nyc2,clear,0
speech/sim/nyc2/clear/steer2.wav,nyc2,clear,0
speech/sim/nyc2/clear/strafe1.wav,nyc2,clear,0
speech/sim/nyc2/clear/strafe2.wav,nyc2,clear,0
speech/sim/nyc2/clear/ten1.wav,nyc2,clear,0
speech/sim/nyc2/clear/ten2.wav,nyc2,clear,0
speech/sim/nyc2/clear/thirty1.wav,nyc2,clear,0
speech/sim/nyc2/clear/thirty2.wav,nyc2,clear,0
speech/sim/nyc2/clear/three1.wav,nyc2,clear,0
speech/sim/nyc2/clear/three2.wav,nyc2,clear,0
speech/sim/nyc2/clear/white1.wav,nyc2,clear,0
speech/sim/nyc2/clear/white2.wav,nyc2,clear,0
speech/sim/nyc2/clear/wide1.wav,nyc2,clear,0
speech/sim/nyc2/clear/wide2.wav,nyc2,clear,0
speech/sim/nyc2/clear/zero1.wav,nyc2,clear,0
speech/sim/nyc2/clear/zero2.wav,nyc2,clear,0
speech/sim/nyc2/cond50/break1.wav,nyc2,cond50,0
speech/sim/nyc2/cond50/break2.wav,nyc2,cond50,0
speech/sim/nyc2/cond50/change1.wav,nyc2,cond50,0
speech/sim/nyc2/cond50/change2.wav,nyc2,cond50,0
speech/sim/nyc2/cond50/degree1.wav,nyc2,cond50,0
speech/sim/nyc2/cond50/degree2.wav,nyc2,cond50,0
speech/sim/nyc2/cond50/destin1.wav,nyc2,cond50,0
speech/sim/nyc2/cond50/destin2.wav,nyc2,cond50,0
speech/sim/nyc2/cond50/east1.wav,nyc2,cond50,0
speech/sim/nyc2/cond50/east2.wav,nyc2,cond50,0
speech/sim/nyc2/cond50/eight1.wav,nyc2,cond50,0
speech/sim/nyc2/cond50/eight2.wav,nyc2,cond50,0
speech/sim/nyc2/cond50/eighty1.wav,nyc2,cond50,0
speech/sim/nyc2/cond50/eighty2.wav,nyc2,cond50,0
speech/sim/nyc2/cond50/enter1.wav,nyc2,cond50,0
speech/sim/nyc2/cond50/enter2.wav,nyc2,cond50,0
speech/sim/nyc2/cond50/fifty1.wav,nyc2,cond50,0
speech/sim/nyc2/cond50/fifty2.wav,nyc2,cond50,0
speech/sim/nyc2/cond50/fix1.wav,nyc2,cond50,0
speech/sim/nyc2/cond50/fix2.wav,nyc2,cond50,0
speech/sim/nyc2/cond50/freeze1.wav,nyc2,cond50,0
speech/sim/nyc2/cond50/freeze2.wav,nyc2,cond50,0
speech/sim/nyc2/cond50/gain1.wav,nyc2,cond50,0
speech/sim/nyc2/cond50/gain2.wav,nyc2,cond50,0
speech/sim/nyc2/cond50/go1.wav,nyc2,cond50,0
speech/sim/nyc2/cond50/go2.wav,nyc2,cond50,0
speech/sim/nyc2/cond50/hello1.wav,nyc2,cond50,0
speech/sim/nyc2/cond50/hello2.wav,nyc2,cond50,0
speech/sim/nyc2/cond50/help1.wav,nyc2,cond50,0
speech/sim/nyc2/cond50/help2.wav,nyc2,cond50,0
speech/sim/nyc2/cond50/histog1.wav,nyc2,cond50,0
speech/sim/nyc2/cond50/histog2.wav,nyc2,cond50,0
speech/sim/nyc2/cond50/hot1.wav,nyc2,cond50,0
speech/sim/nyc2/cond50/hot2.wav,nyc2,cond50,0
speech/sim/nyc2/cond50/mark1.wav,nyc2,cond50,0
speech/sim/nyc2/cond50/mark2.wav,nyc2,cond50,0
speech/sim/nyc2/cond50/nav1.wav,nyc2,cond50,0
speech/sim/nyc2/cond50/nav2.wav,nyc2,cond50,0
speech/sim/nyc2/cond50/no1.wav,nyc2,cond50,0
speech/sim/nyc2/cond50/no2.wav,nyc2,cond50,0
speech/sim/nyc2/cond50/oh1.wav,nyc2,cond50,0
speech/sim/nyc2/cond50/oh2.wav,nyc2,cond50,0
speech/sim/nyc2/cond50/on1.wav,nyc2,cond50,0
speech/sim/nyc2/cond50/on2.wav,nyc2,cond50,0
speech/sim/nyc2/cond50/out1.wav,nyc2,cond50,0
speech/sim/nyc2/cond50/out2.wav,nyc2,cond50,0
speech/sim/nyc2/cond50/point1.wav,nyc2,cond50,0
speech/sim/nyc2/cond50/point2.wav,nyc2,cond50,0
speech/sim/nyc2/cond50/six1.wav,nyc2,cond50,0
speech/sim/nyc2/cond50/six2.wav,nyc2,cond50,0
speech/sim/nyc2/cond50/south1.wav,nyc2,cond50,0
speech/sim/nyc2/cond50/south2.wav,nyc2,cond50,0
speech/sim/nyc2/cond50/stand1.wav,nyc2,cond50,0
speech/sim/nyc2/cond50/stand2.wav,nyc2,cond50,0
speech/sim/nyc2/cond50/steer1.wav,nyc2,cond50,0
speech/sim/nyc2/cond50/steer2.wav,nyc2,cond50,0
speech/sim/nyc2/cond50/strafe1.wav,nyc2,cond50,0
speech/sim/nyc2/cond50/strafe2.wav,nyc2,cond50,0
speech/sim/nyc2/cond50/ten1.wav,nyc2,cond50,0
speech/sim/nyc2/cond50/ten2.wav,nyc2,cond50,0
speech/sim/nyc2/cond50/thirty1.wav,nyc2,cond50,0
speech/sim/nyc2/cond50/thirty2.wav,nyc2,cond50,0
speech/sim/nyc2/cond50/three1.wav,nyc2,cond50,0
speech/sim/nyc2/cond50/three2.wav,nyc2,cond50,0
speech/sim/nyc2/cond50/white1.wav,nyc2,cond50,0
speech/sim/nyc2/cond50/white2.wav,nyc2,cond50,0
speech/sim/nyc2/cond50/wide1.wav,nyc2,cond50,0
speech/sim/nyc2/cond50/wide2.wav,nyc2,cond50,0
speech/sim/nyc2/cond50/zero1.wav,nyc2,cond50,0
speech/sim/nyc2/cond50/zero2.wav,nyc2,cond50,0
speech/sim/nyc2/cond70/break1.wav,nyc2,cond70,1
speech/sim/nyc2/cond70/break2.wav,nyc2,cond70,1
speech/sim/nyc2/cond70/change1.wav,nyc2,cond70,1
speech/sim/nyc2/cond70/change2.wav,nyc2,cond70,1
speech/sim/nyc2/cond70/degree1.wav,nyc2,cond70,1
speech/sim/nyc2/cond70/degree2.wav,nyc2,cond70,1
speech/sim/nyc2/cond70/destin1.wav,nyc2,cond70,1
speech/sim/nyc2/cond70/destin2.wav,nyc2,cond70,1
speech/sim/nyc2/cond70/east1.wav,nyc2,cond70,1
speech/sim/nyc2/cond70/east2.wav,nyc2,cond70,1
speech/sim/nyc2/cond70/eight1.wav,nyc2,cond70,1
speech/sim/nyc2/cond70/eight2.wav,nyc2,cond70,1
speech/sim/nyc2/cond70/eighty1.wav,nyc2,cond70,1
speech/sim/nyc2/cond70/eighty2.wav,nyc2,cond70,1
speech/sim/nyc2/cond70/enter1.wav,nyc2,cond70,1
speech/sim/nyc2/cond70/enter2.wav,nyc2,cond70,1
speech/sim/nyc2/cond70/fifty1.wav,nyc2,cond70,1
speech/sim/nyc2/cond70/fifty2.wav,nyc2,cond70,1
speech/sim/nyc2/cond70/fix1.wav,nyc2,cond70,1
speech/sim/nyc2/cond70/fix2.wav,nyc2,cond70,1
speech/sim/nyc2/cond70/freeze1.wav,nyc2,cond70,1
speech/sim/nyc2/cond70/freeze2.wav,nyc2,cond70,1
speech/sim/nyc2/cond70/gain1.wav,nyc2,cond70,1
speech/sim/nyc2/cond70/gain2.wav,nyc2,cond70,1
speech/sim/nyc2/cond70/go1.wav,nyc2,cond70,1
speech/sim/nyc2/cond70/go2.wav,nyc2,cond70,1
speech/sim/nyc2/cond70/hello1.wav,nyc2,cond70,1
speech/sim/nyc2/cond70/hello2.wav,nyc2,cond70,1
speech/sim/nyc2/cond70/help1.wav,nyc2,cond70,1
speech/sim/nyc2/cond70/help2.wav,nyc2,cond70,1
speech/sim/nyc2/cond70/histog1.wav,nyc2,cond70,1
speech/sim/nyc2/cond70/histog2.wav,nyc2,cond70,1
speech/sim/nyc2/cond70/hot1.wav,nyc2,cond70,1
speech/sim/nyc2/cond70/hot2.wav,nyc2,cond70,1
speech/sim/nyc2/cond70/mark1.wav,nyc2,cond70,1
speech/sim/nyc2/cond70/mark2.wav,nyc2,cond70,1
speech/sim/nyc2/cond70/nav1.wav,nyc2,cond70,1
speech/sim/nyc2/cond70/nav2.wav,nyc2,cond70,1
speech/sim/nyc2/cond70/no1.wav,nyc2,cond70,1
speech/sim/nyc2/cond70/no2.wav,nyc2,cond70,1
speech/sim/nyc2/cond70/oh1.wav,nyc2,cond70,1
speech/sim/nyc2/cond70/oh2.wav,nyc2,cond70,1
speech/sim/nyc2/cond70/on1.wav,nyc2,cond70,1
speech/sim/nyc2/cond70/on2.wav,nyc2,cond70,1
speech/sim/nyc2/cond70/out1.wav,nyc2,cond70,1
speech/sim/nyc2/cond70/out2.wav,nyc2,cond70,1
speech/sim/nyc2/cond70/point1.wav,nyc2,cond70,1
speech/sim/nyc2/cond70/point2.wav,nyc2,cond70,1
speech/sim/nyc2/cond70/six1.wav,nyc2,cond70,1
speech/sim/nyc2/cond70/six2.wav,nyc2,cond70,1
speech/sim/nyc2/cond70/south1.wav,nyc2,cond70,1
speech/sim/nyc2/cond70/south2.wav,nyc2,cond70,1
speech/sim/nyc2/cond70/stand1.wav,nyc2,cond70,1
speech/sim/nyc2/cond70/stand2.wav,nyc2,cond70,1
speech/sim/nyc2/cond70/steer1.wav,nyc2,cond70,1
speech/sim/nyc2/cond70/steer2.wav,nyc2,cond70,1
speech/sim/nyc2/cond70/strafe1.wav,nyc2,cond70,1
speech/sim/nyc2/cond70/strafe2.wav,nyc2,cond70,1
speech/sim/nyc2/cond70/ten1.wav,nyc2,cond70,1
speech/sim/nyc2/cond70/ten2.wav,nyc2,cond70,1
speech/sim/nyc2/cond70/thirty1.wav,nyc2,cond70,1
speech/sim/nyc2/cond70/thirty2.wav,nyc2,cond70,1
speech/sim/nyc2/cond70/three1.wav,nyc2,cond70,1
speech/sim/nyc2/cond70/three2.wav,nyc2,cond70,1
speech/sim/nyc2/cond70/white1.wav,nyc2,cond70,1
speech/sim/nyc2/cond70/white2.wav,nyc2,cond70,1
speech/sim/nyc2/cond70/wide1.wav,nyc2,cond70,1
speech/sim/nyc2/cond70/wide2.wav,nyc2,cond70,1
speech/sim/nyc2/cond70/zero1.wav,nyc2,cond70,1
speech/sim/nyc2/cond70/zero2.wav,nyc2,cond70,1
speech/sim/nyc2/fast/break1.wav,nyc2,fast,0
speech/sim/nyc2/fast/break2.wav,nyc2,fast,0
speech/sim/nyc2/fast/change1.wav,nyc2,fast,0
speech/sim/nyc2/fast/change2.wav,nyc2,fast,0
speech/sim/nyc2/fast/degree1.wav,nyc2,fast,0
speech/sim/nyc2/fast/degree2.wav,nyc2,fast,0
speech/sim/nyc2/fast/destin1.wav,nyc2,fast,0
speech/sim/nyc2/fast/destin2.wav,nyc2,fast,0
speech/sim/nyc2/fast/east1.wav,nyc2,fast,0
speech/sim/nyc2/fast/east2.wav,nyc2,fast,0
speech/sim/nyc2/fast/eight1.wav,nyc2,fast,0
speech/sim/nyc2/fast/eight2.wav,nyc2,fast,0
speech/sim/nyc2/fast/eighty1.wav,nyc2,fast,0
speech/sim/nyc2/fast/eighty2.wav,nyc2,fast,0
speech/sim/nyc2/fast/enter1.wav,nyc2,fast,0
speech/sim/nyc2/fast/enter2.wav,nyc2,fast,0
speech/sim/nyc2/fast/fifty1.wav,nyc2,fast,0
speech/sim/nyc2/fast/fifty2.wav,nyc2,fast,0
speech/sim/nyc2/fast/fix1.wav,nyc2,fast,0
speech/sim/nyc2/fast/fix2.wav,nyc2,fast,0
speech/sim/nyc2/fast/freeze1.wav,nyc2,fast,0
speech/sim/nyc2/fast/freeze2.wav,nyc2,fast,0
speech/sim/nyc2/fast/gain1.wav,nyc2,fast,0
speech/sim/nyc2/fast/gain2.wav,nyc2,fast,0
speech/sim/nyc2/fast/go1.wav,nyc2,fast,0
speech/sim/nyc2/fast/go2.wav,nyc2,fast,0
speech/sim/nyc2/fast/hello1.wav,nyc2,fast,0
speech/sim/nyc2/fast/hello2.wav,nyc2,fast,0
speech/sim/nyc2/fast/help1.wav,nyc2,fast,0
speech/sim/nyc2/fast/help2.wav,nyc2,fast,0
speech/sim/nyc2/fast/histog1.wav,nyc2,fast,0
speech/sim/nyc2/fast/histog2.wav,nyc2,fast,0
speech/sim/nyc2/fast/hot1.wav,nyc2,fast,0
speech/sim/nyc2/fast/hot2.wav,nyc2,fast,0
speech/sim/nyc2/fast/mark1.wav,nyc2,fast,0
speech/sim/nyc2/fast/mark2.wav,nyc2,fast,0
speech/sim/nyc2/fast/nav1.wav,nyc2,fast,0
speech/sim/nyc2/fast/nav2.wav,nyc2,fast,0
speech/sim/nyc2/fast/no1.wav,nyc2,fast,0
speech/sim/nyc2/fast/no2.wav,nyc2,fast,0
speech/sim/nyc2/fast/oh1.wav,nyc2,fast,0
speech/sim/nyc2/fast/oh2.wav,nyc2,fast,0
speech/sim/nyc2/fast/on1.wav,nyc2,fast,0
speech/sim/nyc2/fast/on2.wav,nyc2,fast,0
speech/sim/nyc2/fast/out1.wav,nyc2,fast,0
speech/sim/nyc2/fast/out2.wav,nyc2,fast,0
speech/sim/nyc2/fast/point1.wav,nyc2,fast,0
speech/sim/nyc2/fast/point2.wav,nyc2,fast,0
speech/sim/nyc2/fast/six1.wav,nyc2,fast,0
speech/sim/nyc2/fast/six2.wav,nyc2,fast,0
speech/sim/nyc2/fast/south1.wav,nyc2,fast,0
speech/sim/nyc2/fast/south2.wav,nyc2,fast,0
speech/sim/nyc2/fast/stand1.wav,nyc2,fast,0
speech/sim/nyc2/fast/stand2.wav,nyc2,fast,0
speech/sim/nyc2/fast/steer1.wav,nyc2,fast,0
speech/sim/nyc2/fast/steer2.wav,nyc2,fast,0
speech/sim/nyc2/fast/strafe1.wav,nyc2,fast,0
speech/sim/nyc2/fast/strafe2.wav,nyc2,fast,0
speech/sim/nyc2/fast/ten1.wav,nyc2,fast,0
speech/sim/nyc2/fast/ten2.wav,nyc2,fast,0
speech/sim/nyc2/fast/thirty1.wav,nyc2,fast,0
speech/sim/nyc2/fast/thirty2.wav,nyc2,fast,0
speech/sim/nyc2/fast/three1.wav,nyc2,fast,0
speech/sim/nyc2/fast/three2.wav,nyc2,fast,0
speech/sim/nyc2/fast/white1.wav,nyc2,fast,0
speech/sim/nyc2/fast/white2.wav,nyc2,fast,0
speech/sim/nyc2/fast/wide1.wav,nyc2,fast,0
speech/sim/nyc2/fast/wide2.wav,nyc2,fast,0
speech/sim/nyc2/fast/zero1.wav,nyc2,fast,0
speech/sim/nyc2/fast/zero2.wav,nyc2,fast,0
speech/sim/nyc2/lombard/break1.wav,nyc2,lombard,1
speech/sim/nyc2/lombard/break2.wav,nyc2,lombard,1
speech/sim/nyc2/lombard/change1.wav,nyc2,lombard,1
speech/sim/nyc2/lombard/change2.wav,nyc2,lombard,1
speech/sim/nyc2/lombard/degree1.wav,nyc2,lombard,1
speech/sim/nyc2/lombard/degree2.wav,nyc2,lombard,1
speech/sim/nyc2/lombard/destin1.wav,nyc2,lombard,1
speech/sim/nyc2/lombard/destin2.wav,nyc2,lombard,1
speech/sim/nyc2/lombard/east1.wav,nyc2,lombard,1
speech/sim/nyc2/lombard/east2.wav,nyc2,lombard,1
speech/sim/nyc2/lombard/eight1.wav,nyc2,lombard,1
speech/sim/nyc2/lombard/eight2.wav,nyc2,lombard,1
speech/sim/nyc2/lombard/eighty1.wav,nyc2,lombard,1
speech/sim/nyc2/lombard/eighty2.wav,nyc2,lombard,1
speech/sim/nyc2/lombard/enter1.wav,nyc2,lombard,1
speech/sim/nyc2/lombard/enter2.wav,nyc2,lombard,1
speech/sim/nyc2/lombard/fifty1.wav,nyc2,lombard,1
speech/sim/nyc2/lombard/fifty2.wav,nyc2,lombard,1
speech/sim/nyc2/lombard/fix1.wav,nyc2,lombard,1
speech/sim/nyc2/lombard/fix2.wav,nyc2,lombard,1
speech/sim/nyc2/lombard/freeze1.wav,nyc2,lombard,1
speech/sim/nyc2/lombard/freeze2.wav,nyc2,lombard,1
speech/sim/nyc2/lombard/gain1.wav,nyc2,lombard,1
speech/sim/nyc2/lombard/gain2.wav,nyc2,lombard,1
speech/sim/nyc2/lombard/go1.wav,nyc2,lombard,1
speech/sim/nyc2/lombard/go2.wav,nyc2,lombard,1
speech/sim/nyc2/lombard/hello1.wav,nyc2,lombard,1
speech/sim/nyc2/lombard/hello2.wav,nyc2,lombard,1
speech/sim/nyc2/lombard/help1.wav,nyc2,lombard,1
speech/sim/nyc2/lombard/help2.wav,nyc2,lombard,1
speech/sim/nyc2/lombard/histog1.wav,nyc2,lombard,1
speech/sim/nyc2/lombard/histog2.wav,nyc2,lombard,1
speech/sim/nyc2/lombard/hot1.wav,nyc2,lombard,1
speech/sim/nyc2/lombard/hot2.wav,nyc2,lombard,1
speech/sim/nyc2/lombard/mark1.wav,nyc2,lombard,1
speech/sim/nyc2/lombard/mark2.wav,nyc2,lombard,1
speech/sim/nyc2/lombard/nav1.wav,nyc2,lombard,1
speech/sim/nyc2/lombard/nav2.wav,nyc2,lombard,1
speech/sim/nyc2/lombard/no1.wav,nyc2,lombard,1
speech/sim/nyc2/lombard/no2.wav,nyc2,lombard,1
speech/sim/nyc2/lombard/oh1.wav,nyc2,lombard,1
speech/sim/nyc2/lombard/oh2.wav,nyc2,lombard,1
speech/sim/nyc2/lombard/on1.wav,nyc2,lombard,1
speech/sim/nyc2/lombard/on2.wav,nyc2,lombard,1
speech/sim/nyc2/lombard/out1.wav,nyc2,lombard,1
speech/sim/nyc2/lombard/out2.wav,nyc2,lombard,1
speech/sim/nyc2/lombard/point1.wav,nyc2,lombard,1
speech/sim/nyc2/lombard/point2.wav,nyc2,lombard,1
speech/sim/nyc2/lombard/six1.wav,nyc2,lombard,1
speech/sim/nyc2/lombard/six2.wav,nyc2,lombard,1
speech/sim/nyc2/lombard/south1.wav,nyc2,lombard,1
speech/sim/nyc2/lombard/south2.wav,nyc2,lombard,1
speech/sim/nyc2/lombard/stand1.wav,nyc2,lombard,1
speech/sim/nyc2/lombard/stand2.wav,nyc2,lombard,1
speech/sim/nyc2/lombard/steer1.wav,nyc2,lombard,1
speech/sim/nyc2/lombard/steer2.wav,nyc2,lombard,1
speech/sim/nyc2/lombard/strafe1.wav,nyc2,lombard,1
speech/sim/nyc2/lombard/strafe2.wav,nyc2,lombard,1
speech/sim/nyc2/lombard/ten1.wav,nyc2,lombard,1
speech/sim/nyc2/lombard/ten2.wav,nyc2,lombard,1
speech/sim/nyc2/lombard/thirty1.wav,nyc2,lombard,1
speech/sim/nyc2/lombard/thirty2.wav,nyc2,lombard,1
speech/sim/nyc2/lombard/three1.wav,nyc2,lombard,1
speech/sim/nyc2/lombard/three2.wav,nyc2,lombard,1
speech/sim/nyc2/lombard/white1.wav,nyc2,lombard,1
speech/sim/nyc2/lombard/white2.wav,nyc2,lombard,1
speech/sim/nyc2/lombard/wide1.wav,nyc2,lombard,1
speech/sim/nyc2/lombard/wide2.wav,nyc2,lombard,1
speech/sim/nyc2/lombard/zero1.wav,nyc2,lombard,1
speech/sim/nyc2/lombard/zero2.wav,nyc2,lombard,1
speech/sim/nyc2/loud/break1.wav,nyc2,loud,1
speech/sim/nyc2/loud/break2.wav,nyc2,loud,1
speech/sim/nyc2/loud/change1.wav,nyc2,loud,1
speech/sim/nyc2/loud/change2.wav,nyc2,loud,1
speech/sim/nyc2/loud/degree1.wav,nyc2,loud,1
speech/sim/nyc2/loud/degree2.wav,nyc2,loud,1
speech/sim/nyc2/loud/destin1.wav,nyc2,loud,1
speech/sim/nyc2/loud/destin2.wav,nyc2,loud,1
speech/sim/nyc2/loud/east1.wav,nyc2,loud,1
speech/sim/nyc2/loud/east2.wav,nyc2,loud,1
speech/sim/nyc2/loud/eight1.wav,nyc2,loud,1
speech/sim/nyc2/loud/eight2.wav,nyc2,loud,1
speech/sim/nyc2/loud/eighty1.wav,nyc2,loud,1
speech/sim/nyc2/loud/eighty2.wav,nyc2,loud,1
speech/sim/nyc2/loud/enter1.wav,nyc2,loud,1
speech/sim/nyc2/loud/enter2.wav,nyc2,loud,1
speech/sim/nyc2/loud/fifty1.wav,nyc2,loud,1
speech/sim/nyc2/loud/fifty2.wav,nyc2,loud,1
speech/sim/nyc2/loud/fix1.wav,nyc2,loud,1
speech/sim/nyc2/loud/fix2.wav,nyc2,loud,1
speech/sim/nyc2/loud/freeze1.wav,nyc2,loud,1
speech/sim/nyc2/loud/freeze2.wav,nyc2,loud,1
speech/sim/nyc2/loud/gain1.wav,nyc2,loud,1
speech/sim/nyc2/loud/gain2.wav,nyc2,loud,1
speech/sim/nyc2/loud/go1.wav,nyc2,loud,1
speech/sim/nyc2/loud/go2.wav,nyc2,loud,1
speech/sim/nyc2/loud/hello1.wav,nyc2,loud,1
speech/sim/nyc2/loud/hello2.wav,nyc2,loud,1
speech/sim/nyc2/loud/help1.wav,nyc2,loud,1
speech/sim/nyc2/loud/help2.wav,nyc2,loud,1
speech/sim/nyc2/loud/histog1.wav,nyc2,loud,1
speech/sim/nyc2/loud/histog2.wav,nyc2,loud,1
speech/sim/nyc2/loud/hot1.wav,nyc2,loud,1
speech/sim/nyc2/loud/hot2.wav,nyc2,loud,1
speech/sim/nyc2/loud/mark1.wav,nyc2,loud,1
speech/sim/nyc2/loud/mark2.wav,nyc2,loud,1
speech/sim/nyc2/loud/nav1.wav,nyc2,loud,1
speech/sim/nyc2/loud/nav2.wav,nyc2,loud,1
speech/sim/nyc2/loud/no1.wav,nyc2,loud,1
speech/sim/nyc2/loud/no2.wav,nyc2,loud,1
speech/sim/nyc2/loud/oh1.wav,nyc2,loud,1
speech/sim/nyc2/loud/oh2.wav,nyc2,loud,1
speech/sim/nyc2/loud/on1.wav,nyc2,loud,1
speech/sim/nyc2/loud/on2.wav,nyc2,loud,1
speech/sim/nyc2/loud/out1.wav,nyc2,loud,1
speech/sim/nyc2/loud/out2.wav,nyc2,loud,1
speech/sim/nyc2/loud/point1.wav,nyc2,loud,1
speech/sim/nyc2/loud/point2.wav,nyc2,loud,1
speech/sim/nyc2/loud/six1.wav,nyc2,loud,1
speech/sim/nyc2/loud/six2.wav,nyc2,loud,1
speech/sim/nyc2/loud/south1.wav,nyc2,loud,1
speech/sim/nyc2/loud/south2.wav,nyc2,loud,1
speech/sim/nyc2/loud/stand1.wav,nyc2,loud,1
speech/sim/nyc2/loud/stand2.wav,nyc2,loud,1
speech/sim/nyc2/loud/steer1.wav,nyc2,loud,1
speech/sim/nyc2/loud/steer2.wav,nyc2,loud,1
speech/sim/nyc2/loud/strafe1.wav,nyc2,loud,1
speech/sim/nyc2/loud/strafe2.wav,nyc2,loud,1
speech/sim/nyc2/loud/ten1.wav,nyc2,loud,1
speech/sim/nyc2/loud/ten2.wav,nyc2,loud,1
speech/sim/nyc2/loud/thirty1.wav,nyc2,loud,1
speech/sim/nyc2/loud/thirty2.wav,nyc2,loud,1
speech/sim/nyc2/loud/three1.wav,nyc2,loud,1
speech/sim/nyc2/loud/three2.wav,nyc2,loud,1
speech/sim/nyc2/loud/white1.wav,nyc2,loud,1
speech/sim/nyc2/loud/white2.wav,nyc2,loud,1
speech/sim/nyc2/loud/wide1.wav,nyc2,loud,1
speech/sim/nyc2/loud/wide2.wav,nyc2,loud,1
speech/sim/nyc2/loud/zero1.wav,nyc2,loud,1
speech/sim/nyc2/loud/zero2.wav,nyc2,loud,1
speech/sim/nyc2/neutral/break1.wav,nyc2,neutral,0
speech/sim/nyc2/neutral/break2.wav,nyc2,neutral,0
speech/sim/nyc2/neutral/change1.wav,nyc2,neutral,0
speech/sim/nyc2/neutral/change2.wav,nyc2,neutral,0
speech/sim/nyc2/neutral/degree1.wav,nyc2,neutral,0
speech/sim/nyc2/neutral/degree2.wav,nyc2,neutral,0
speech/sim/nyc2/neutral/destin1.wav,nyc2,neutral,0
speech/sim/nyc2/neutral/destin2.wav,nyc2,neutral,0
speech/sim/nyc2/neutral/east1.wav,nyc2,neutral,0
speech/sim/nyc2/neutral/east2.wav,nyc2,neutral,0
speech/sim/nyc2/neutral/eight1.wav,nyc2,neutral,0
speech/sim/nyc2/neutral/eight2.wav,nyc2,neutral,0
speech/sim/nyc2/neutral/eighty1.wav,nyc2,neutral,0
speech/sim/nyc2/neutral/eighty2.wav,nyc2,neutral,0
speech/sim/nyc2/neutral/enter1.wav,nyc2,neutral,0
speech/sim/nyc2/neutral/enter2.wav,nyc2,neutral,0
speech/sim/nyc2/neutral/fifty1.wav,nyc2,neutral,0
speech/sim/nyc2/neutral/fifty2.wav,nyc2,neutral,0
speech/sim/nyc2/neutral/fix1.wav,nyc2,neutral,0
speech/sim/nyc2/neutral/fix2.wav,nyc2,neutral,0
speech/sim/nyc2/neutral/freeze1.wav,nyc2,neutral,0
speech/sim/nyc2/neutral/freeze2.wav,nyc2,neutral,0
speech/sim/nyc2/neutral/gain1.wav,nyc2,neutral,0
speech/sim/nyc2/neutral/gain2.wav,nyc2,neutral,0
speech/sim/nyc2/neutral/go1.wav,nyc2,neutral,0
speech/sim/nyc2/neutral/go2.wav,nyc2,neutral,0
speech/sim/nyc2/neutral/hello1.wav,nyc2,neutral,0
speech/sim/nyc2/neutral/hello2.wav,nyc2,neutral,0
speech/sim/nyc2/neutral/help1.wav,nyc2,neutral,0
speech/sim/nyc2/neutral/help2.wav,nyc2,neutral,0
speech/sim/nyc2/neutral/histog1.wav,nyc2,neutral,0
speech/sim/nyc2/neutral/histog2.wav,nyc2,neutral,0
speech/sim/nyc2/neutral/hot1.wav,nyc2,neutral,0
speech/sim/nyc2/neutral/hot2.wav,nyc2,neutral,0
speech/sim/nyc2/neutral/mark1.wav,nyc2,neutral,0
speech/sim/nyc2/neutral/mark2.wav,nyc2,neutral,0
speech/sim/nyc2/neutral/nav1.wav,nyc2,neutral,0
speech/sim/nyc2/neutral/nav2.wav,nyc2,neutral,0
speech/sim/nyc2/neutral/no1.wav,nyc2,neutral,0
speech/sim/nyc2/neutral/no2.wav,nyc2,neutral,0
speech/sim/nyc2/neutral/oh1.wav,nyc2,neutral,0
speech/sim/nyc2/neutral/oh2.wav,nyc2,neutral,0
speech/sim/nyc2/neutral/on1.wav,nyc2,neutral,0
speech/sim/nyc2/neutral/on2.wav,nyc2,neutral,0
speech/sim/nyc2/neutral/out1.wav,nyc2,neutral,0
speech/sim/nyc2/neutral/out2.wav,nyc2,neutral,0
speech/sim/nyc2/neutral/point1.wav,nyc2,neutral,0
speech/sim/nyc2/neutral/point2.wav,nyc2,neutral,0
speech/sim/nyc2/neutral/six1.wav,nyc2,neutral,0
speech/sim/nyc2/neutral/six2.wav,nyc2,neutral,0
speech/sim/nyc2/neutral/south1.wav,nyc2,neutral,0
speech/sim/nyc2/neutral/south2.wav,nyc2,neutral,0
speech/sim/nyc2/neutral/stand1.wav,nyc2,neutral,0
speech/sim/nyc2/neutral/stand2.wav,nyc2,neutral,0
speech/sim/nyc2/neutral/steer1.wav,nyc2,neutral,0
speech/sim/nyc2/neutral/steer2.wav,nyc2,neutral,0
speech/sim/nyc2/neutral/strafe1.wav,nyc2,neutral,0
speech/sim/nyc2/neutral/strafe2.wav,nyc2,neutral,0
speech/sim/nyc2/neutral/ten1.wav,nyc2,neutral,0
speech/sim/nyc2/neutral/ten2.wav,nyc2,neutral,0
speech/sim/nyc2/neutral/thirty1.wav,nyc2,neutral,0
speech/sim/nyc2/neutral/thirty2.wav,nyc2,neutral,0
speech/sim/nyc2/neutral/three1.wav,nyc2,neutral,0
speech/sim/nyc2/neutral/three2.wav,nyc2,neutral,0
speech/sim/nyc2/neutral/white1.wav,nyc2,neutral,0
speech/sim/nyc2/neutral/white2.wav,nyc2,neutral,0
speech/sim/nyc2/neutral/wide1.wav,nyc2,neutral,0
speech/sim/nyc2/neutral/wide2.wav,nyc2,neutral,0
speech/sim/nyc2/neutral/zero1.wav,nyc2,neutral,0
speech/sim/nyc2/neutral/zero2.wav,nyc2,neutral,0
speech/sim/nyc2/question/break1.wav,nyc2,question,0
speech/sim/nyc2/question/break2.wav,nyc2,question,0
speech/sim/nyc2/question/change1.wav,nyc2,question,0
speech/sim/nyc2/question/change2.wav,nyc2,question,0
speech/sim/nyc2/question/degree1.wav,nyc2,question,0
speech/sim/nyc2/question/degree2.wav,nyc2,question,0
speech/sim/nyc2/question/destin1.wav,nyc2,question,0
speech/sim/nyc2/question/destin2.wav,nyc2,question,0
speech/sim/nyc2/question/east1.wav,nyc2,question,0
speech/sim/nyc2/question/east2.wav,nyc2,question,0
speech/sim/nyc2/question/eight1.wav,nyc2,question,0
speech/sim/nyc2/question/eight2.wav,nyc2,question,0
speech/sim/nyc2/question/eighty1.wav,nyc2,question,0
speech/sim/nyc2/question/eighty2.wav,nyc2,question,0
speech/sim/nyc2/question/enter1.wav,nyc2,question,0
speech/sim/nyc2/question/enter2.wav,nyc2,question,0
speech/sim/nyc2/question/fifty1.wav,nyc2,question,0
speech/sim/nyc2/question/fifty2.wav,nyc2,question,0
speech/sim/nyc2/question/fix1.wav,nyc2,question,0
speech/sim/nyc2/question/fix2.wav,nyc2,question,0
speech/sim/nyc2/question/freeze1.wav,nyc2,question,0
speech/sim/nyc2/question/freeze2.wav,nyc2,question,0
speech/sim/nyc2/question/gain1.wav,nyc2,question,0
speech/sim/nyc2/question/gain2.wav,nyc2,question,0
speech/sim/nyc2/question/go1.wav,nyc2,question,0
speech/sim/nyc2/question/go2.wav,nyc2,question,0
speech/sim/nyc2/question/hello1.wav,nyc2,question,0
speech/sim/nyc2/question/hello2.wav,nyc2,question,0
speech/sim/nyc2/question/help1.wav,nyc2,question,0
speech/sim/nyc2/question/help2.wav,nyc2,question,0
speech/sim/nyc2/question/histog1.wav,nyc2,question,0
speech/sim/nyc2/question/histog2.wav,nyc2,question,0
speech/sim/nyc2/question/hot1.wav,nyc2,question,0
speech/sim/nyc2/question/hot2.wav,nyc2,question,0
speech/sim/nyc2/question/mark1.wav,nyc2,question,0
speech/sim/nyc2/question/mark2.wav,nyc2,question,0
speech/sim/nyc2/question/nav1.wav,nyc2,question,0
speech/sim/nyc2/question/nav2.wav,nyc2,question,0
speech/sim/nyc2/question/no1.wav,nyc2,question,0
speech/sim/nyc2/question/no2.wav,nyc2,question,0
speech/sim/nyc2/question/oh1.wav,nyc2,question,0
speech/sim/nyc2/question/oh2.wav,nyc2,question,0
speech/sim/nyc2/question/on1.wav,nyc2,question,0
speech/sim/nyc2/question/on2.wav,nyc2,question,0
speech/sim/nyc2/question/out1.wav,nyc2,question,0
speech/sim/nyc2/question/out2.wav,nyc2,question,0
speech/sim/nyc2/question/point1.wav,nyc2,question,0
speech/sim/nyc2/question/point2.wav,nyc2,question,0
speech/sim/nyc2/question/six1.wav,nyc2,question,0
speech/sim/nyc2/question/six2.wav,nyc2,question,0
speech/sim/nyc2/question/south1.wav,nyc2,question,0
speech/sim/nyc2/question/south2.wav,nyc2,question,0
speech/sim/nyc2/question/stand1.wav,nyc2,question,0
speech/sim/nyc2/question/stand2.wav,nyc2,question,0
speech/sim/nyc2/question/steer1.wav,nyc2,question,0
speech/sim/nyc2/question/steer2.wav,nyc2,question,0
speech/sim/nyc2/question/strafe1.wav,nyc2,question,0
speech/sim/nyc2/question/strafe2.wav,nyc2,question,0
speech/sim/nyc2/question/ten1.wav,nyc2,question,0
speech/sim/nyc2/question/ten2.wav,nyc2,question,0
speech/sim/nyc2/question/thirty1.wav,nyc2,question,0
speech/sim/nyc2/question/thirty2.wav,nyc2,question,0
speech/sim/nyc2/question/three1.wav,nyc2,question,0
speech/sim/nyc2/question/three2.wav,nyc2,question,0
speech/sim/nyc2/question/white1.wav,nyc2,question,0
speech/sim/nyc2/question/white2.wav,nyc2,question,0
speech/sim/nyc2/question/wide1.wav,nyc2,question,0
speech/sim/nyc2/question/wide2.wav,nyc2,question,0
speech/sim/nyc2/question/zero1.wav,nyc2,question,0
speech/sim/nyc2/question/zero2.wav,nyc2,question,0
speech/sim/nyc2/slow/break1.wav,nyc2,slow,0
speech/sim/nyc2/slow/break2.wav,nyc2,slow,0
speech/sim/nyc2/slow/change1.wav,nyc2,slow,0
speech/sim/nyc2/slow/change2.wav,nyc2,slow,0
speech/sim/nyc2/slow/degree1.wav,nyc2,slow,0
speech/sim/nyc2/slow/degree2.wav,nyc2,slow,0
speech/sim/nyc2/slow/destin1.wav,nyc2,slow,0
speech/sim/nyc2/slow/destin2.wav,nyc2,slow,0
speech/sim/nyc2/slow/east1.wav,nyc2,slow,0
speech/sim/nyc2/slow/east2.wav,nyc2,slow,0
speech/sim/nyc2/slow/eight1.wav,nyc2,slow,0
speech/sim/nyc2/slow/eight2.wav,nyc2,slow,0
speech/sim/nyc2/slow/eighty1.wav,nyc2,slow,0
speech/sim/nyc2/slow/eighty2.wav,nyc2,slow,0
speech/sim/nyc2/slow/enter1.wav,nyc2,slow,0
speech/sim/nyc2/slow/enter2.wav,nyc2,slow,0
speech/sim/nyc2/slow/fifty1.wav,nyc2,slow,0
speech/sim/nyc2/slow/fifty2.wav,nyc2,slow,0
speech/sim/nyc2/slow/fix1.wav,nyc2,slow,0
speech/sim/nyc2/slow/fix2.wav,nyc2,slow,0
speech/sim/nyc2/slow/freeze1.wav,nyc2,slow,0
speech/sim/nyc2/slow/freeze2.wav,nyc2,slow,0
speech/sim/nyc2/slow/gain1.wav,nyc2,slow,0
speech/sim/nyc2/slow/gain2.wav,nyc2,slow,0
speech/sim/nyc2/slow/go1.wav,nyc2,slow,0
speech/sim/nyc2/slow/go2.wav,nyc2,slow,0
speech/sim/nyc2/slow/hello1.wav,nyc2,slow,0
speech/sim/nyc2/slow/hello2.wav,nyc2,slow,0
speech/sim/nyc2/slow/help1.wav,nyc2,slow,0
speech/sim/nyc2/slow/help2.wav,nyc2,slow,0
speech/sim/nyc2/slow/histog1.wav,nyc2,slow,0
speech/sim/nyc2/slow/histog2.wav,nyc2,slow,0
speech/sim/nyc2/slow/hot1.wav,nyc2,slow,0
speech/sim/nyc2/slow/hot2.wav,nyc2,slow,0
speech/sim/nyc2/slow/mark1.wav,nyc2,slow,0
speech/sim/nyc2/slow/mark2.wav,nyc2,slow,0
speech/sim/nyc2/slow/nav1.wav,nyc2,slow,0
speech/sim/nyc2/slow/nav2.wav,nyc2,slow,0
speech/sim/nyc2/slow/no1.wav,nyc2,slow,0
speech/sim/nyc2/slow/no2.wav,nyc2,slow,0
speech/sim/nyc2/slow/oh1.wav,nyc2,slow,0
speech/sim/nyc2/slow/oh2.wav,nyc2,slow,0
speech/sim/nyc2/slow/on1.wav,nyc2,slow,0
speech/sim/nyc2/slow/on2.wav,nyc2,slow,0
speech/sim/nyc2/slow/out1.wav,nyc2,slow,0
speech/sim/nyc2/slow/out2.wav,nyc2,slow,0
speech/sim/nyc2/slow/point1.wav,nyc2,slow,0
speech/sim/nyc2/slow/point2.wav,nyc2,slow,0
speech/sim/nyc2/slow/six1.wav,nyc2,slow,0
speech/sim/nyc2/slow/six2.wav,nyc2,slow,0
speech/sim/nyc2/slow/south1.wav,nyc2,slow,0
speech/sim/nyc2/slow/south2.wav,nyc2,slow,0
speech/sim/nyc2/slow/stand1.wav,nyc2,slow,0
speech/sim/nyc2/slow/stand2.wav,nyc2,slow,0
speech/sim/nyc2/slow/steer1.wav,nyc2,slow,0
speech/sim/nyc2/slow/steer2.wav,nyc2,slow,0
speech/sim/nyc2/slow/strafe1.wav,nyc2,slow,0
speech/sim/nyc2/slow/strafe2.wav,nyc2,slow,0
speech/sim/nyc2/slow/ten1.wav,nyc2,slow,0
speech/sim/nyc2/slow/ten2.wav,nyc2,slow,0
speech/sim/nyc2/slow/thirty1.wav,nyc2,slow,0
speech/sim/nyc2/slow/thirty2.wav,nyc2,slow,0
speech/sim/nyc2/slow/three1.wav,nyc2,slow,0
speech/sim/nyc2/slow/three2.wav,nyc2,slow,0
speech/sim/nyc2/slow/white1.wav,nyc2,slow,0
speech/sim/nyc2/slow/white2.wav,nyc2,slow,0
speech/sim/nyc2/slow/wide1.wav,nyc2,slow,0
speech/sim/nyc2/slow/wide2.wav,nyc2,slow,0
speech/sim/nyc2/slow/zero1.wav,nyc2,slow,0
speech/sim/nyc2/slow/zero2.wav,nyc2,slow,0
speech/sim/nyc2/soft/break1.wav,nyc2,soft,0
speech/sim/nyc2/soft/break2.wav,nyc2,soft,0
speech/sim/nyc2/soft/change1.wav,nyc2,soft,0
speech/sim/nyc2/soft/change2.wav,nyc2,soft,0
speech/sim/nyc2/soft/degree1.wav,nyc2,soft,0
speech/sim/nyc2/soft/degree2.wav,nyc2,soft,0
speech/sim/nyc2/soft/destin1.wav,nyc2,soft,0
speech/sim/nyc2/soft/destin2.wav,nyc2,soft,0
speech/sim/nyc2/soft/east1.wav,nyc2,soft,0
speech/sim/nyc2/soft/east2.wav,nyc2,soft,0
speech/sim/nyc2/soft/eight1.wav,nyc2,soft,0
speech/sim/nyc2/soft/eight2.wav,nyc2,soft,0
speech/sim/nyc2/soft/eighty1.wav,nyc2,soft,0
speech/sim/nyc2/soft/eighty2.wav,nyc2,soft,0
speech/sim/nyc2/soft/enter1.wav,nyc2,soft,0
speech/sim/nyc2/soft/enter2.wav,nyc2,soft,0
speech/sim/nyc2/soft/fifty1.wav,nyc2,soft,0
speech/sim/nyc2/soft/fifty2.wav,nyc2,soft,0
speech/sim/nyc2/soft/fix1.wav,nyc2,soft,0
speech/sim/nyc2/soft/fix2.wav,nyc2,soft,0
speech/sim/nyc2/soft/freeze1.wav,nyc2,soft,0
speech/sim/nyc2/soft/freeze2.wav,nyc2,soft,0
speech/sim/nyc2/soft/gain1.wav,nyc2,soft,0
speech/sim/nyc2/soft/gain2.wav,nyc2,soft,0
speech/sim/nyc2/soft/go1.wav,nyc2,soft,0
speech/sim/nyc2/soft/go2.wav,nyc2,soft,0
speech/sim/nyc2/soft/hello1.wav,nyc2,soft,0
speech/sim/nyc2/soft/hello2.wav,nyc2,soft,0
speech/sim/nyc2/soft/help1.wav,nyc2,soft,0
speech/sim/nyc2/soft/help2.wav,nyc2,soft,0
speech/sim/nyc2/soft/histog1.wav,nyc2,soft,0
speech/sim/nyc2/soft/histog2.wav,nyc2,soft,0
speech/sim/nyc2/soft/hot1.wav,nyc2,soft,0
speech/sim/nyc2/soft/hot2.wav,nyc2,soft,0
speech/sim/nyc2/soft/mark1.wav,nyc2,soft,0
speech/sim/nyc2/soft/mark2.wav,nyc2,soft,0
speech/sim/nyc2/soft/nav1.wav,nyc2,soft,0
speech/sim/nyc2/soft/nav2.wav,nyc2,soft,0
speech/sim/nyc2/soft/no1.wav,nyc2,soft,0
speech/sim/nyc2/soft/no2.wav,nyc2,soft,0
speech/sim/nyc2/soft/oh1.wav,nyc2,soft,0
speech/sim/nyc2/soft/oh2.wav,nyc2,soft,0
speech/sim/nyc2/soft/on1.wav,nyc2,soft,0
speech/sim/nyc2/soft/on2.wav,nyc2,soft,0
speech/sim/nyc2/soft/out1.wav,nyc2,soft,0
speech/sim/nyc2/soft/out2.wav,nyc2,soft,0
speech/sim/nyc2/soft/point1.wav,nyc2,soft,0
speech/sim/nyc2/soft/point2.wav,nyc2,soft,0
speech/sim/nyc2/soft/six1.wav,nyc2,soft,0
speech/sim/nyc2/soft/six2.wav,nyc2,soft,0
speech/sim/nyc2/soft/south1.wav,nyc2,soft,0
speech/sim/nyc2/soft/south2.wav,nyc2,soft,0
speech/sim/nyc2/soft/stand1.wav,nyc2,soft,0
speech/sim/nyc2/soft/stand2.wav,nyc2,soft,0
speech/sim/nyc2/soft/steer1.wav,nyc2,soft,0
speech/sim/nyc2/soft/steer2.wav,nyc2,soft,0
speech/sim/nyc2/soft/strafe1.wav,nyc2,soft,0
speech/sim/nyc2/soft/strafe2.wav,nyc2,soft,0
speech/sim/nyc2/soft/ten1.wav,nyc2,soft,0
speech/sim/nyc2/soft/ten2.wav,nyc2,soft,0
speech/sim/nyc2/soft/thirty1.wav,nyc2,soft,0
speech/sim/nyc2/soft/thirty2.wav,nyc2,soft,0
speech/sim/nyc2/soft/three1.wav,nyc2,soft,0
speech/sim/nyc2/soft/three2.wav,nyc2,soft,0
speech/sim/nyc2/soft/white1.wav,nyc2,soft,0
speech/sim/nyc2/soft/white2.wav,nyc2,soft,0
speech/sim/nyc2/soft/wide1.wav,nyc2,soft,0
speech/sim/nyc2/soft/wide2.wav,nyc2,soft,0
speech/sim/nyc2/soft/zero1.wav,nyc2,soft,0
speech/sim/nyc2/soft/zero2.wav,nyc2,soft,0
speech/sim/nyc2/train/break1.wav,nyc2,train,0
speech/sim/nyc2/train/break10.wav,nyc2,train,0
speech/sim/nyc2/train/break11.wav,nyc2,train,0
speech/sim/nyc2/train/break12.wav,nyc2,train,0
speech/sim/nyc2/train/break2.wav,nyc2,train,0
speech/sim/nyc2/train/break3.wav,nyc2,train,0
speech/sim/nyc2/train/break4.wav,nyc2,train,0
speech/sim/nyc2/train/break5.wav,nyc2,train,0
speech/sim/nyc2/train/break6.wav,nyc2,train,0
speech/sim/nyc2/train/break7.wav,nyc2,train,0
speech/sim/nyc2/train/break8.wav,nyc2,train,0
speech/sim/nyc2/train/break9.wav,nyc2,train,0
speech/sim/nyc2/train/change1.wav,nyc2,train,0
speech/sim/nyc2/train/change10.wav,nyc2,train,0
speech/sim/nyc2/train/change11.wav,nyc2,train,0
speech/sim/nyc2/train/change12.wav,nyc2,train,0
speech/sim/nyc2/train/change2.wav,nyc2,train,0
speech/sim/nyc2/train/change3.wav,nyc2,train,0
speech/sim/nyc2/train/change4.wav,nyc2,train,0
speech/sim/nyc2/train/change5.wav,nyc2,train,0
speech/sim/nyc2/train/change6.wav,nyc2,train,0
speech/sim/nyc2/train/change7.wav,nyc2,train,0
speech/sim/nyc2/train/change8.wav,nyc2,train,0
speech/sim/nyc2/train/change9.wav,nyc2,train,0
speech/sim/nyc2/train/degree1.wav,nyc2,train,0
speech/sim/nyc2/train/degree10.wav,nyc2,train,0
speech/sim/nyc2/train/degree11.wav,nyc2,train,0
speech/sim/nyc2/train/degree12.wav,nyc2,train,0
speech/sim/nyc2/train/degree2.wav,nyc2,train,0
speech/sim/nyc2/train/degree3.wav,nyc2,train,0
speech/sim/nyc2/train/degree4.wav,nyc2,train,0
speech/sim/nyc2/train/degree5.wav,nyc2,train,0
speech/sim/nyc2/train/degree6.wav,nyc2,train,0
speech/sim/nyc2/train/degree7.wav,nyc2,train,0
speech/sim/nyc2/train/degree8.wav,nyc2,train,0
speech/sim/nyc2/train/degree9.wav,nyc2,train,0
speech/sim/nyc2/train/destin1.wav,nyc2,train,0
speech/sim/nyc2/train/destin10.wav,nyc2,train,0
speech/sim/nyc2/train/destin11.wav,nyc2,train,0
speech/sim/nyc2/train/destin12.wav,nyc2,train,0
speech/sim/nyc2/train/destin2.wav,nyc2,train,0
speech/sim/nyc2/train/destin3.wav,nyc2,train,0
speech/sim/nyc2/train/destin4.wav,nyc2,train,0
speech/sim/nyc2/train/destin5.wav,nyc2,train,0
speech/sim/nyc2/train/destin6.wav,nyc2,train,0
speech/sim/nyc2/train/destin7.wav,nyc2,train,0
speech/sim/nyc2/train/destin8.wav,nyc2,train,0
speech/sim/nyc2/train/destin9.wav,nyc2,train,0
speech/sim/nyc2/train/east1.wav,nyc2,train,0
speech/sim/nyc2/train/east10.wav,nyc2,train,0
speech/sim/nyc2/train/east11.wav,nyc2,train,0
speech/sim/nyc2/train/east12.wav,nyc2,train,0
speech/sim/nyc2/train/east2.wav,nyc2,train,0
speech/sim/nyc2/train/east3.wav,nyc2,train,0
speech/sim/nyc2/train/east4.wav,nyc2,train,0
speech/sim/nyc2/train/east5.wav,nyc2,train,0
speech/sim/nyc2/train/east6.wav,nyc2,train,0
speech/sim/nyc2/train/east7.wav,nyc2,train,0
speech/sim/nyc2/train/east8.wav,nyc2,train,0
speech/sim/nyc2/train/east9.wav,nyc2,train,0
speech/sim/nyc2/train/eight1.wav,nyc2,train,0
speech/sim/nyc2/train/eight10.wav,nyc2,train,0
speech/sim/nyc2/train/eight11.wav,nyc2,train,0
speech/sim/nyc2/train/eight12.wav,nyc2,train,0
speech/sim/nyc2/train/eight2.wav,nyc2,train,0
speech/sim/nyc2/train/eight3.wav,nyc2,train,0
speech/sim/nyc2/train/eight4.wav,nyc2,train,0
speech/sim/nyc2/train/eight5.wav,nyc2,train,0
speech/sim/nyc2/train/eight6.wav,nyc2,train,0
speech/sim/nyc2/train/eight7.wav,nyc2,train,0
speech/sim/nyc2/train/eight8.wav,nyc2,train,0
speech/sim/nyc2/train/eight9.wav,nyc2,train,0
speech/sim/nyc2/train/eighty1.wav,nyc2,train,0
speech/sim/nyc2/train/eighty10.wav,nyc2,train,0
speech/sim/nyc2/train/eighty11.wav,nyc2,train,0
speech/sim/nyc2/train/eighty12.wav,nyc2,train,0
speech/sim/nyc2/train/eighty2.wav,nyc2,train,0
speech/sim/nyc2/train/eighty3.wav,nyc2,train,0
speech/sim/nyc2/train/eighty4.wav,nyc2,train,0
speech/sim/nyc2/train/eighty5.wav,nyc2,train,0
speech/sim/nyc2/train/eighty6.wav,nyc2,train,0
speech/sim/nyc2/train/eighty7.wav,nyc2,train,0
speech/sim/nyc2/train/eighty8.wav,nyc2,train,0
speech/sim/nyc2/train/eighty9.wav,nyc2,train,0
speech/sim/nyc2/train/enter1.wav,nyc2,train,0
speech/sim/nyc2/train/enter10.wav,nyc2,train,0
speech/sim/nyc2/train/enter11.wav,nyc2,train,0
speech/sim/nyc2/train/enter12.wav,nyc2,train,0
speech/sim/nyc2/train/enter2.wav,nyc2,train,0
speech/sim/nyc2/train/enter3.wav,nyc2,train,0
speech/sim/nyc2/train/enter4.wav,nyc2,train,0
speech/sim/nyc2/train/enter5.wav,nyc2,train,0
speech/sim/nyc2/train/enter6.wav,nyc2,train,0
speech/sim/nyc2/train/enter7.wav,nyc2,train,0
speech/sim/nyc2/train/enter8.wav,nyc2,train,0
speech/sim/nyc2/train/enter9.wav,nyc2,train,0
speech/sim/nyc2/train/fifty1.wav,nyc2,train,0
speech/sim/nyc2/train/fifty10.wav,nyc2,train,0
speech/sim/nyc2/train/fifty11.wav,nyc2,train,0
speech/sim/nyc2/train/fifty12.wav,nyc2,train,0
speech/sim/nyc2/train/fifty2.wav,nyc2,train,0
speech/sim/nyc2/train/fifty3.wav,nyc2,train,0
speech/sim/nyc2/train/fifty4.wav,nyc2,train,0
speech/sim/nyc2/train/fifty5.wav,nyc2,train,0
speech/sim/nyc2/train/fifty6.wav,nyc2,train,0
speech/sim/nyc2/train/fifty7.wav,nyc2,train,0
speech/sim/nyc2/train/fifty8.wav,nyc2,train,0
speech/sim/nyc2/train/fifty9.wav,nyc2,train,0
speech/sim/nyc2/train/fix1.wav,nyc2,train,0
speech/sim/nyc2/train/fix10.wav,nyc2,train,0
speech/sim/nyc2/train/fix11.wav,nyc2,train,0
speech/sim/nyc2/train/fix12.wav,nyc2,train,0
speech/sim/nyc2/train/fix2.wav,nyc2,train,0
speech/sim/nyc2/train/fix3.wav,nyc2,train,0
speech/sim/nyc2/train/fix4.wav,nyc2,train,0
speech/sim/nyc2/train/fix5.wav,nyc2,train,0
speech/sim/nyc2/train/fix6.wav,nyc2,train,0
speech/sim/nyc2/train/fix7.wav,nyc2,train,0
speech/sim/nyc2/train/fix8.wav,nyc2,train,0
speech/sim/nyc2/train/fix9.wav,nyc2,train,0
speech/sim/nyc2/train/freeze1.wav,nyc2,train,0
speech/sim/nyc2/train/freeze10.wav,nyc2,train,0
speech/sim/nyc2/train/freeze11.wav,nyc2,train,0
speech/sim/nyc2/train/freeze12.wav,nyc2,train,0
speech/sim/nyc2/train/freeze2.wav,nyc2,train,0
speech/sim/nyc2/train/freeze3.wav,nyc2,train,0
speech/sim/nyc2/train/freeze4.wav,nyc2,train,0
speech/sim/nyc2/train/freeze5.wav,nyc2,train,0
speech/sim/nyc2/train/freeze6.wav,nyc2,train,0
speech/sim/nyc2/train/freeze7.wav,nyc2,train,0
speech/sim/nyc2/train/freeze8.wav,nyc2,train,0
speech/sim/nyc2/train/freeze9.wav,nyc2,train,0
speech/sim/nyc2/train/gain1.wav,nyc2,train,0
speech/sim/nyc2/train/gain10.wav,nyc2,train,0
speech/sim/nyc2/train/gain11.wav,nyc2,train,0
speech/sim/nyc2/train/gain12.wav,nyc2,train,0
speech/sim/nyc2/train/gain2.wav,nyc2,train,0
speech/sim/nyc2/train/gain3.wav,nyc2,train,0
speech/sim/nyc2/train/gain4.wav,nyc2,train,0
speech/sim/nyc2/train/gain5.wav,nyc2,train,0
speech/sim/nyc2/train/gain6.wav,nyc2,train,0
speech/sim/nyc2/train/gain7.wav,nyc2,train,0
speech/sim/nyc2/train/gain8.wav,nyc2,train,0
speech/sim/nyc2/train/gain9.wav,nyc2,train,0
speech/sim/nyc2/train/go1.wav,nyc2,train,0
speech/sim/nyc2/train/go10.wav,nyc2,train,0
speech/sim/nyc2/train/go11.wav,nyc2,train,0
speech/sim/nyc2/train/go12.wav,nyc2,train,0
speech/sim/nyc2/train/go2.wav,nyc2,train,0
speech/sim/nyc2/train/go3.wav,nyc2,train,0
speech/sim/nyc2/train/go4.wav,nyc2,train,0
speech/sim/nyc2/train/go5.wav,nyc2,train,0
speech/sim/nyc2/train/go6.wav,nyc2,train,0
speech/sim/nyc2/train/go7.wav,nyc2,train,0
speech/sim/nyc2/train/go8.wav,nyc2,train,0
speech/sim/nyc2/train/go9.wav,nyc2,train,0
speech/sim/nyc2/train/hello1.wav,nyc2,train,0
speech/sim/nyc2/train/hello10.wav,nyc2,train,0
speech/sim/nyc2/train/hello11.wav,nyc2,train,0
speech/sim/nyc2/train/hello12.wav,nyc2,train,0
speech/sim/nyc2/train/hello2.wav,nyc2,train,0
speech/sim/nyc2/train/hello3.wav,nyc2,train,0
speech/sim/nyc2/train/hello4.wav,nyc2,train,0
speech/sim/nyc2/train/hello5.wav,nyc2,train,0
speech/sim/nyc2/train/hello6.wav,nyc2,train,0
speech/sim/nyc2/train/hello7.wav,nyc2,train,0
speech/sim/nyc2/train/hello8.wav,nyc2,train,0
speech/sim/nyc2/train/hello9.wav,nyc2,train,0
speech/sim/nyc2/train/help1.wav,nyc2,train,0
speech/sim/nyc2/train/help10.wav,nyc2,train,0
speech/sim/nyc2/train/help11.wav,nyc2,train,0
speech/sim/nyc2/train/help12.wav,nyc2,train,0
speech/sim/nyc2/train/help2.wav,nyc2,train,0
speech/sim/nyc2/train/help3.wav,nyc2,train,0
speech/sim/nyc2/train/help4.wav,nyc2,train,0
speech/sim/nyc2/train/help5.wav,nyc2,train,0
speech/sim/nyc2/train/help6.wav,nyc2,train,0
speech/sim/nyc2/train/help7.wav,nyc2,train,0
speech/sim/nyc2/train/help8.wav,nyc2,train,0
speech/sim/nyc2/train/help9.wav,nyc2,train,0
speech/sim/nyc2/train/histog1.wav,nyc2,train,0
speech/sim/nyc2/train/histog10.wav,nyc2,train,0
speech/sim/nyc2/train/histog11.wav,nyc2,train,0
speech/sim/nyc2/train/histog12.wav,nyc2,train,0
speech/sim/nyc2/train/histog2.wav,nyc2,train,0
speech/sim/nyc2/train/histog3.wav,nyc2,train,0
speech/sim/nyc2/train/histog4.wav,nyc2,train,0
speech/sim/nyc2/train/histog5.wav,nyc2,train,0
speech/sim/nyc2/train/histog6.wav,nyc2,train,0
speech/sim/nyc2/train/histog7.wav,nyc2,train,0
speech/sim/nyc2/train/histog8.wav,nyc2,train,0
speech/sim/nyc2/train/histog9.wav,nyc2,train,0
speech/sim/nyc2/train/hot1.wav,nyc2,train,0
speech/sim/nyc2/train/hot10.wav,nyc2,train,0
speech/sim/nyc2/train/hot11.wav,nyc2,train,0
speech/sim/nyc2/train/hot12.wav,nyc2,train,0
speech/sim/nyc2/train/hot2.wav,nyc2,train,0
speech/sim/nyc2/train/hot3.wav,nyc2,train,0
speech/sim/nyc2/train/hot4.wav,nyc2,train,0
speech/sim/nyc2/train/hot5.wav,nyc2,train,0
speech/sim/nyc2/train/hot6.wav,nyc2,train,0
speech/sim/nyc2/train/hot7.wav,nyc2,train,0
speech/sim/nyc2/train/hot8.wav,nyc2,train,0
speech/sim/nyc2/train/hot9.wav,nyc2,train,0
speech/sim/nyc2/train/mark1.wav,nyc2,train,0
speech/sim/nyc2/train/mark10.wav,nyc2,train,0
speech/sim/nyc2/train/mark11.wav,nyc2,train,0
speech/sim/nyc2/train/mark12.wav,nyc2,train,0
speech/sim/nyc2/train/mark2.wav,nyc2,train,0
speech/sim/nyc2/train/mark3.wav,nyc2,train,0
speech/sim/nyc2/train/mark4.wav,nyc2,train,0
speech/sim/nyc2/train/mark5.wav,nyc2,train,0
speech/sim/nyc2/train/mark6.wav,nyc2,train,0
speech/sim/nyc2/train/mark7.wav,nyc2,train,0
speech/sim/nyc2/train/mark8.wav,nyc2,train,0
speech/sim/nyc2/train/mark9.wav,nyc2,train,0
speech/sim/nyc2/train/nav1.wav,nyc2,train,0
speech/sim/nyc2/train/nav10.wav,nyc2,train,0
speech/sim/nyc2/train/nav11.wav,nyc2,train,0
speech/sim/nyc2/train/nav12.wav,nyc2,train,0
speech/sim/nyc2/train/nav2.wav,nyc2,train,0
speech/sim/nyc2/train/nav3.wav,nyc2,train,0
speech/sim/nyc2/train/nav4.wav,nyc2,train,0
speech/sim/nyc2/train/nav5.wav,nyc2,train,0
speech/sim/nyc2/train/nav6.wav,nyc2,train,0
speech/sim/nyc2/train/nav7.wav,nyc2,train,0
speech/sim/nyc2/train/nav8.wav,nyc2,train,0
speech/sim/nyc2/train/nav9.wav,nyc2,train,0
speech/sim/nyc2/train/no1.wav,nyc2,train,0
speech/sim/nyc2/train/no10.wav,nyc2,train,0
speech/sim/nyc2/train/no11.wav,nyc2,train,0
speech/sim/nyc2/train/no12.wav,nyc2,train,0
speech/sim/nyc2/train/no2.wav,nyc2,train,0
speech/sim/nyc2/train/no3.wav,nyc2,train,0
speech/sim/nyc2/train/no4.wav,nyc2,train,0
speech/sim/nyc2/train/no5.wav,nyc2,train,0
speech/sim/nyc2/train/no6.wav,nyc2,train,0
speech/sim/nyc2/train/no7.wav,nyc2,train,0
speech/sim/nyc2/train/no8.wav,nyc2,train,0
speech/sim/nyc2/train/no9.wav,nyc2,train,0
speech/sim/nyc2/train/oh1.wav,nyc2,train,0
speech/sim/nyc2/train/oh10.wav,nyc2,train,0
speech/sim/nyc2/train/oh11.wav,nyc2,train,0
speech/sim/nyc2/train/oh12.wav,nyc2,train,0
speech/sim/nyc2/train/oh2.wav,nyc2,train,0
speech/sim/nyc2/train/oh3.wav,nyc2,train,0
speech/sim/nyc2/train/oh4.wav,nyc2,train,0
speech/sim/nyc2/train/oh5.wav,nyc2,train,0
speech/sim/nyc2/train/oh6.wav,nyc2,train,0
speech/sim/nyc2/train/oh7.wav,nyc2,train,0
speech/sim/nyc2/train/oh8.wav,nyc2,train,0
speech/sim/nyc2/train/oh9.wav,nyc2,train,0
speech/sim/nyc2/train/on1.wav,nyc2,train,0
speech/sim/nyc2/train/on10.wav,nyc2,train,0
speech/sim/nyc2/train/on11.wav,nyc2,train,0
speech/sim/nyc2/train/on12.wav,nyc2,train,0
speech/sim/nyc2/train/on2.wav,nyc2,train,0
speech/sim/nyc2/train/on3.wav,nyc2,train,0
speech/sim/nyc2/train/on4.wav,nyc2,train,0
speech/sim/nyc2/train/on5.wav,nyc2,train,0
speech/sim/nyc2/train/on6.wav,nyc2,train,0
speech/sim/nyc2/train/on7.wav,nyc2,train,0
speech/sim/nyc2/train/on8.wav,nyc2,train,0
speech/sim/nyc2/train/on9.wav,nyc2,train,0
speech/sim/nyc2/train/out1.wav,nyc2,train,0
speech/sim/nyc2/train/out10.wav,nyc2,train,0
speech/sim/nyc2/train/out11.wav,nyc2,train,0
speech/sim/nyc2/train/out12.wav,nyc2,train,0
speech/sim/nyc2/train/out2.wav,nyc2,train,0
speech/sim/nyc2/train/out3.wav,nyc2,train,0
speech/sim/nyc2/train/out4.wav,nyc2,train,0
speech/sim/nyc2/train/out5.wav,nyc2,train,0
speech/sim/nyc2/train/out6.wav,nyc2,train,0
speech/sim/nyc2/train/out7.wav,nyc2,train,0
speech/sim/nyc2/train/out8.wav,nyc2,train,0
speech/sim/nyc2/train/out9.wav,nyc2,train,0
speech/sim/nyc2/train/point1.wav,nyc2,train,0
speech/sim/nyc2/train/point10.wav,nyc2,train,0
speech/sim/nyc2/train/point11.wav,nyc2,train,0
speech/sim/nyc2/train/point12.wav,nyc2,train,0
speech/sim/nyc2/train/point2.wav,nyc2,train,0
speech/sim/nyc2/train/point3.wav,nyc2,train,0
speech/sim/nyc2/train/point4.wav,nyc2,train,0
speech/sim/nyc2/train/point5.wav,nyc2,train,0
speech/sim/nyc2/train/point6.wav,nyc2,train,0
speech/sim/nyc2/train/point7.wav,nyc2,train,0
speech/sim/nyc2/train/point8.wav,nyc2,train,0
speech/sim/nyc2/train/point9.wav,nyc2,train,0
speech/sim/nyc2/train/six1.wav,nyc2,train,0
speech/sim/nyc2/train/six10.wav,nyc2,train,0
speech/sim/nyc2/train/six11.wav,nyc2,train,0
speech/sim/nyc2/train/six12.wav,nyc2,train,0
speech/sim/nyc2/train/six2.wav,nyc2,train,0
speech/sim/nyc2/train/six3.wav,nyc2,train,0
speech/sim/nyc2/train/six4.wav,nyc2,train,0
speech/sim/nyc2/train/six5.wav,nyc2,train,0
speech/sim/nyc2/train/six6.wav,nyc2,train,0
speech/sim/nyc2/train/six7.wav,nyc2,train,0
speech/sim/nyc2/train/six8.wav,nyc2,train,0
speech/sim/nyc2/train/six9.wav,nyc2,train,0
speech/sim/nyc2/train/south1.wav,nyc2,train,0
speech/sim/nyc2/train/south10.wav,nyc2,train,0
speech/sim/nyc2/train/south11.wav,nyc2,train,0
speech/sim/nyc2/train/south12.wav,nyc2,train,0
speech/sim/nyc2/train/south2.wav,nyc2,train,0
speech/sim/nyc2/train/south3.wav,nyc2,train,0
speech/sim/nyc2/train/south4.wav,nyc2,train,0
speech/sim/nyc2/train/south5.wav,nyc2,train,0
speech/sim/nyc2/train/south6.wav,nyc2,train,0
speech/sim/nyc2/train/south7.wav,nyc2,train,0
speech/sim/nyc2/train/south8.wav,nyc2,train,0
speech/sim/nyc2/train/south9.wav,nyc2,train,0
speech/sim/nyc2/train/stand1.wav,nyc2,train,0
speech/sim/nyc2/train/stand10.wav,nyc2,train,0
speech/sim/nyc2/train/stand11.wav,nyc2,train,0
speech/sim/nyc2/train/stand12.wav,nyc2,train,0
speech/sim/nyc2/train/stand2.wav,nyc2,train,0
speech/sim/nyc2/train/stand3.wav,nyc2,train,0
speech/sim/nyc2/train/stand4.wav,nyc2,train,0
speech/sim/nyc2/train/stand5.wav,nyc2,train,0
speech/sim/nyc2/train/stand6.wav,nyc2,train,0
speech/sim/nyc2/train/stand7.wav,nyc2,train,0
speech/sim/nyc2/train/stand8.wav,nyc2,train,0
speech/sim/nyc2/train/stand9.wav,nyc2,train,0
speech/sim/nyc2/train/steer1.wav,nyc2,train,0
speech/sim/nyc2/train/steer10.wav,nyc2,train,0
speech/sim/nyc2/train/steer11.wav,nyc2,train,0
speech/sim/nyc2/train/steer12.wav,nyc2,train,0
speech/sim/nyc2/train/steer2.wav,nyc2,train,0
speech/sim/nyc2/train/steer3.wav,nyc2,train,0
speech/sim/nyc2/train/steer4.wav,nyc2,train,0
speech/sim/nyc2/train/steer5.wav,nyc2,train,0
speech/sim/nyc2/train/steer6.wav,nyc2,train,0
speech/sim/nyc2/train/steer7.wav,nyc2,train,0
speech/sim/nyc2/train/steer8.wav,nyc2,train,0
speech/sim/nyc2/train/steer9.wav,nyc2,train,0
speech/sim/nyc2/train/strafe1.wav,nyc2,train,0
speech/sim/nyc2/train/strafe10.wav,nyc2,train,0
speech/sim/nyc2/train/strafe11.wav,nyc2,train,0
speech/sim/nyc2/train/strafe12.wav,nyc2,train,0
speech/sim/nyc2/train/strafe2.wav,nyc2,train,0
speech/sim/nyc2/train/strafe3.wav,nyc2,train,0
speech/sim/nyc2/train/strafe4.wav,nyc2,train,0
speech/sim/nyc2/train/strafe5.wav,nyc2,train,0
speech/sim/nyc2/train/strafe6.wav,nyc2,train,0
speech/sim/nyc2/train/strafe7.wav,nyc2,train,0
speech/sim/nyc2/train/strafe8.wav,nyc2,train,0
speech/sim/nyc2/train/strafe9.wav,nyc2,train,0
speech/sim/nyc2/train/ten1.wav,nyc2,train,0
speech/sim/nyc2/train/ten10.wav,nyc2,train,0
speech/sim/nyc2/train/ten11.wav,nyc2,train,0
speech/sim/nyc2/train/ten12.wav,nyc2,train,0
speech/sim/nyc2/train/ten2.wav,nyc2,train,0
speech/sim/nyc2/train/ten3.wav,nyc2,train,0
speech/sim/nyc2/train/ten4.wav,nyc2,train,0
speech/sim/nyc2/train/ten5.wav,nyc2,train,0
speech/sim/nyc2/train/ten6.wav,nyc2,train,0
speech/sim/nyc2/train/ten7.wav,nyc2,train,0
speech/sim/nyc2/train/ten8.wav,nyc2,train,0
speech/sim/nyc2/train/ten9.wav,nyc2,train,0
speech/sim/nyc2/train/thirty1.wav,nyc2,train,0
speech/sim/nyc2/train/thirty10.wav,nyc2,train,0
speech/sim/nyc2/train/thirty11.wav,nyc2,train,0
speech/sim/nyc2/train/thirty12.wav,nyc2,train,0
speech/sim/nyc2/train/thirty2.wav,nyc2,train,0
speech/sim/nyc2/train/thirty3.wav,nyc2,train,0
speech/sim/nyc2/train/thirty4.wav,nyc2,train,0
speech/sim/nyc2/train/thirty5.wav,nyc2,train,0
speech/sim/nyc2/train/thirty6.wav,nyc2,train,0
speech/sim/nyc2/train/thirty7.wav,nyc2,train,0
speech/sim/nyc2/train/thirty8.wav,nyc2,train,0
speech/sim/nyc2/train/thirty9.wav,nyc2,train,0
speech/sim/nyc2/train/three1.wav,nyc2,train,0
speech/sim/nyc2/train/three10.wav,nyc2,train,0
speech/sim/nyc2/train/three11.wav,nyc2,train,0
speech/sim/nyc2/train/three12.wav,nyc2,train,0
speech/sim/nyc2/train/three2.wav,nyc2,train,0
speech/sim/nyc2/train/three3.wav,nyc2,train,0
speech/sim/nyc2/train/three4.wav,nyc2,train,0
speech/sim/nyc2/train/three5.wav,nyc2,train,0
speech/sim/nyc2/train/three6.wav,nyc2,train,0
speech/sim/nyc2/train/three7.wav,nyc2,train,0
speech/sim/nyc2/train/three8.wav,nyc2,train,0
speech/sim/nyc2/train/three9.wav,nyc2,train,0
speech/sim/nyc2/train/white1.wav,nyc2,train,0
speech/sim/nyc2/train/white10.wav,nyc2,train,0
speech/sim/nyc2/train/white11.wav,nyc2,train,0
speech/sim/nyc2/train/white12.wav,nyc2,train,0
speech/sim/nyc2/train/white2.wav,nyc2,train,0
speech/sim/nyc2/train/white3.wav,nyc2,train,0
speech/sim/nyc2/train/white4.wav,nyc2,train,0
speech/sim/nyc2/train/white5.wav,nyc2,train,0
speech/sim/nyc2/train/white6.wav,nyc2,train,0
speech/sim/nyc2/train/white7.wav,nyc2,train,0
speech/sim/nyc2/train/white8.wav,nyc2,train,0
speech/sim/nyc2/train/white9.wav,nyc2,train,0
speech/sim/nyc2/train/wide1.wav,nyc2,train,0
speech/sim/nyc2/train/wide10.wav,nyc2,train,0
speech/sim/nyc2/train/wide11.wav,nyc2,train,0
speech/sim/nyc2/train/wide12.wav,nyc2,train,0
speech/sim/nyc2/train/wide2.wav,nyc2,train,0
speech/sim/nyc2/train/wide3.wav,nyc2,train,0
speech/sim/nyc2/train/wide4.wav,nyc2,train,0
speech/sim/nyc2/train/wide5.wav,nyc2,train,0
speech/sim/nyc2/train/wide6.wav,nyc2,train,0
speech/sim/nyc2/train/wide7.wav,nyc2,train,0
speech/sim/nyc2/train/wide8.wav,nyc2,train,0
speech/sim/nyc2/train/wide9.wav,nyc2,train,0
speech/sim/nyc2/train/zero1.wav,nyc2,train,0
speech/sim/nyc2/train/zero10.wav,nyc2,train,0
speech/sim/nyc2/train/zero11.wav,nyc2,train,0
speech/sim/nyc2/train/zero12.wav,nyc2,train,0
speech/sim/nyc2/train/zero2.wav,nyc2,train,0
speech/sim/nyc2/train/zero3.wav,nyc2,train,0
speech/sim/nyc2/train/zero4.wav,nyc2,train,0
speech/sim/nyc2/train/zero5.wav,nyc2,train,0
speech/sim/nyc2/train/zero6.wav,nyc2,train,0
speech/sim/nyc2/train/zero7.wav,nyc2,train,0
speech/sim/nyc2/train/zero8.wav,nyc2,train,0
speech/sim/nyc2/train/zero9.wav,nyc2,train,0
speech/sim/nyc3/angry/break1.wav,nyc3,angry,2
speech/sim/nyc3/angry/break2.wav,nyc3,angry,2
speech/sim/nyc3/angry/change1.wav,nyc3,angry,2
speech/sim/nyc3/angry/change2.wav,nyc3,angry,2
speech/sim/nyc3/angry/degree1.wav,nyc3,angry,2
speech/sim/nyc3/angry/degree2.wav,nyc3,angry,2
speech/sim/nyc3/angry/destin1.wav,nyc3,angry,2
speech/sim/nyc3/angry/destin2.wav,nyc3,angry,2
speech/sim/nyc3/angry/east1.wav,nyc3,angry,2
speech/sim/nyc3/angry/east2.wav,nyc3,angry,2
speech/sim/nyc3/angry/eight1.wav,nyc3,angry,2
speech/sim/nyc3/angry/eight2.wav,nyc3,angry,2
speech/sim/nyc3/angry/eighty1.wav,nyc3,angry,2
speech/sim/nyc3/angry/eighty2.wav,nyc3,angry,2
speech/sim/nyc3/angry/enter1.wav,nyc3,angry,2
speech/sim/nyc3/angry/enter2.wav,nyc3,angry,2
speech/sim/nyc3/angry/fifty1.wav,nyc3,angry,2
speech/sim/nyc3/angry/fifty2.wav,nyc3,angry,2
speech/sim/nyc3/angry/fix1.wav,nyc3,angry,2
speech/sim/nyc3/angry/fix2.wav,nyc3,angry,2
speech/sim/nyc3/angry/freeze1.wav,nyc3,angry,2
speech/sim/nyc3/angry/freeze2.wav,nyc3,angry,2
speech/sim/nyc3/angry/gain1.wav,nyc3,angry,2
speech/sim/nyc3/angry/gain2.wav,nyc3,angry,2
speech/sim/nyc3/angry/go1.wav,nyc3,angry,2
speech/sim/nyc3/angry/go2.wav,nyc3,angry,2
speech/sim/nyc3/angry/hello1.wav,nyc3,angry,2
speech/sim/nyc3/angry/hello2.wav,nyc3,angry,2
speech/sim/nyc3/angry/help1.wav,nyc3,angry,2
speech/sim/nyc3/angry/help2.wav,nyc3,angry,2
speech/sim/nyc3/angry/histog1.wav,nyc3,angry,2
speech/sim/nyc3/angry/histog2.wav,nyc3,angry,2
speech/sim/nyc3/angry/hot1.wav,nyc3,angry,2
speech/sim/nyc3/angry/hot2.wav,nyc3,angry,2
speech/sim/nyc3/angry/mark1.wav,nyc3,angry,2
speech/sim/nyc3/angry/mark2.wav,nyc3,angry,2
speech/sim/nyc3/angry/nav1.wav,nyc3,angry,2
speech/sim/nyc3/angry/nav2.wav,nyc3,angry,2
speech/sim/nyc3/angry/no1.wav,nyc3,angry,2
speech/sim/nyc3/angry/no2.wav,nyc3,angry,2
speech/sim/nyc3/angry/oh1.wav,nyc3,angry,2
speech/sim/nyc3/angry/oh2.wav,nyc3,angry,2
speech/sim/nyc3/angry/on1.wav,nyc3,angry,2
speech/sim/nyc3/angry/on2.wav,nyc3,angry,2
speech/sim/nyc3/angry/out1.wav,nyc3,angry,2
speech/sim/nyc3/angry/out2.wav,nyc3,angry,2
speech/sim/nyc3/angry/point1.wav,nyc3,angry,2
speech/sim/nyc3/angry/point2.wav,nyc3,angry,2
speech/sim/nyc3/angry/six1.wav,nyc3,angry,2
speech/sim/nyc3/angry/six2.wav,nyc3,angry,2
speech/sim/nyc3/angry/south1.wav,nyc3,angry,2
speech/sim/nyc3/angry/south2.wav,nyc3,angry,2
speech/sim/nyc3/angry/stand1.wav,nyc3,angry,2
speech/sim/nyc3/angry/stand2.wav,nyc3,angry,2
speech/sim/nyc3/angry/steer1.wav,nyc3,angry,2
speech/sim/nyc3/angry/steer2.wav,nyc3,angry,2
speech/sim/nyc3/angry/strafe1.wav,nyc3,angry,2
speech/sim/nyc3/angry/strafe2.wav,nyc3,angry,2
speech/sim/nyc3/angry/ten1.wav,nyc3,angry,2
speech/sim/nyc3/angry/ten2.wav,nyc3,angry,2
speech/sim/nyc3/angry/thirty1.wav,nyc3,angry,2
speech/sim/nyc3/angry/thirty2.wav,nyc3,angry,2
speech/sim/nyc3/angry/three1.wav,nyc3,angry,2
speech/sim/nyc3/angry/three2.wav,nyc3,angry,2
speech/sim/nyc3/angry/white1.wav,nyc3,angry,2
speech/sim/nyc3/angry/white2.wav,nyc3,angry,2
speech/sim/nyc3/angry/wide1.wav,nyc3,angry,2
speech/sim/nyc3/angry/wide2.wav,nyc3,angry,2
speech/sim/nyc3/angry/zero1.wav,nyc3,angry,2
speech/sim/nyc3/angry/zero2.wav,nyc3,angry,2
speech/sim/nyc3/clear/break1.wav,nyc3,clear,0
speech/sim/nyc3/clear/break2.wav,nyc3,clear,0
speech/sim/nyc3/clear/change1.wav,nyc3,clear,0
speech/sim/nyc3/clear/change2.wav,nyc3,clear,0
speech/sim/nyc3/clear/degree1.wav,nyc3,clear,0
speech/sim/nyc3/clear/degree2.wav,nyc3,clear,0
speech/sim/nyc3/clear/destin1.wav,nyc3,clear,0
speech/sim/nyc3/clear/destin2.wav,nyc3,clear,0
speech/sim/nyc3/clear/east1.wav,nyc3,clear,0
speech/sim/nyc3/clear/east2.wav,nyc3,clear,0
speech/sim/nyc3/clear/eight1.wav,nyc3,clear,0
speech/sim/nyc3/clear/eight2.wav,nyc3,clear,0
speech/sim/nyc3/clear/eighty1.wav,nyc3,clear,0
speech/sim/nyc3/clear/eighty2.wav,nyc3,clear,0
speech/sim/nyc3/clear/enter1.wav,nyc3,clear,0
speech/sim/nyc3/clear/enter2.wav,nyc3,clear,0
speech/sim/nyc3/clear/fifty1.wav,nyc3,clear,0
speech/sim/nyc3/clear/fifty2.wav,nyc3,clear,0
speech/sim/nyc3/clear/fix1.wav,nyc3,clear,0
speech/sim/nyc3/clear/fix2.wav,nyc3,clear,0
speech/sim/nyc3/clear/freeze1.wav,nyc3,clear,0
speech/sim/nyc3/clear/freeze2.wav,nyc3,clear,0
speech/sim/nyc3/clear/gain1.wav,nyc3,clear,0
speech/sim/nyc3/clear/gain2.wav,nyc3,clear,0
speech/sim/nyc3/clear/go1.wav,nyc3,clear,0
speech/sim/nyc3/clear/go2.wav,nyc3,clear,0
speech/sim/nyc3/clear/hello1.wav,nyc3,clear,0
speech/sim/nyc3/clear/hello2.wav,nyc3,clear,0
speech/sim/nyc3/clear/help1.wav,nyc3,clear,0
speech/sim/nyc3/clear/help2.wav,nyc3,clear,0
speech/sim/nyc3/clear/histog1.wav,nyc3,clear,0
speech/sim/nyc3/clear/histog2.wav,nyc3,clear,0
speech/sim/nyc3/clear/hot1.wav,nyc3,clear,0
speech/sim/nyc3/clear/hot2.wav,nyc3,clear,0
speech/sim/nyc3/clear/mark1.wav,nyc3,clear,0
speech/sim/nyc3/clear/mark2.wav,nyc3,clear,0
speech/sim/nyc3/clear/nav1.wav,nyc3,clear,0
speech/sim/nyc3/clear/nav2.wav,nyc3,clear,0
speech/sim/nyc3/clear/no1.wav,nyc3,clear,0
speech/sim/nyc3/clear/no2.wav,nyc3,clear,0
speech/sim/nyc3/clear/oh1.wav,nyc3,clear,0
speech/sim/nyc3/clear/oh2.wav,nyc3,clear,0
speech/sim/nyc3/clear/on1.wav,nyc3,clear,0
speech/sim/nyc3/clear/on2.wav,nyc3,clear,0
speech/sim/nyc3/clear/out1.wav,nyc3,clear,0
speech/sim/nyc3/clear/out2.wav,nyc3,clear,0
speech/sim/nyc3/clear/point1.wav,nyc3,clear,0
speech/sim/nyc3/clear/point2.wav,nyc3,clear,0
speech/sim/nyc3/clear/six1.wav,nyc3,clear,0
speech/sim/nyc3/clear/six2.wav,nyc3,clear,0
speech/sim/nyc3/clear/south1.wav,nyc3,clear,0
speech/sim/nyc3/clear/south2.wav,nyc3,clear,0
speech/sim/nyc3/clear/stand1.wav,nyc3,clear,0
speech/sim/nyc3/clear/stand2.wav,nyc3,clear,0
speech/sim/nyc3/clear/steer1.wav,nyc3,clear,0
speech/sim/nyc3/clear/steer2.wav,nyc3,clear,0
speech/sim/nyc3/clear/strafe1.wav,nyc3,clear,0
speech/sim/nyc3/clear/strafe2.wav,nyc3,clear,0
speech/sim/nyc3/clear/ten1.wav,nyc3,clear,0
speech/sim/nyc3/clear/ten2.wav,nyc3,clear,0
speech/sim/nyc3/clear/thirty1.wav,nyc3,clear,0
speech/sim/nyc3/clear/thirty2.wav,nyc3,clear,0
speech/sim/nyc3/clear/three1.wav,nyc3,clear,0
speech/sim/nyc3/clear/three2.wav,nyc3,clear,0
speech/sim/nyc3/clear/white1.wav,nyc3,clear,0
speech/sim/nyc3/clear/white2.wav,nyc3,clear,0
speech/sim/nyc3/clear/wide1.wav,nyc3,clear,0
speech/sim/nyc3/clear/wide2.wav,nyc3,clear,0
speech/sim/nyc3/clear/zero1.wav,nyc3,clear,0
speech/sim/nyc3/clear/zero2.wav,nyc3,clear,0
speech/sim/nyc3/cond50/break1.wav,nyc3,cond50,0
speech/sim/nyc3/cond50/break2.wav,nyc3,cond50,0
speech/sim/nyc3/cond50/change1.wav,nyc3,cond50,0
speech/sim/nyc3/cond50/change2.wav,nyc3,cond50,0
speech/sim/nyc3/cond50/degree1.wav,nyc3,cond50,0
speech/sim/nyc3/cond50/degree2.wav,nyc3,cond50,0
speech/sim/nyc3/cond50/destin1.wav,nyc3,cond50,0
speech/sim/nyc3/cond50/destin2.wav,nyc3,cond50,0
speech/sim/nyc3/cond50/east1.wav,nyc3,cond50,0
speech/sim/nyc3/cond50/east2.wav,nyc3,cond50,0
speech/sim/nyc3/cond50/eight1.wav,nyc3,cond50,0
speech/sim/nyc3/cond50/eight2.wav,nyc3,cond50,0
speech/sim/nyc3/cond50/eighty1.wav,nyc3,cond50,0
speech/sim/nyc3/cond50/eighty2.wav,nyc3,cond50,0
speech/sim/nyc3/cond50/enter1.wav,nyc3,cond50,0
speech/sim/nyc3/cond50/enter2.wav,nyc3,cond50,0
speech/sim/nyc3/cond50/fifty1.wav,nyc3,cond50,0
speech/sim/nyc3/cond50/fifty2.wav,nyc3,cond50,0
speech/sim/nyc3/cond50/fix1.wav,nyc3,cond50,0
speech/sim/nyc3/cond50/fix2.wav,nyc3,cond50,0
speech/sim/nyc3/cond50/freeze1.wav,nyc3,cond50,0
speech/sim/nyc3/cond50/freeze2.wav,nyc3,cond50,0
speech/sim/nyc3/cond50/gain1.wav,nyc3,cond50,0
speech/sim/nyc3/cond50/gain2.wav,nyc3,cond50,0
speech/sim/nyc3/cond50/go1.wav,nyc3,cond50,0
speech/sim/nyc3/cond50/go2.wav,nyc3,cond50,0
speech/sim/nyc3/cond50/hello1.wav,nyc3,cond50,0
speech/sim/nyc3/cond50/hello2.wav,nyc3,cond50,0
speech/sim/nyc3/cond50/help1.wav,nyc3,cond50,0
speech/sim/nyc3/cond50/help2.wav,nyc3,cond50,0
speech/sim/nyc3/cond50/histog1.wav,nyc3,cond50,0
speech/sim/nyc3/cond50/histog2.wav,nyc3,cond50,0
speech/sim/nyc3/cond50/hot1.wav,nyc3,cond50,0
speech/sim/nyc3/cond50/hot2.wav,nyc3,cond50,0
speech/sim/nyc3/cond50/mark1.wav,nyc3,cond50,0
speech/sim/nyc3/cond50/mark2.wav,nyc3,cond50,0
speech/sim/nyc3/cond50/nav1.wav,nyc3,cond50,0
speech/sim/nyc3/cond50/nav2.wav,nyc3,cond50,0
speech/sim/nyc3/cond50/no1.wav,nyc3,cond50,0
speech/sim/nyc3/cond50/no2.wav,nyc3,cond50,0
speech/sim/nyc3/cond50/oh1.wav,nyc3,cond50,0
speech/sim/nyc3/cond50/oh2.wav,nyc3,cond50,0
speech/sim/nyc3/cond50/on1.wav,nyc3,cond50,0
speech/sim/nyc3/cond50/on2.wav,nyc3,cond50,0
speech/sim/nyc3/cond50/out1.wav,nyc3,cond50,0
speech/sim/nyc3/cond50/out2.wav,nyc3,cond50,0
speech/sim/nyc3/cond50/point1.wav,nyc3,cond50,0
speech/sim/nyc3/cond50/point2.wav,nyc3,cond50,0
speech/sim/nyc3/cond50/six1.wav,nyc3,cond50,0
speech/sim/nyc3/cond50/six2.wav,nyc3,cond50,0
speech/sim/nyc3/cond50/south1.wav,nyc3,cond50,0
speech/sim/nyc3/cond50/south2.wav,nyc3,cond50,0
speech/sim/nyc3/cond50/stand1.wav,nyc3,cond50,0
speech/sim/nyc3/cond50/stand2.wav,nyc3,cond50,0
speech/sim/nyc3/cond50/steer1.wav,nyc3,cond50,0
speech/sim/nyc3/cond50/steer2.wav,nyc3,cond50,0
speech/sim/nyc3/cond50/strafe1.wav,nyc3,cond50,0
speech/sim/nyc3/cond50/strafe2.wav,nyc3,cond50,0
speech/sim/nyc3/cond50/ten1.wav,nyc3,cond50,0
speech/sim/nyc3/cond50/ten2.wav,nyc3,cond50,0
speech/sim/nyc3/cond50/thirty1.wav,nyc3,cond50,0
speech/sim/nyc3/cond50/thirty2.wav,nyc3,cond50,0
speech/sim/nyc3/cond50/three1.wav,nyc3,cond50,0
speech/sim/nyc3/cond50/three2.wav,nyc3,cond50,0
speech/sim/nyc3/cond50/white1.wav,nyc3,cond50,0
speech/sim/nyc3/cond50/white2.wav,nyc3,cond50,0
speech/sim/nyc3/cond50/wide1.wav,nyc3,cond50,0
speech/sim/nyc3/cond50/wide2.wav,nyc3,cond50,0
speech/sim/nyc3/cond50/zero1.wav,nyc3,cond50,0
speech/sim/nyc3/cond50/zero2.wav,nyc3,cond50,0
speech/sim/nyc3/cond70/break1.wav,nyc3,cond70,1
speech/sim/nyc3/cond70/break2.wav,nyc3,cond70,1
speech/sim/nyc3/cond70/change1.wav,nyc3,cond70,1
speech/sim/nyc3/cond70/change2.wav,nyc3,cond70,1
speech/sim/nyc3/cond70/degree1.wav,nyc3,cond70,1
speech/sim/nyc3/cond70/degree2.wav,nyc3,cond70,1
speech/sim/nyc3/cond70/destin1.wav,nyc3,cond70,1
speech/sim/nyc3/cond70/destin2.wav,nyc3,cond70,1
speech/sim/nyc3/cond70/east1.wav,nyc3,cond70,1
speech/sim/nyc3/cond70/east2.wav,nyc3,cond70,1
speech/sim/nyc3/cond70/eight1.wav,nyc3,cond70,1
speech/sim/nyc3/cond70/eight2.wav,nyc3,cond70,1
speech/sim/nyc3/cond70/eighty1.wav,nyc3,cond70,1
speech/sim/nyc3/cond70/eighty2.wav,nyc3,cond70,1
speech/sim/nyc3/cond70/enter1.wav,nyc3,cond70,1
speech/sim/nyc3/cond70/enter2.wav,nyc3,cond70,1
speech/sim/nyc3/cond70/fifty1.wav,nyc3,cond70,1
speech/sim/nyc3/cond70/fifty2.wav,nyc3,cond70,1
speech/sim/nyc3/cond70/fix1.wav,nyc3,cond70,1
speech/sim/nyc3/cond70/fix2.wav,nyc3,cond70,1
speech/sim/nyc3/cond70/freeze1.wav,nyc3,cond70,1
speech/sim/nyc3/cond70/freeze2.wav,nyc3,cond70,1
speech/sim/nyc3/cond70/gain1.wav,nyc3,cond70,1
speech/sim/nyc3/cond70/gain2.wav,nyc3,cond70,1
speech/sim/nyc3/cond70/go1.wav,nyc3,cond70,1
speech/sim/nyc3/cond70/go2.wav,nyc3,cond70,1
speech/sim/nyc3/cond70/hello1.wav,nyc3,cond70,1
speech/sim/nyc3/cond70/hello2.wav,nyc3,cond70,1
speech/sim/nyc3/cond70/help1.wav,nyc3,cond70,1
speech/sim/nyc3/cond70/help2.wav,nyc3,cond70,1
speech/sim/nyc3/cond70/histog1.wav,nyc3,cond70,1
speech/sim/nyc3/cond70/histog2.wav,nyc3,cond70,1
speech/sim/nyc3/cond70/hot1.wav,nyc3,cond70,1
speech/sim/nyc3/cond70/hot2.wav,nyc3,cond70,1
speech/sim/nyc3/cond70/mark1.wav,nyc3,cond70,1
speech/sim/nyc3/cond70/mark2.wav,nyc3,cond70,1
speech/sim/nyc3/cond70/nav1.wav,nyc3,cond70,1
speech/sim/nyc3/cond70/nav2.wav,nyc3,cond70,1
speech/sim/nyc3/cond70/no1.wav,nyc3,cond70,1
speech/sim/nyc3/cond70/no2.wav,nyc3,cond70,1
speech/sim/nyc3/cond70/oh1.wav,nyc3,cond70,1
speech/sim/nyc3/cond70/oh2.wav,nyc3,cond70,1
speech/sim/nyc3/cond70/on1.wav,nyc3,cond70,1
speech/sim/nyc3/cond70/on2.wav,nyc3,cond70,1
speech/sim/nyc3/cond70/out1.wav,nyc3,cond70,1
speech/sim/nyc3/cond70/out2.wav,nyc3,cond70,1
speech/sim/nyc3/cond70/point1.wav,nyc3,cond70,1
speech/sim/nyc3/cond70/point2.wav,nyc3,cond70,1
speech/sim/nyc3/cond70/six1.wav,nyc3,cond70,1
speech/sim/nyc3/cond70/six2.wav,nyc3,cond70,1
speech/sim/nyc3/cond70/south1.wav,nyc3,cond70,1
speech/sim/nyc3/cond70/south2.wav,nyc3,cond70,1
speech/sim/nyc3/cond70/stand1.wav,nyc3,cond70,1
speech/sim/nyc3/cond70/stand2.wav,nyc3,cond70,1
speech/sim/nyc3/cond70/steer1.wav,nyc3,cond70,1
speech/sim/nyc3/cond70/steer2.wav,nyc3,cond70,1
speech/sim/nyc3/cond70/strafe1.wav,nyc3,cond70,1
speech/sim/nyc3/cond70/strafe2.wav,nyc3,cond70,1
speech/sim/nyc3/cond70/ten1.wav,nyc3,cond70,1
speech/sim/nyc3/cond70/ten2.wav,nyc3,cond70,1
speech/sim/nyc3/cond70/thirty1.wav,nyc3,cond70,1
speech/sim/nyc3/cond70/thirty2.wav,nyc3,cond70,1
speech/sim/nyc3/cond70/three1.wav,nyc3,cond70,1
speech/sim/nyc3/cond70/three2.wav,nyc3,cond70,1
speech/sim/nyc3/cond70/white1.wav,nyc3,cond70,1
speech/sim/nyc3/cond70/white2.wav,nyc3,cond70,1
speech/sim/nyc3/cond70/wide1.wav,nyc3,cond70,1
speech/sim/nyc3/cond70/wide2.wav,nyc3,cond70,1
speech/sim/nyc3/cond70/zero1.wav,nyc3,cond70,1
speech/sim/nyc3/cond70/zero2.wav,nyc3,cond70,1
speech/sim/nyc3/fast/break1.wav,nyc3,fast,0
speech/sim/nyc3/fast/break2.wav,nyc3,fast,0
speech/sim/nyc3/fast/change1.wav,nyc3,fast,0
speech/sim/nyc3/fast/change2.wav,nyc3,fast,0
speech/sim/nyc3/fast/degree1.wav,nyc3,fast,0
speech/sim/nyc3/fast/degree2.wav,nyc3,fast,0
speech/sim/nyc3/fast/destin1.wav,nyc3,fast,0
speech/sim/nyc3/fast/destin2.wav,nyc3,fast,0
speech/sim/nyc3/fast/east1.wav,nyc3,fast,0
speech/sim/nyc3/fast/east2.wav,nyc3,fast,0
speech/sim/nyc3/fast/eight1.wav,nyc3,fast,0
speech/sim/nyc3/fast/eight2.wav,nyc3,fast,0
speech/sim/nyc3/fast/eighty1.wav,nyc3,fast,0
speech/sim/nyc3/fast/eighty2.wav,nyc3,fast,0
speech/sim/nyc3/fast/enter1.wav,nyc3,fast,0
speech/sim/nyc3/fast/enter2.wav,nyc3,fast,0
speech/sim/nyc3/fast/fifty1.wav,nyc3,fast,0
speech/sim/nyc3/fast/fifty2.wav,nyc3,fast,0
speech/sim/nyc3/fast/fix1.wav,nyc3,fast,0
speech/sim/nyc3/fast/fix2.wav,nyc3,fast,0
speech/sim/nyc3/fast/freeze1.wav,nyc3,fast,0
speech/sim/nyc3/fast/freeze2.wav,nyc3,fast,0
speech/sim/nyc3/fast/gain1.wav,nyc3,fast,0
speech/sim/nyc3/fast/gain2.wav,nyc3,fast,0
speech/sim/nyc3/fast/go1.wav,nyc3,fast,0
speech/sim/nyc3/fast/go2.wav,nyc3,fast,0
speech/sim/nyc3/fast/hello1.wav,nyc3,fast,0
speech/sim/nyc3/fast/hello2.wav,nyc3,fast,0
speech/sim/nyc3/fast/help1.wav,nyc3,fast,0
speech/sim/nyc3/fast/help2.wav,nyc3,fast,0
speech/sim/nyc3/fast/histog1.wav,nyc3,fast,0
speech/sim/nyc3/fast/histog2.wav,nyc3,fast,0
speech/sim/nyc3/fast/hot1.wav,nyc3,fast,0
speech/sim/nyc3/fast/hot2.wav,nyc3,fast,0
speech/sim/nyc3/fast/mark1.wav,nyc3,fast,0
speech/sim/nyc3/fast/mark2.wav,nyc3,fast,0
speech/sim/nyc3/fast/nav1.wav,nyc3,fast,0
speech/sim/nyc3/fast/nav2.wav,nyc3,fast,0
speech/sim/nyc3/fast/no1.wav,nyc3,fast,0
speech/sim/nyc3/fast/no2.wav,nyc3,fast,0
speech/sim/nyc3/fast/oh1.wav,nyc3,fast,0
speech/sim/nyc3/fast/oh2.wav,nyc3,fast,0
speech/sim/nyc3/fast/on1.wav,nyc3,fast,0
speech/sim/nyc3/fast/on2.wav,nyc3,fast,0
speech/sim/nyc3/fast/out1.wav,nyc3,fast,0
speech/sim/nyc3/fast/out2.wav,nyc3,fast,0
speech/sim/nyc3/fast/point1.wav,nyc3,fast,0
speech/sim/nyc3/fast/point2.wav,nyc3,fast,0
speech/sim/nyc3/fast/six1.wav,nyc3,fast,0
speech/sim/nyc3/fast/six2.wav,nyc3,fast,0
speech/sim/nyc3/fast/south1.wav,nyc3,fast,0
speech/sim/nyc3/fast/south2.wav,nyc3,fast,0
speech/sim/nyc3/fast/stand1.wav,nyc3,fast,0
speech/sim/nyc3/fast/stand2.wav,nyc3,fast,0
speech/sim/nyc3/fast/steer1.wav,nyc3,fast,0
speech/sim/nyc3/fast/steer2.wav,nyc3,fast,0
speech/sim/nyc3/fast/strafe1.wav,nyc3,fast,0
speech/sim/nyc3/fast/strafe2.wav,nyc3,fast,0
speech/sim/nyc3/fast/ten1.wav,nyc3,fast,0
speech/sim/nyc3/fast/ten2.wav,nyc3,fast,0
speech/sim/nyc3/fast/thirty1.wav,nyc3,fast,0
speech/sim/nyc3/fast/thirty2.wav,nyc3,fast,0
speech/sim/nyc3/fast/three1.wav,nyc3,fast,0
speech/sim/nyc3/fast/three2.wav,nyc3,fast,0
speech/sim/nyc3/fast/white1.wav,nyc3,fast,0
speech/sim/nyc3/fast/white2.wav,nyc3,fast,0
speech/sim/nyc3/fast/wide1.wav,nyc3,fast,0
speech/sim/nyc3/fast/wide2.wav,nyc3,fast,0
speech/sim/nyc3/fast/zero1.wav,nyc3,fast,0
speech/sim/nyc3/fast/zero2.wav,nyc3,fast,0
speech/sim/nyc3/lombard/break1.wav,nyc3,lombard,1
speech/sim/nyc3/lombard/break2.wav,nyc3,lombard,1
speech/sim/nyc3/lombard/change1.wav,nyc3,lombard,1
speech/sim/nyc3/lombard/change2.wav,nyc3,lombard,1
speech/sim/nyc3/lombard/degree1.wav,nyc3,lombard,1
speech/sim/nyc3/lombard/degree2.wav,nyc3,lombard,1
speech/sim/nyc3/lombard/destin1.wav,nyc3,lombard,1
speech/sim/nyc3/lombard/destin2.wav,nyc3,lombard,1
speech/sim/nyc3/lombard/east1.wav,nyc3,lombard,1
speech/sim/nyc3/lombard/east2.wav,nyc3,lombard,1
speech/sim/nyc3/lombard/eight1.wav,nyc3,lombard,1
speech/sim/nyc3/lombard/eight2.wav,nyc3,lombard,1
speech/sim/nyc3/lombard/eighty1.wav,nyc3,lombard,1
speech/sim/nyc3/lombard/eighty2.wav,nyc3,lombard,1
speech/sim/nyc3/lombard/enter1.wav,nyc3,lombard,1
speech/sim/nyc3/lombard/enter2.wav,nyc3,lombard,1
speech/sim/nyc3/lombard/fifty1.wav,nyc3,lombard,1
speech/sim/nyc3/lombard/fifty2.wav,nyc3,lombard,1
speech/sim/nyc3/lombard/fix1.wav,nyc3,lombard,1
speech/sim/nyc3/lombard/fix2.wav,nyc3,lombard,1
speech/sim/nyc3/lombard/freeze1.wav,nyc3,lombard,1
speech/sim/nyc3/lombard/freeze2.wav,nyc3,lombard,1
speech/sim/nyc3/lombard/gain1.wav,nyc3,lombard,1
speech/sim/nyc3/lombard/gain2.wav,nyc3,lombard,1
speech/sim/nyc3/lombard/go1.wav,nyc3,lombard,1
speech/sim/nyc3/lombard/go2.wav,nyc3,lombard,1
speech/sim/nyc3/lombard/hello1.wav,nyc3,lombard,1
speech/sim/nyc3/lombard/hello2.wav,nyc3,lombard,1
speech/sim/nyc3/lombard/help1.wav,nyc3,lombard,1
speech/sim/nyc3/lombard/help2.wav,nyc3,lombard,1
speech/sim/nyc3/lombard/histog1.wav,nyc3,lombard,1
speech/sim/nyc3/lombard/histog2.wav,nyc3,lombard,1
speech/sim/nyc3/lombard/hot1.wav,nyc3,lombard,1
speech/sim/nyc3/lombard/hot2.wav,nyc3,lombard,1
speech/sim/nyc3/lombard/mark1.wav,nyc3,lombard,1
speech/sim/nyc3/lombard/mark2.wav,nyc3,lombard,1
speech/sim/nyc3/lombard/nav1.wav,nyc3,lombard,1
speech/sim/nyc3/lombard/nav2.wav,nyc3,lombard,1
speech/sim/nyc3/lombard/no1.wav,nyc3,lombard,1
speech/sim/nyc3/lombard/no2.wav,nyc3,lombard,1
speech/sim/nyc3/lombard/oh1.wav,nyc3,lombard,1
speech/sim/nyc3/lombard/oh2.wav,nyc3,lombard,1
speech/sim/nyc3/lombard/on1.wav,nyc3,lombard,1
speech/sim/nyc3/lombard/on2.wav,nyc3,lombard,1
speech/sim/nyc3/lombard/out1.wav,nyc3,lombard,1
speech/sim/nyc3/lombard/out2.wav,nyc3,lombard,1
speech/sim/nyc3/lombard/point1.wav,nyc3,lombard,1
speech/sim/nyc3/lombard/point2.wav,nyc3,lombard,1
speech/sim/nyc3/lombard/six1.wav,nyc3,lombard,1
speech/sim/nyc3/lombard/six2.wav,nyc3,lombard,1
speech/sim/nyc3/lombard/south1.wav,nyc3,lombard,1
speech/sim/nyc3/lombard/south2.wav,nyc3,lombard,1
speech/sim/nyc3/lombard/stand1.wav,nyc3,lombard,1
speech/sim/nyc3/lombard/stand2.wav,nyc3,lombard,1
speech/sim/nyc3/lombard/steer1.wav,nyc3,lombard,1
speech/sim/nyc3/lombard/steer2.wav,nyc3,lombard,1
speech/sim/nyc3/lombard/strafe1.wav,nyc3,lombard,1
speech/sim/nyc3/lombard/strafe2.wav,nyc3,lombard,1
speech/sim/nyc3/lombard/ten1.wav,nyc3,lombard,1
speech/sim/nyc3/lombard/ten2.wav,nyc3,lombard,1
speech/sim/nyc3/lombard/thirty1.wav,nyc3,lombard,1
speech/sim/nyc3/lombard/thirty2.wav,nyc3,lombard,1
speech/sim/nyc3/lombard/three1.wav,nyc3,lombard,1
speech/sim/nyc3/lombard/three2.wav,nyc3,lombard,1
speech/sim/nyc3/lombard/white1.wav,nyc3,lombard,1
speech/sim/nyc3/lombard/white2.wav,nyc3,lombard,1
speech/sim/nyc3/lombard/wide1.wav,nyc3,lombard,1
speech/sim/nyc3/lombard/wide2.wav,nyc3,lombard,1
speech/sim/nyc3/lombard/zero1.wav,nyc3,lombard,1
speech/sim/nyc3/lombard/zero2.wav,nyc3,lombard,1
speech/sim/nyc3/loud/break1.wav,nyc3,loud,1
speech/sim/nyc3/loud/break2.wav,nyc3,loud,1
speech/sim/nyc3/loud/change1.wav,nyc3,loud,1
speech/sim/nyc3/loud/change2.wav,nyc3,loud,1
speech/sim/nyc3/loud/degree1.wav,nyc3,loud,1
speech/sim/nyc3/loud/degree2.wav,nyc3,loud,1
speech/sim/nyc3/loud/destin1.wav,nyc3,loud,1
speech/sim/nyc3/loud/destin2.wav,nyc3,loud,1
speech/sim/nyc3/loud/east1.wav,nyc3,loud,1
speech/sim/nyc3/loud/east2.wav,nyc3,loud,1
speech/sim/nyc3/loud/eight1.wav,nyc3,loud,1
speech/sim/nyc3/loud/eight2.wav,nyc3,loud,1
speech/sim/nyc3/loud/eighty1.wav,nyc3,loud,1
speech/sim/nyc3/loud/eighty2.wav,nyc3,loud,1
speech/sim/nyc3/loud/enter1.wav,nyc3,loud,1
speech/sim/nyc3/loud/enter2.wav,nyc3,loud,1
speech/sim/nyc3/loud/fifty1.wav,nyc3,loud,1
speech/sim/nyc3/loud/fifty2.wav,nyc3,loud,1
speech/sim/nyc3/loud/fix1.wav,nyc3,loud,1
speech/sim/nyc3/loud/fix2.wav,nyc3,loud,1
speech/sim/nyc3/loud/freeze1.wav,nyc3,loud,1
speech/sim/nyc3/loud/freeze2.wav,nyc3,loud,1
speech/sim/nyc3/loud/gain1.wav,nyc3,loud,1
speech/sim/nyc3/loud/gain2.wav,nyc3,loud,1
speech/sim/nyc3/loud/go1.wav,nyc3,loud,1
speech/sim/nyc3/loud/go2.wav,nyc3,loud,1
speech/sim/nyc3/loud/hello1.wav,nyc3,loud,1
speech/sim/nyc3/loud/hello2.wav,nyc3,loud,1
speech/sim/nyc3/loud/help1.wav,nyc3,loud,1
speech/sim/nyc3/loud/help2.wav,nyc3,loud,1
speech/sim/nyc3/loud/histog1.wav,nyc3,loud,1
speech/sim/nyc3/loud/histog2.wav,nyc3,loud,1
speech/sim/nyc3/loud/hot1.wav,nyc3,loud,1
speech/sim/nyc3/loud/hot2.wav,nyc3,loud,1
speech/sim/nyc3/loud/mark1.wav,nyc3,loud,1
speech/sim/nyc3/loud/mark2.wav,nyc3,loud,1
speech/sim/nyc3/loud/nav1.wav,nyc3,loud,1
speech/sim/nyc3/loud/nav2.wav,nyc3,loud,1
speech/sim/nyc3/loud/no1.wav,nyc3,loud,1
speech/sim/nyc3/loud/no2.wav,nyc3,loud,1
speech/sim/nyc3/loud/oh1.wav,nyc3,loud,1
speech/sim/nyc3/loud/oh2.wav,nyc3,loud,1
speech/sim/nyc3/loud/on1.wav,nyc3,loud,1
speech/sim/nyc3/loud/on2.wav,nyc3,loud,1
speech/sim/nyc3/loud/out1.wav,nyc3,loud,1
speech/sim/nyc3/loud/out2.wav,nyc3,loud,1
speech/sim/nyc3/loud/point1.wav,nyc3,loud,1
speech/sim/nyc3/loud/point2.wav,nyc3,loud,1
speech/sim/nyc3/loud/six1.wav,nyc3,loud,1
speech/sim/nyc3/loud/six2.wav,nyc3,loud,1
speech/sim/nyc3/loud/south1.wav,nyc3,loud,1
speech/sim/nyc3/loud/south2.wav,nyc3,loud,1
speech/sim/nyc3/loud/stand1.wav,nyc3,loud,1
speech/sim/nyc3/loud/stand2.wav,nyc3,loud,1
speech/sim/nyc3/loud/steer1.wav,nyc3,loud,1
speech/sim/nyc3/loud/steer2.wav,nyc3,loud,1
speech/sim/nyc3/loud/strafe1.wav,nyc3,loud,1
speech/sim/nyc3/loud/strafe2.wav,nyc3,loud,1
speech/sim/nyc3/loud/ten1.wav,nyc3,loud,1
speech/sim/nyc3/loud/ten2.wav,nyc3,loud,1
speech/sim/nyc3/loud/thirty1.wav,nyc3,loud,1
speech/sim/nyc3/loud/thirty2.wav,nyc3,loud,1
speech/sim/nyc3/loud/three1.wav,nyc3,loud,1
speech/sim/nyc3/loud/three2.wav,nyc3,loud,1
speech/sim/nyc3/loud/white1.wav,nyc3,loud,1
speech/sim/nyc3/loud/white2.wav,nyc3,loud,1
speech/sim/nyc3/loud/wide1.wav,nyc3,loud,1
speech/sim/nyc3/loud/wide2.wav,nyc3,loud,1
speech/sim/nyc3/loud/zero1.wav,nyc3,loud,1
speech/sim/nyc3/loud/zero2.wav,nyc3,loud,1
speech/sim/nyc3/neutral/break1.wav,nyc3,neutral,0
speech/sim/nyc3/neutral/break2.wav,nyc3,neutral,0
speech/sim/nyc3/neutral/change1.wav,nyc3,neutral,0
speech/sim/nyc3/neutral/change2.wav,nyc3,neutral,0
speech/sim/nyc3/neutral/degree1.wav,nyc3,neutral,0
speech/sim/nyc3/neutral/degree2.wav,nyc3,neutral,0
speech/sim/nyc3/neutral/destin1.wav,nyc3,neutral,0
speech/sim/nyc3/neutral/destin2.wav,nyc3,neutral,0
speech/sim/nyc3/neutral/east1.wav,nyc3,neutral,0
speech/sim/nyc3/neutral/east2.wav,nyc3,neutral,0
speech/sim/nyc3/neutral/eight1.wav,nyc3,neutral,0
speech/sim/nyc3/neutral/eight2.wav,nyc3,neutral,0
speech/sim/nyc3/neutral/eighty1.wav,nyc3,neutral,0
speech/sim/nyc3/neutral/eighty2.wav,nyc3,neutral,0
speech/sim/nyc3/neutral/enter1.wav,nyc3,neutral,0
speech/sim/nyc3/neutral/enter2.wav,nyc3,neutral,0
speech/sim/nyc3/neutral/fifty1.wav,nyc3,neutral,0
speech/sim/nyc3/neutral/fifty2.wav,nyc3,neutral,0
speech/sim/nyc3/neutral/fix1.wav,nyc3,neutral,0
speech/sim/nyc3/neutral/fix2.wav,nyc3,neutral,0
speech/sim/nyc3/neutral/freeze1.wav,nyc3,neutral,0
speech/sim/nyc3/neutral/freeze2.wav,nyc3,neutral,0
speech/sim/nyc3/neutral/gain1.wav,nyc3,neutral,0
speech/sim/nyc3/neutral/gain2.wav,nyc3,neutral,0
speech/sim/nyc3/neutral/go1.wav,nyc3,neutral,0
speech/sim/nyc3/neutral/go2.wav,nyc3,neutral,0
speech/sim/nyc3/neutral/hello1.wav,nyc3,neutral,0
speech/sim/nyc3/neutral/hello2.wav,nyc3,neutral,0
speech/sim/nyc3/neutral/help1.wav,nyc3,neutral,0
speech/sim/nyc3/neutral/help2.wav,nyc3,neutral,0
speech/sim/nyc3/neutral/histog1.wav,nyc3,neutral,0
speech/sim/nyc3/neutral/histog2.wav,nyc3,neutral,0
speech/sim/nyc3/neutral/hot1.wav,nyc3,neutral,0
speech/sim/nyc3/neutral/hot2.wav,nyc3,neutral,0
speech/sim/nyc3/neutral/mark1.wav,nyc3,neutral,0
speech/sim/nyc3/neutral/mark2.wav,nyc3,neutral,0
speech/sim/nyc3/neutral/nav1.wav,nyc3,neutral,0
speech/sim/nyc3/neutral/nav2.wav,nyc3,neutral,0
speech/sim/nyc3/neutral/no1.wav,nyc3,neutral,0
speech/sim/nyc3/neutral/no2.wav,nyc3,neutral,0
speech/sim/nyc3/neutral/oh1.wav,nyc3,neutral,0
speech/sim/nyc3/neutral/oh2.wav,nyc3,neutral,0
speech/sim/nyc3/neutral/on1.wav,nyc3,neutral,0
speech/sim/nyc3/neutral/on2.wav,nyc3,neutral,0
speech/sim/nyc3/neutral/out1.wav,nyc3,neutral,0
speech/sim/nyc3/neutral/out2.wav,nyc3,neutral,0
speech/sim/nyc3/neutral/point1.wav,nyc3,neutral,0
speech/sim/nyc3/neutral/point2.wav,nyc3,neutral,0
speech/sim/nyc3/neutral/six1.wav,nyc3,neutral,0
speech/sim/nyc3/neutral/six2.wav,nyc3,neutral,0
speech/sim/nyc3/neutral/south1.wav,nyc3,neutral,0
speech/sim/nyc3/neutral/south2.wav,nyc3,neutral,0
speech/sim/nyc3/neutral/stand1.wav,nyc3,neutral,0
speech/sim/nyc3/neutral/stand2.wav,nyc3,neutral,0
speech/sim/nyc3/neutral/steer1.wav,nyc3,neutral,0
speech/sim/nyc3/neutral/steer2.wav,nyc3,neutral,0
speech/sim/nyc3/neutral/strafe1.wav,nyc3,neutral,0
speech/sim/nyc3/neutral/strafe2.wav,nyc3,neutral,0
speech/sim/nyc3/neutral/ten1.wav,nyc3,neutral,0
speech/sim/nyc3/neutral/ten2.wav,nyc3,neutral,0
speech/sim/nyc3/neutral/thirty1.wav,nyc3,neutral,0
speech/sim/nyc3/neutral/thirty2.wav,nyc3,neutral,0
speech/sim/nyc3/neutral/three1.wav,nyc3,neutral,0
speech/sim/nyc3/neutral/three2.wav,nyc3,neutral,0
speech/sim/nyc3/neutral/white1.wav,nyc3,neutral,0
speech/sim/nyc3/neutral/white2.wav,nyc3,neutral,0
speech/sim/nyc3/neutral/wide1.wav,nyc3,neutral,0
speech/sim/nyc3/neutral/wide2.wav,nyc3,neutral,0
speech/sim/nyc3/neutral/zero1.wav,nyc3,neutral,0
speech/sim/nyc3/neutral/zero2.wav,nyc3,neutral,0
speech/sim/nyc3/question/break1.wav,nyc3,question,0
speech/sim/nyc3/question/break2.wav,nyc3,question,0
speech/sim/nyc3/question/change1.wav,nyc3,question,0
speech/sim/nyc3/question/change2.wav,nyc3,question,0
speech/sim/nyc3/question/degree1.wav,nyc3,question,0
speech/sim/nyc3/question/degree2.wav,nyc3,question,0
speech/sim/nyc3/question/destin1.wav,nyc3,question,0
speech/sim/nyc3/question/destin2.wav,nyc3,question,0
speech/sim/nyc3/question/east1.wav,nyc3,question,0
speech/sim/nyc3/question/east2.wav,nyc3,question,0
speech/sim/nyc3/question/eight1.wav,nyc3,question,0
speech/sim/nyc3/question/eight2.wav,nyc3,question,0
speech/sim/nyc3/question/eighty1.wav,nyc3,question,0
speech/sim/nyc3/question/eighty2.wav,nyc3,question,0
speech/sim/nyc3/question/enter1.wav,nyc3,question,0
speech/sim/nyc3/question/enter2.wav,nyc3,question,0
speech/sim/nyc3/question/fifty1.wav,nyc3,question,0
speech/sim/nyc3/question/fifty2.wav,nyc3,question,0
speech/sim/nyc3/question/fix1.wav,nyc3,question,0
speech/sim/nyc3/question/fix2.wav,nyc3,question,0
speech/sim/nyc3/question/freeze1.wav,nyc3,question,0
speech/sim/nyc3/question/freeze2.wav,nyc3,question,0
speech/sim/nyc3/question/gain1.wav,nyc3,question,0
speech/sim/nyc3/question/gain2.wav,nyc3,question,0
speech/sim/nyc3/question/go1.wav,nyc3,question,0
speech/sim/nyc3/question/go2.wav,nyc3,question,0
speech/sim/nyc3/question/hello1.wav,nyc3,question,0
speech/sim/nyc3/question/hello2.wav,nyc3,question,0
speech/sim/nyc3/question/help1.wav,nyc3,question,0
speech/sim/nyc3/question/help2.wav,nyc3,question,0
speech/sim/nyc3/question/histog1.wav,nyc3,question,0
speech/sim/nyc3/question/histog2.wav,nyc3,question,0
speech/sim/nyc3/question/hot1.wav,nyc3,question,0
speech/sim/nyc3/question/hot2.wav,nyc3,question,0
speech/sim/nyc3/question/mark1.wav,nyc3,question,0
speech/sim/nyc3/question/mark2.wav,nyc3,question,0
speech/sim/nyc3/question/nav1.wav,nyc3,question,0
speech/sim/nyc3/question/nav2.wav,nyc3,question,0
speech/sim/nyc3/question/no1.wav,nyc3,question,0
speech/sim/nyc3/question/no2.wav,nyc3,question,0
speech/sim/nyc3/question/oh1.wav,nyc3,question,0
speech/sim/nyc3/question/oh2.wav,nyc3,question,0
speech/sim/nyc3/question/on1.wav,nyc3,question,0
speech/sim/nyc3/question/on2.wav,nyc3,question,0
speech/sim/nyc3/question/out1.wav,nyc3,question,0
speech/sim/nyc3/question/out2.wav,nyc3,question,0
speech/sim/nyc3/question/point1.wav,nyc3,question,0
speech/sim/nyc3/question/point2.wav,nyc3,question,0
speech/sim/nyc3/question/six1.wav,nyc3,question,0
speech/sim/nyc3/question/six2.wav,nyc3,question,0
speech/sim/nyc3/question/south1.wav,nyc3,question,0
speech/sim/nyc3/question/south2.wav,nyc3,question,0
speech/sim/nyc3/question/stand1.wav,nyc3,question,0
speech/sim/nyc3/question/stand2.wav,nyc3,question,0
speech/sim/nyc3/question/steer1.wav,nyc3,question,0
speech/sim/nyc3/question/steer2.wav,nyc3,question,0
speech/sim/nyc3/question/strafe1.wav,nyc3,question,0
speech/sim/nyc3/question/strafe2.wav,nyc3,question,0
speech/sim/nyc3/question/ten1.wav,nyc3,question,0
speech/sim/nyc3/question/ten2.wav,nyc3,question,0
speech/sim/nyc3/question/thirty1.wav,nyc3,question,0
speech/sim/nyc3/question/thirty2.wav,nyc3,question,0
speech/sim/nyc3/question/three1.wav,nyc3,question,0
speech/sim/nyc3/question/three2.wav,nyc3,question,0
speech/sim/nyc3/question/white1.wav,nyc3,question,0
speech/sim/nyc3/question/white2.wav,nyc3,question,0
speech/sim/nyc3/question/wide1.wav,nyc3,question,0
speech/sim/nyc3/question/wide2.wav,nyc3,question,0
speech/sim/nyc3/question/zero1.wav,nyc3,question,0
speech/sim/nyc3/question/zero2.wav,nyc3,question,0
speech/sim/nyc3/slow/break1.wav,nyc3,slow,0
speech/sim/nyc3/slow/break2.wav,nyc3,slow,0
speech/sim/nyc3/slow/change1.wav,nyc3,slow,0
speech/sim/nyc3/slow/change2.wav,nyc3,slow,0
speech/sim/nyc3/slow/degree1.wav,nyc3,slow,0
speech/sim/nyc3/slow/degree2.wav,nyc3,slow,0
speech/sim/nyc3/slow/destin1.wav,nyc3,slow,0
speech/sim/nyc3/slow/destin2.wav,nyc3,slow,0
speech/sim/nyc3/slow/east1.wav,nyc3,slow,0
speech/sim/nyc3/slow/east2.wav,nyc3,slow,0
speech/sim/nyc3/slow/eight1.wav,nyc3,slow,0
speech/sim/nyc3/slow/eight2.wav,nyc3,slow,0
speech/sim/nyc3/slow/eighty1.wav,nyc3,slow,0
speech/sim/nyc3/slow/eighty2.wav,nyc3,slow,0
speech/sim/nyc3/slow/enter1.wav,nyc3,slow,0
speech/sim/nyc3/slow/enter2.wav,nyc3,slow,0
speech/sim/nyc3/slow/fifty1.wav,nyc3,slow,0
speech/sim/nyc3/slow/fifty2.wav,nyc3,slow,0
speech/sim/nyc3/slow/fix1.wav,nyc3,slow,0
speech/sim/nyc3/slow/fix2.wav,nyc3,slow,0
speech/sim/nyc3/slow/freeze1.wav,nyc3,slow,0
speech/sim/nyc3/slow/freeze2.wav,nyc3,slow,0
speech/sim/nyc3/slow/gain1.wav,nyc3,slow,0
speech/sim/nyc3/slow/gain2.wav,nyc3,slow,0
speech/sim/nyc3/slow/go1.wav,nyc3,slow,0
speech/sim/nyc3/slow/go2.wav,nyc3,slow,0
speech/sim/nyc3/slow/hello1.wav,nyc3,slow,0
speech/sim/nyc3/slow/hello2.wav,nyc3,slow,0
speech/sim/nyc3/slow/help1.wav,nyc3,slow,0
speech/sim/nyc3/slow/help2.wav,nyc3,slow,0
speech/sim/nyc3/slow/histog1.wav,nyc3,slow,0
speech/sim/nyc3/slow/histog2.wav,nyc3,slow,0
speech/sim/nyc3/slow/hot1.wav,nyc3,slow,0
speech/sim/nyc3/slow/hot2.wav,nyc3,slow,0
speech/sim/nyc3/slow/mark1.wav,nyc3,slow,0
speech/sim/nyc3/slow/mark2.wav,nyc3,slow,0
speech/sim/nyc3/slow/nav1.wav,nyc3,slow,0
speech/sim/nyc3/slow/nav2.wav,nyc3,slow,0
speech/sim/nyc3/slow/no1.wav,nyc3,slow,0
speech/sim/nyc3/slow/no2.wav,nyc3,slow,0
speech/sim/nyc3/slow/oh1.wav,nyc3,slow,0
speech/sim/nyc3/slow/oh2.wav,nyc3,slow,0
speech/sim/nyc3/slow/on1.wav,nyc3,slow,0
speech/sim/nyc3/slow/on2.wav,nyc3,slow,0
speech/sim/nyc3/slow/out1.wav,nyc3,slow,0
speech/sim/nyc3/slow/out2.wav,nyc3,slow,0
speech/sim/nyc3/slow/point1.wav,nyc3,slow,0
speech/sim/nyc3/slow/point2.wav,nyc3,slow,0
speech/sim/nyc3/slow/six1.wav,nyc3,slow,0
speech/sim/nyc3/slow/six2.wav,nyc3,slow,0
speech/sim/nyc3/slow/south1.wav,nyc3,slow,0
speech/sim/nyc3/slow/south2.wav,nyc3,slow,0
speech/sim/nyc3/slow/stand1.wav,nyc3,slow,0
speech/sim/nyc3/slow/stand2.wav,nyc3,slow,0
speech/sim/nyc3/slow/steer1.wav,nyc3,slow,0
speech/sim/nyc3/slow/steer2.wav,nyc3,slow,0
speech/sim/nyc3/slow/strafe1.wav,nyc3,slow,0
speech/sim/nyc3/slow/strafe2.wav,nyc3,slow,0
speech/sim/nyc3/slow/ten1.wav,nyc3,slow,0
speech/sim/nyc3/slow/ten2.wav,nyc3,slow,0
speech/sim/nyc3/slow/thirty1.wav,nyc3,slow,0
speech/sim/nyc3/slow/thirty2.wav,nyc3,slow,0
speech/sim/nyc3/slow/three1.wav,nyc3,slow,0
speech/sim/nyc3/slow/three2.wav,nyc3,slow,0
speech/sim/nyc3/slow/white1.wav,nyc3,slow,0
speech/sim/nyc3/slow/white2.wav,nyc3,slow,0
speech/sim/nyc3/slow/wide1.wav,nyc3,slow,0
speech/sim/nyc3/slow/wide2.wav,nyc3,slow,0
speech/sim/nyc3/slow/zero1.wav,nyc3,slow,0
speech/sim/nyc3/slow/zero2.wav,nyc3,slow,0
speech/sim/nyc3/soft/break1.wav,nyc3,soft,0
speech/sim/nyc3/soft/break2.wav,nyc3,soft,0
speech/sim/nyc3/soft/change1.wav,nyc3,soft,0
speech/sim/nyc3/soft/change2.wav,nyc3,soft,0
speech/sim/nyc3/soft/degree1.wav,nyc3,soft,0
speech/sim/nyc3/soft/degree2.wav,nyc3,soft,0
speech/sim/nyc3/soft/destin1.wav,nyc3,soft,0
speech/sim/nyc3/soft/destin2.wav,nyc3,soft,0
speech/sim/nyc3/soft/east1.wav,nyc3,soft,0
speech/sim/nyc3/soft/east2.wav,nyc3,soft,0
speech/sim/nyc3/soft/eight1.wav,nyc3,soft,0
speech/sim/nyc3/soft/eight2.wav,nyc3,soft,0
speech/sim/nyc3/soft/eighty1.wav,nyc3,soft,0
speech/sim/nyc3/soft/eighty2.wav,nyc3,soft,0
speech/sim/nyc3/soft/enter1.wav,nyc3,soft,0
speech/sim/nyc3/soft/enter2.wav,nyc3,soft,0
speech/sim/nyc3/soft/fifty1.wav,nyc3,soft,0
speech/sim/nyc3/soft/fifty2.wav,nyc3,soft,0
speech/sim/nyc3/soft/fix1.wav,nyc3,soft,0
speech/sim/nyc3/soft/fix2.wav,nyc3,soft,0
speech/sim/nyc3/soft/freeze1.wav,nyc3,soft,0
speech/sim/nyc3/soft/freeze2.wav,nyc3,soft,0
speech/sim/nyc3/soft/gain1.wav,nyc3,soft,0
speech/sim/nyc3/soft/gain2.wav,nyc3,soft,0
speech/sim/nyc3/soft/go1.wav,nyc3,soft,0
speech/sim/nyc3/soft/go2.wav,nyc3,soft,0
speech/sim/nyc3/soft/hello1.wav,nyc3,soft,0
speech/sim/nyc3/soft/hello2.wav,nyc3,soft,0
speech/sim/nyc3/soft/help1.wav,nyc3,soft,0
speech/sim/nyc3/soft/help2.wav,nyc3,soft,0
speech/sim/nyc3/soft/histog1.wav,nyc3,soft,0
speech/sim/nyc3/soft/histog2.wav,nyc3,soft,0
speech/sim/nyc3/soft/hot1.wav,nyc3,soft,0
speech/sim/nyc3/soft/hot2.wav,nyc3,soft,0
speech/sim/nyc3/soft/mark1.wav,nyc3,soft,0
speech/sim/nyc3/soft/mark2.wav,nyc3,soft,0
speech/sim/nyc3/soft/nav1.wav,nyc3,soft,0
speech/sim/nyc3/soft/nav2.wav,nyc3,soft,0
speech/sim/nyc3/soft/no1.wav,nyc3,soft,0
speech/sim/nyc3/soft/no2.wav,nyc3,soft,0
speech/sim/nyc3/soft/oh1.wav,nyc3,soft,0
speech/sim/nyc3/soft/oh2.wav,nyc3,soft,0
speech/sim/nyc3/soft/on1.wav,nyc3,soft,0
speech/sim/nyc3/soft/on2.wav,nyc3,soft,0
speech/sim/nyc3/soft/out1.wav,nyc3,soft,0
speech/sim/nyc3/soft/out2.wav,nyc3,soft,0
speech/sim/nyc3/soft/point1.wav,nyc3,soft,0
speech/sim/nyc3/soft/point2.wav,nyc3,soft,0
speech/sim/nyc3/soft/six1.wav,nyc3,soft,0
speech/sim/nyc3/soft/six2.wav,nyc3,soft,0
speech/sim/nyc3/soft/south1.wav,nyc3,soft,0
speech/sim/nyc3/soft/south2.wav,nyc3,soft,0
speech/sim/nyc3/soft/stand1.wav,nyc3,soft,0
speech/sim/nyc3/soft/stand2.wav,nyc3,soft,0
speech/sim/nyc3/soft/steer1.wav,nyc3,soft,0
speech/sim/nyc3/soft/steer2.wav,nyc3,soft,0
speech/sim/nyc3/soft/strafe1.wav,nyc3,soft,0
speech/sim/nyc3/soft/strafe2.wav,nyc3,soft,0
speech/sim/nyc3/soft/ten1.wav,nyc3,soft,0
speech/sim/nyc3/soft/ten2.wav,nyc3,soft,0
speech/sim/nyc3/soft/thirty1.wav,nyc3,soft,0
speech/sim/nyc3/soft/thirty2.wav,nyc3,soft,0
speech/sim/nyc3/soft/three1.wav,nyc3,soft,0
speech/sim/nyc3/soft/three2.wav,nyc3,soft,0
speech/sim/nyc3/soft/white1.wav,nyc3,soft,0
speech/sim/nyc3/soft/white2.wav,nyc3,soft,0
speech/sim/nyc3/soft/wide1.wav,nyc3,soft,0
speech/sim/nyc3/soft/wide2.wav,nyc3,soft,0
speech/sim/nyc3/soft/zero1.wav,nyc3,soft,0
speech/sim/nyc3/soft/zero2.wav,nyc3,soft,0
speech/sim/nyc3/train/break1.wav,nyc3,train,0
speech/sim/nyc3/train/break10.wav,nyc3,train,0
speech/sim/nyc3/train/break11.wav,nyc3,train,0
speech/sim/nyc3/train/break12.wav,nyc3,train,0
speech/sim/nyc3/train/break2.wav,nyc3,train,0
speech/sim/nyc3/train/break3.wav,nyc3,train,0
speech/sim/nyc3/train/break4.wav,nyc3,train,0
speech/sim/nyc3/train/break5.wav,nyc3,train,0
speech/sim/nyc3/train/break6.wav,nyc3,train,0
speech/sim/nyc3/train/break7.wav,nyc3,train,0
speech/sim/nyc3/train/break8.wav,nyc3,train,0
speech/sim/nyc3/train/break9.wav,nyc3,train,0
speech/sim/nyc3/train/change1.wav,nyc3,train,0
speech/sim/nyc3/train/change10.wav,nyc3,train,0
speech/sim/nyc3/train/change11.wav,nyc3,train,0
speech/sim/nyc3/train/change12.wav,nyc3,train,0
speech/sim/nyc3/train/change2.wav,nyc3,train,0
speech/sim/nyc3/train/change3.wav,nyc3,train,0
speech/sim/nyc3/train/change4.wav,nyc3,train,0
speech/sim/nyc3/train/change5.wav,nyc3,train,0
speech/sim/nyc3/train/change6.wav,nyc3,train,0
speech/sim/nyc3/train/change7.wav,nyc3,train,0
speech/sim/nyc3/train/change8.wav,nyc3,train,0
speech/sim/nyc3/train/change9.wav,nyc3,train,0
speech/sim/nyc3/train/degree1.wav,nyc3,train,0
speech/sim/nyc3/train/degree10.wav,nyc3,train,0
speech/sim/nyc3/train/degree11.wav,nyc3,train,0
speech/sim/nyc3/train/degree12.wav,nyc3,train,0
speech/sim/nyc3/train/degree2.wav,nyc3,train,0
speech/sim/nyc3/train/degree3.wav,nyc3,train,0
speech/sim/nyc3/train/degree4.wav,nyc3,train,0
speech/sim/nyc3/train/degree5.wav,nyc3,train,0
speech/sim/nyc3/train/degree6.wav,nyc3,train,0
speech/sim/nyc3/train/degree7.wav,nyc3,train,0
speech/sim/nyc3/train/degree8.wav,nyc3,train,0
speech/sim/nyc3/train/degree9.wav,nyc3,train,0
speech/sim/nyc3/train/destin1.wav,nyc3,train,0
speech/sim/nyc3/train/destin10.wav,nyc3,train,0
speech/sim/nyc3/train/destin11.wav,nyc3,train,0
speech/sim/nyc3/train/destin12.wav,nyc3,train,0
speech/sim/nyc3/train/destin2.wav,nyc3,train,0
speech/sim/nyc3/train/destin3.wav,nyc3,train,0
speech/sim/nyc3/train/destin4.wav,nyc3,train,0
speech/sim/nyc3/train/destin5.wav,nyc3,train,0
speech/sim/nyc3/train/destin6.wav,nyc3,train,0
speech/sim/nyc3/train/destin7.wav,nyc3,train,0
speech/sim/nyc3/train/destin8.wav,nyc3,train,0
speech/sim/nyc3/train/destin9.wav,nyc3,train,0
speech/sim/nyc3/train/east1.wav,nyc3,train,0
speech/sim/nyc3/train/east10.wav,nyc3,train,0
speech/sim/nyc3/train/east11.wav,nyc3,train,0
speech/sim/nyc3/train/east12.wav,nyc3,train,0
speech/sim/nyc3/train/east2.wav,nyc3,train,0
speech/sim/nyc3/train/east3.wav,nyc3,train,0
speech/sim/nyc3/train/east4.wav,nyc3,train,0
speech/sim/nyc3/train/east5.wav,nyc3,train,0
speech/sim/nyc3/train/east6.wav,nyc3,train,0
speech/sim/nyc3/train/east7.wav,nyc3,train,0
speech/sim/nyc3/train/east8.wav,nyc3,train,0
speech/sim/nyc3/train/east9.wav,nyc3,train,0
speech/sim/nyc3/train/eight1.wav,nyc3,train,0
speech/sim/nyc3/train/eight10.wav,nyc3,train,0
speech/sim/nyc3/train/eight11.wav,nyc3,train,0
speech/sim/nyc3/train/eight12.wav,nyc3,train,0
speech/sim/nyc3/train/eight2.wav,nyc3,train,0
speech/sim/nyc3/train/eight3.wav,nyc3,train,0
speech/sim/nyc3/train/eight4.wav,nyc3,train,0
speech/sim/nyc3/train/eight5.wav,nyc3,train,0
speech/sim/nyc3/train/eight6.wav,nyc3,train,0
speech/sim/nyc3/train/eight7.wav,nyc3,train,0
speech/sim/nyc3/train/eight8.wav,nyc3,train,0
speech/sim/nyc3/train/eight9.wav,nyc3,train,0
speech/sim/nyc3/train/eighty1.wav,nyc3,train,0
speech/sim/nyc3/train/eighty10.wav,nyc3,train,0
speech/sim/nyc3/train/eighty11.wav,nyc3,train,0
speech/sim/nyc3/train/eighty12.wav,nyc3,train,0
speech/sim/nyc3/train/eighty2.wav,nyc3,train,0
speech/sim/nyc3/train/eighty3.wav,nyc3,train,0
speech/sim/nyc3/train/eighty4.wav,nyc3,train,0
speech/sim/nyc3/train/eighty5.wav,nyc3,train,0
speech/sim/nyc3/train/eighty6.wav,nyc3,train,0
speech/sim/nyc3/train/eighty7.wav,nyc3,train,0
speech/sim/nyc3/train/eighty8.wav,nyc3,train,0
speech/sim/nyc3/train/eighty9.wav,nyc3,train,0
speech/sim/nyc3/train/enter1.wav,nyc3,train,0
speech/sim/nyc3/train/enter10.wav,nyc3,train,0
speech/sim/nyc3/train/enter11.wav,nyc3,train,0
speech/sim/nyc3/train/enter12.wav,nyc3,train,0
speech/sim/nyc3/train/enter2.wav,nyc3,train,0
speech/sim/nyc3/train/enter3.wav,nyc3,train,0
speech/sim/nyc3/train/enter4.wav,nyc3,train,0
speech/sim/nyc3/train/enter5.wav,nyc3,train,0
speech/sim/nyc3/train/enter6.wav,nyc3,train,0
speech/sim/nyc3/train/enter7.wav,nyc3,train,0
speech/sim/nyc3/train/enter8.wav,nyc3,train,0
speech/sim/nyc3/train/enter9.wav,nyc3,train,0
speech/sim/nyc3/train/fifty1.wav,nyc3,train,0
speech/sim/nyc3/train/fifty10.wav,nyc3,train,0
speech/sim/nyc3/train/fifty11.wav,nyc3,train,0
speech/sim/nyc3/train/fifty12.wav,nyc3,train,0
speech/sim/nyc3/train/fifty2.wav,nyc3,train,0
speech/sim/nyc3/train/fifty3.wav,nyc3,train,0
speech/sim/nyc3/train/fifty4.wav,nyc3,train,0
speech/sim/nyc3/train/fifty5.wav,nyc3,train,0
speech/sim/nyc3/train/fifty6.wav,nyc3,train,0
speech/sim/nyc3/train/fifty7.wav,nyc3,train,0
speech/sim/nyc3/train/fifty8.wav,nyc3,train,0
speech/sim/nyc3/train/fifty9.wav,nyc3,train,0
speech/sim/nyc3/train/fix1.wav,nyc3,train,0
speech/sim/nyc3/train/fix10.wav,nyc3,train,0
speech/sim/nyc3/train/fix11.wav,nyc3,train,0
speech/sim/nyc3/train/fix12.wav,nyc3,train,0
speech/sim/nyc3/train/fix2.wav,nyc3,train,0
speech/sim/nyc3/train/fix3.wav,nyc3,train,0
speech/sim/nyc3/train/fix4.wav,nyc3,train,0
speech/sim/nyc3/train/fix5.wav,nyc3,train,0
speech/sim/nyc3/train/fix6.wav,nyc3,train,0
speech/sim/nyc3/train/fix7.wav,nyc3,train,0
speech/sim/nyc3/train/fix8.wav,nyc3,train,0
speech/sim/nyc3/train/fix9.wav,nyc3,train,0
speech/sim/nyc3/train/freeze1.wav,nyc3,train,0
speech/sim/nyc3/train/freeze10.wav,nyc3,train,0
speech/sim/nyc3/train/freeze11.wav,nyc3,train,0
speech/sim/nyc3/train/freeze12.wav,nyc3,train,0
speech/sim/nyc3/train/freeze2.wav,nyc3,train,0
speech/sim/nyc3/train/freeze3.wav,nyc3,train,0
speech/sim/nyc3/train/freeze4.wav,nyc3,train,0
speech/sim/nyc3/train/freeze5.wav,nyc3,train,0
speech/sim/nyc3/train/freeze6.wav,nyc3,train,0
speech/sim/nyc3/train/freeze7.wav,nyc3,train,0
speech/sim/nyc3/train/freeze8.wav,nyc3,train,0
speech/sim/nyc3/train/freeze9.wav,nyc3,train,0
speech/sim/nyc3/train/gain1.wav,nyc3,train,0
speech/sim/nyc3/train/gain10.wav,nyc3,train,0
speech/sim/nyc3/train/gain11.wav,nyc3,train,0
speech/sim/nyc3/train/gain12.wav,nyc3,train,0
speech/sim/nyc3/train/gain2.wav,nyc3,train,0
speech/sim/nyc3/train/gain3.wav,nyc3,train,0
speech/sim/nyc3/train/gain4.wav,nyc3,train,0
speech/sim/nyc3/train/gain5.wav,nyc3,train,0
speech/sim/nyc3/train/gain6.wav,nyc3,train,0
speech/sim/nyc3/train/gain7.wav,nyc3,train,0
speech/sim/nyc3/train/gain8.wav,nyc3,train,0
speech/sim/nyc3/train/gain9.wav,nyc3,train,0
speech/sim/nyc3/train/go1.wav,nyc3,train,0
speech/sim/nyc3/train/go10.wav,nyc3,train,0
speech/sim/nyc3/train/go11.wav,nyc3,train,0
speech/sim/nyc3/train/go12.wav,nyc3,train,0
speech/sim/nyc3/train/go2.wav,nyc3,train,0
speech/sim/nyc3/train/go3.wav,nyc3,train,0
speech/sim/nyc3/train/go4.wav,nyc3,train,0
speech/sim/nyc3/train/go5.wav,nyc3,train,0
speech/sim/nyc3/train/go6.wav,nyc3,train,0
speech/sim/nyc3/train/go7.wav,nyc3,train,0
speech/sim/nyc3/train/go8.wav,nyc3,train,0
speech/sim/nyc3/train/go9.wav,nyc3,train,0
speech/sim/nyc3/train/hello1.wav,nyc3,train,0
speech/sim/nyc3/train/hello10.wav,nyc3,train,0
speech/sim/nyc3/train/hello11.wav,nyc3,train,0
speech/sim/nyc3/train/hello12.wav,nyc3,train,0
speech/sim/nyc3/train/hello2.wav,nyc3,train,0
speech/sim/nyc3/train/hello3.wav,nyc3,train,0
speech/sim/nyc3/train/hello4.wav,nyc3,train,0
speech/sim/nyc3/train/hello5.wav,nyc3,train,0
speech/sim/nyc3/train/hello6.wav,nyc3,train,0
speech/sim/nyc3/train/hello7.wav,nyc3,train,0
speech/sim/nyc3/train/hello8.wav,nyc3,train,0
speech/sim/nyc3/train/hello9.wav,nyc3,train,0
speech/sim/nyc3/train/help1.wav,nyc3,train,0
speech/sim/nyc3/train/help10.wav,nyc3,train,0
speech/sim/nyc3/train/help11.wav,nyc3,train,0
speech/sim/nyc3/train/help12.wav,nyc3,train,0
speech/sim/nyc3/train/help2.wav,nyc3,train,0
speech/sim/nyc3/train/help3.wav,nyc3,train,0
speech/sim/nyc3/train/help4.wav,nyc3,train,0
speech/sim/nyc3/train/help5.wav,nyc3,train,0
speech/sim/nyc3/train/help6.wav,nyc3,train,0
speech/sim/nyc3/train/help7.wav,nyc3,train,0
speech/sim/nyc3/train/help8.wav,nyc3,train,0
speech/sim/nyc3/train/help9.wav,nyc3,train,0
speech/sim/nyc3/train/histog1.wav,nyc3,train,0
speech/sim/nyc3/train/histog10.wav,nyc3,train,0
speech/sim/nyc3/train/histog11.wav,nyc3,train,0
speech/sim/nyc3/train/histog12.wav,nyc3,train,0
speech/sim/nyc3/train/histog2.wav,nyc3,train,0
speech/sim/nyc3/train/histog3.wav,nyc3,train,0
speech/sim/nyc3/train/histog4.wav,nyc3,train,0
speech/sim/nyc3/train/histog5.wav,nyc3,train,0
speech/sim/nyc3/train/histog6.wav,nyc3,train,0
speech/sim/nyc3/train/histog7.wav,nyc3,train,0
speech/sim/nyc3/train/histog8.wav,nyc3,train,0
speech/sim/nyc3/train/histog9.wav,nyc3,train,0
speech/sim/nyc3/train/hot1.wav,nyc3,train,0
speech/sim/nyc3/train/hot10.wav,nyc3,train,0
speech/sim/nyc3/train/hot11.wav,nyc3,train,0
speech/sim/nyc3/train/hot12.wav,nyc3,train,0
speech/sim/nyc3/train/hot2.wav,nyc3,train,0
speech/sim/nyc3/train/hot3.wav,nyc3,train,0
speech/sim/nyc3/train/hot4.wav,nyc3,train,0
speech/sim/nyc3/train/hot5.wav,nyc3,train,0
speech/sim/nyc3/train/hot6.wav,nyc3,train,0
speech/sim/nyc3/train/hot7.wav,nyc3,train,0
speech/sim/nyc3/train/hot8.wav,nyc3,train,0
speech/sim/nyc3/train/hot9.wav,nyc3,train,0
speech/sim/nyc3/train/mark1.wav,nyc3,train,0
speech/sim/nyc3/train/mark10.wav,nyc3,train,0
speech/sim/nyc3/train/mark11.wav,nyc3,train,0
speech/sim/nyc3/train/mark12.wav,nyc3,train,0
speech/sim/nyc3/train/mark2.wav,nyc3,train,0
speech/sim/nyc3/train/mark3.wav,nyc3,train,0
speech/sim/nyc3/train/mark4.wav,nyc3,train,0
speech/sim/nyc3/train/mark5.wav,nyc3,train,0
speech/sim/nyc3/train/mark6.wav,nyc3,train,0
speech/sim/nyc3/train/mark7.wav,nyc3,train,0
speech/sim/nyc3/train/mark8.wav,nyc3,train,0
speech/sim/nyc3/train/mark9.wav,nyc3,train,0
speech/sim/nyc3/train/nav1.wav,nyc3,train,0
speech/sim/nyc3/train/nav10.wav,nyc3,train,0
speech/sim/nyc3/train/nav11.wav,nyc3,train,0
speech/sim/nyc3/train/nav12.wav,nyc3,train,0
speech/sim/nyc3/train/nav2.wav,nyc3,train,0
speech/sim/nyc3/train/nav3.wav,nyc3,train,0
speech/sim/nyc3/train/nav4.wav,nyc3,train,0
speech/sim/nyc3/train/nav5.wav,nyc3,train,0
speech/sim/nyc3/train/nav6.wav,nyc3,train,0
speech/sim/nyc3/train/nav7.wav,nyc3,train,0
speech/sim/nyc3/train/nav8.wav,nyc3,train,0
speech/sim/nyc3/train/nav9.wav,nyc3,train,0
speech/sim/nyc3/train/no1.wav,nyc3,train,0
speech/sim/nyc3/train/no10.wav,nyc3,train,0
speech/sim/nyc3/train/no11.wav,nyc3,train,0
speech/sim/nyc3/train/no12.wav,nyc3,train,0
speech/sim/nyc3/train/no2.wav,nyc3,train,0
speech/sim/nyc3/train/no3.wav,nyc3,train,0
speech/sim/nyc3/train/no4.wav,nyc3,train,0
speech/sim/nyc3/train/no5.wav,nyc3,train,0
speech/sim/nyc3/train/no6.wav,nyc3,train,0
speech/sim/nyc3/train/no7.wav,nyc3,train,0
speech/sim/nyc3/train/no8.wav,nyc3,train,0
speech/sim/nyc3/train/no9.wav,nyc3,train,0
speech/sim/nyc3/train/oh1.wav,nyc3,train,0
speech/sim/nyc3/train/oh10.wav,nyc3,train,0
speech/sim/nyc3/train/oh11.wav,nyc3,train,0
speech/sim/nyc3/train/oh12.wav,nyc3,train,0
speech/sim/nyc3/train/oh2.wav,nyc3,train,0
speech/sim/nyc3/train/oh3.wav,nyc3,train,0
speech/sim/nyc3/train/oh4.wav,nyc3,train,0
speech/sim/nyc3/train/oh5.wav,nyc3,train,0
speech/sim/nyc3/train/oh6.wav,nyc3,train,0
speech/sim/nyc3/train/oh7.wav,nyc3,train,0
speech/sim/nyc3/train/oh8.wav,nyc3,train,0
speech/sim/nyc3/train/oh9.wav,nyc3,train,0
speech/sim/nyc3/train/on1.wav,nyc3,train,0
speech/sim/nyc3/train/on10.wav,nyc3,train,0
speech/sim/nyc3/train/on11.wav,nyc3,train,0
speech/sim/nyc3/train/on12.wav,nyc3,train,0
speech/sim/nyc3/train/on2.wav,nyc3,train,0
speech/sim/nyc3/train/on3.wav,nyc3,train,0
speech/sim/nyc3/train/on4.wav,nyc3,train,0
speech/sim/nyc3/train/on5.wav,nyc3,train,0
speech/sim/nyc3/train/on6.wav,nyc3,train,0
speech/sim/nyc3/train/on7.wav,nyc3,train,0
speech/sim/nyc3/train/on8.wav,nyc3,train,0
speech/sim/nyc3/train/on9.wav,nyc3,train,0
speech/sim/nyc3/train/out1.wav,nyc3,train,0
speech/sim/nyc3/train/out10.wav,nyc3,train,0
speech/sim/nyc3/train/out11.wav,nyc3,train,0
speech/sim/nyc3/train/out12.wav,nyc3,train,0
speech/sim/nyc3/train/out2.wav,nyc3,train,0
speech/sim/nyc3/train/out3.wav,nyc3,train,0
speech/sim/nyc3/train/out4.wav,nyc3,train,0
speech/sim/nyc3/train/out5.wav,nyc3,train,0
speech/sim/nyc3/train/out6.wav,nyc3,train,0
speech/sim/nyc3/train/out7.wav,nyc3,train,0
speech/sim/nyc3/train/out8.wav,nyc3,train,0
speech/sim/nyc3/train/out9.wav,nyc3,train,0
speech/sim/nyc3/train/point1.wav,nyc3,train,0
speech/sim/nyc3/train/point10.wav,nyc3,train,0
speech/sim/nyc3/train/point11.wav,nyc3,train,0
speech/sim/nyc3/train/point12.wav,nyc3,train,0
speech/sim/nyc3/train/point2.wav,nyc3,train,0
speech/sim/nyc3/train/point3.wav,nyc3,train,0
speech/sim/nyc3/train/point4.wav,nyc3,train,0
speech/sim/nyc3/train/point5.wav,nyc3,train,0
speech/sim/nyc3/train/point6.wav,nyc3,train,0
speech/sim/nyc3/train/point7.wav,nyc3,train,0
speech/sim/nyc3/train/point8.wav,nyc3,train,0
speech/sim/nyc3/train/point9.wav,nyc3,train,0
speech/sim/nyc3/train/six1.wav,nyc3,train,0
speech/sim/nyc3/train/six10.wav,nyc3,train,0
speech/sim/nyc3/train/six11.wav,nyc3,train,0
speech/sim/nyc3/train/six12.wav,nyc3,train,0
speech/sim/nyc3/train/six2.wav,nyc3,train,0
speech/sim/nyc3/train/six3.wav,nyc3,train,0
speech/sim/nyc3/train/six4.wav,nyc3,train,0
speech/sim/nyc3/train/six5.wav,nyc3,train,0
speech/sim/nyc3/train/six6.wav,nyc3,train,0
speech/sim/nyc3/train/six7.wav,nyc3,train,0
speech/sim/nyc3/train/six8.wav,nyc3,train,0
speech/sim/nyc3/train/six9.wav,nyc3,train,0
speech/sim/nyc3/train/south1.wav,nyc3,train,0
speech/sim/nyc3/train/south10.wav,nyc3,train,0
speech/sim/nyc3/train/south11.wav,nyc3,train,0
speech/sim/nyc3/train/south12.wav,nyc3,train,0
speech/sim/nyc3/train/south2.wav,nyc3,train,0
speech/sim/nyc3/train/south3.wav,nyc3,train,0
speech/sim/nyc3/train/south4.wav,nyc3,train,0
speech/sim/nyc3/train/south5.wav,nyc3,train,0
speech/sim/nyc3/train/south6.wav,nyc3,train,0
speech/sim/nyc3/train/south7.wav,nyc3,train,0
speech/sim/nyc3/train/south8.wav,nyc3,train,0
speech/sim/nyc3/train/south9.wav,nyc3,train,0
speech/sim/nyc3/train/stand1.wav,nyc3,train,0
speech/sim/nyc3/train/stand10.wav,nyc3,train,0
speech/sim/nyc3/train/stand11.wav,nyc3,train,0
speech/sim/nyc3/train/stand12.wav,nyc3,train,0
speech/sim/nyc3/train/stand2.wav,nyc3,train,0
speech/sim/nyc3/train/stand3.wav,nyc3,train,0
speech/sim/nyc3/train/stand4.wav,nyc3,train,0
speech/sim/nyc3/train/stand5.wav,nyc3,train,0
speech/sim/nyc3/train/stand6.wav,nyc3,train,0
speech/sim/nyc3/train/stand7.wav,nyc3,train,0
speech/sim/nyc3/train/stand8.wav,nyc3,train,0
speech/sim/nyc3/train/stand9.wav,nyc3,train,0
speech/sim/nyc3/train/steer1.wav,nyc3,train,0
speech/sim/nyc3/train/steer10.wav,nyc3,train,0
speech/sim/nyc3/train/steer11.wav,nyc3,train,0
speech/sim/nyc3/train/steer12.wav,nyc3,train,0
speech/sim/nyc3/train/steer2.wav,nyc3,train,0
speech/sim/nyc3/train/steer3.wav,nyc3,train,0
speech/sim/nyc3/train/steer4.wav,nyc3,train,0
speech/sim/nyc3/train/steer5.wav,nyc3,train,0
speech/sim/nyc3/train/steer6.wav,nyc3,train,0
speech/sim/nyc3/train/steer7.wav,nyc3,train,0
speech/sim/nyc3/train/steer8.wav,nyc3,train,0
speech/sim/nyc3/train/steer9.wav,nyc3,train,0
speech/sim/nyc3/train/strafe1.wav,nyc3,train,0
speech/sim/nyc3/train/strafe10.wav,nyc3,train,0
speech/sim/nyc3/train/strafe11.wav,nyc3,train,0
speech/sim/nyc3/train/strafe12.wav,nyc3,train,0
speech/sim/nyc3/train/strafe2.wav,nyc3,train,0
speech/sim/nyc3/train/strafe3.wav,nyc3,train,0
speech/sim/nyc3/train/strafe4.wav,nyc3,train,0
speech/sim/nyc3/train/strafe5.wav,nyc3,train,0
speech/sim/nyc3/train/strafe6.wav,nyc3,train,0
speech/sim/nyc3/train/strafe7.wav,nyc3,train,0
speech/sim/nyc3/train/strafe8.wav,nyc3,train,0
speech/sim/nyc3/train/strafe9.wav,nyc3,train,0
speech/sim/nyc3/train/ten1.wav,nyc3,train,0
speech/sim/nyc3/train/ten10.wav,nyc3,train,0
speech/sim/nyc3/train/ten11.wav,nyc3,train,0
speech/sim/nyc3/train/ten12.wav,nyc3,train,0
speech/sim/nyc3/train/ten2.wav,nyc3,train,0
speech/sim/nyc3/train/ten3.wav,nyc3,train,0
speech/sim/nyc3/train/ten4.wav,nyc3,train,0
speech/sim/nyc3/train/ten5.wav,nyc3,train,0
speech/sim/nyc3/train/ten6.wav,nyc3,train,0
speech/sim/nyc3/train/ten7.wav,nyc3,train,0
speech/sim/nyc3/train/ten8.wav,nyc3,train,0
speech/sim/nyc3/train/ten9.wav,nyc3,train,0
speech/sim/nyc3/train/thirty1.wav,nyc3,train,0
speech/sim/nyc3/train/thirty10.wav,nyc3,train,0
speech/sim/nyc3/train/thirty11.wav,nyc3,train,0
speech/sim/nyc3/train/thirty12.wav,nyc3,train,0
speech/sim/nyc3/train/thirty2.wav,nyc3,train,0
speech/sim/nyc3/train/thirty3.wav,nyc3,train,0
speech/sim/nyc3/train/thirty4.wav,nyc3,train,0
speech/sim/nyc3/train/thirty5.wav,nyc3,train,0
speech/sim/nyc3/train/thirty6.wav,nyc3,train,0
speech/sim/nyc3/train/thirty7.wav,nyc3,train,0
speech/sim/nyc3/train/thirty8.wav,nyc3,train,0
speech/sim/nyc3/train/thirty9.wav,nyc3,train,0
speech/sim/nyc3/train/three1.wav,nyc3,train,0
speech/sim/nyc3/train/three10.wav,nyc3,train,0
speech/sim/nyc3/train/three11.wav,nyc3,train,0
speech/sim/nyc3/train/three12.wav,nyc3,train,0
speech/sim/nyc3/train/three2.wav,nyc3,train,0
speech/sim/nyc3/train/three3.wav,nyc3,train,0
speech/sim/nyc3/train/three4.wav,nyc3,train,0
speech/sim/nyc3/train/three5.wav,nyc3,train,0
speech/sim/nyc3/train/three6.wav,nyc3,train,0
speech/sim/nyc3/train/three7.wav,nyc3,train,0
speech/sim/nyc3/train/three8.wav,nyc3,train,0
speech/sim/nyc3/train/three9.wav,nyc3,train,0
speech/sim/nyc3/train/white1.wav,nyc3,train,0
speech/sim/nyc3/train/white10.wav,nyc3,train,0
speech/sim/nyc3/train/white11.wav,nyc3,train,0
speech/sim/nyc3/train/white12.wav,nyc3,train,0
speech/sim/nyc3/train/white2.wav,nyc3,train,0
speech/sim/nyc3/train/white3.wav,nyc3,train,0
speech/sim/nyc3/train/white4.wav,nyc3,train,0
speech/sim/nyc3/train/white5.wav,nyc3,train,0
speech/sim/nyc3/train/white6.wav,nyc3,train,0
speech/sim/nyc3/train/white7.wav,nyc3,train,0
speech/sim/nyc3/train/white8.wav,nyc3,train,0
speech/sim/nyc3/train/white9.wav,nyc3,train,0
speech/sim/nyc3/train/wide1.wav,nyc3,train,0
speech/sim/nyc3/train/wide10.wav,nyc3,train,0
speech/sim/nyc3/train/wide11.wav,nyc3,train,0
speech/sim/nyc3/train/wide12.wav,nyc3,train,0
speech/sim/nyc3/train/wide2.wav,nyc3,train,0
speech/sim/nyc3/train/wide3.wav,nyc3,train,0
speech/sim/nyc3/train/wide4.wav,nyc3,train,0
speech/sim/nyc3/train/wide5.wav,nyc3,train,0
speech/sim/nyc3/train/wide6.wav,nyc3,train,0
speech/sim/nyc3/train/wide7.wav,nyc3,train,0
speech/sim/nyc3/train/wide8.wav,nyc3,train,0
speech/sim/nyc3/train/wide9.wav,nyc3,train,0
speech/sim/nyc3/train/zero1.wav,nyc3,train,0
speech/sim/nyc3/train/zero10.wav,nyc3,train,0
speech/sim/nyc3/train/zero11.wav,nyc3,train,0
speech/sim/nyc3/train/zero12.wav,nyc3,train,0
speech/sim/nyc3/train/zero2.wav,nyc3,train,0
speech/sim/nyc3/train/zero3.wav,nyc3,train,0
speech/sim/nyc3/train/zero4.wav,nyc3,train,0
speech/sim/nyc3/train/zero5.wav,nyc3,train,0
speech/sim/nyc3/train/zero6.wav,nyc3,train,0
speech/sim/nyc3/train/zero7.wav,nyc3,train,0
speech/sim/nyc3/train/zero8.wav,nyc3,train,0
speech/sim/nyc3/train/zero9.wav,nyc3,train,0
